item,date,price,prob,alert,momentum_alert,y,future_ret
계란,2026-01-01,6667.0,0.003908914818342865,False,False,0,0.049066748262446946
계란,2026-01-02,6857.0,0.00313269805809295,False,False,0,0.04470266871897155
계란,2026-01-03,6857.0,0.003269719236494209,False,False,0,0.040408602150537654
계란,2026-01-04,6857.0,0.0034942895369091133,False,False,0,0.03618287713609125
계란,2026-01-05,6857.0,0.002525111068968358,False,False,0,0.03202387503704007
계란,2026-01-06,6857.0,0.00220218408386097,False,False,0,0.027930027930027856
계란,2026-01-07,6857.0,0.0015926323029736913,False,False,0,0.02781902988976981
계란,2026-01-08,6857.0,0.0017353409781711137,False,False,0,0.027708910602304293
계란,2026-01-09,7047.0,0.0036063379322499815,False,False,0,0.023656851148602387
계란,2026-01-10,7047.0,0.003255449019732652,False,False,0,0.019636619194278504
계란,2026-01-11,7047.0,0.003384216999663797,False,False,0,0.015647841215590264
계란,2026-01-12,7047.0,0.00336992068321875,False,False,0,0.011690149510859449
계란,2026-01-13,7047.0,0.004953527888680994,False,False,0,0.007763182087478837
계란,2026-01-14,7047.0,0.0022715364894349754,False,False,0,0.0038665825515373786
계란,2026-01-15,7047.0,0.0026069749528207734,False,False,0,0.0
계란,2026-01-16,7047.0,0.003177538107470547,False,False,0,0.0
계란,2026-01-17,7047.0,0.0026448584753048948,False,False,0,0.0
계란,2026-01-18,7047.0,0.002374157897246086,False,False,0,0.0
계란,2026-01-19,7047.0,0.0024009956592342574,False,False,0,0.0
계란,2026-01-20,7047.0,0.0019609021455719404,False,False,0,0.0
계란,2026-01-21,7047.0,0.0017217494250878294,False,False,0,0.0
계란,2026-01-22,7047.0,0.0013065565535867142,False,False,0,-0.02240061627034806
계란,2026-01-23,7047.0,0.0010849044439517133,False,False,0,-0.04800421658659215
계란,2026-01-24,7047.0,0.0009272531011839503,False,False,0,-0.07360781690283602
계란,2026-01-25,7047.0,0.0010011790487260235,False,False,0,-0.09921141721908
계란,2026-01-26,7047.0,0.0010011790487260235,False,False,0,-0.12481501753532398
계란,2026-01-27,7047.0,0.001010933303775221,False,False,0,-0.15041861785156807
계란,2026-01-28,7047.0,0.000977943895822793,False,False,0,-0.17602221816781205
계란,2026-01-29,5942.0,0.002616240583332842,False,False,0,-0.15944343065693434
계란,2026-01-30,5784.0,0.0052465259237347555,False,False,0,-0.1419049849875429
계란,2026-01-31,5784.0,0.009890874963400919,False,False,0,-0.12339708521160675
계란,2026-02-01,5784.0,0.035567068061217254,False,False,0,-0.10383706537639259
계란,2026-02-02,5784.0,0.04952071730753478,False,False,0,-0.08313258593532857
계란,2026-02-03,5784.0,0.08072471225022063,True,False,0,-0.06118017609582671
계란,2026-02-04,5784.0,0.14889324704350598,True,False,0,-0.037863504403877424
계란,2026-02-05,5831.0,0.10281512429888327,True,False,0,-0.01625755519921046
계란,2026-02-06,5546.0,0.08182558083037633,True,False,0,0.0157083653870016
계란,2026-02-07,5546.0,0.14709505963404673,True,False,0,0.04805412017274513
계란,2026-02-08,5546.0,0.15641248771231275,True,False,0,0.08078651967554817
계란,2026-02-09,5546.0,0.12286799368976155,True,False,1,0.11391253821084812
계란,2026-02-10,5546.0,0.07996866533442795,False,False,1,0.14743931884610517
계란,2026-02-11,5546.0,0.08962040700134574,True,False,1,0.18137417853581206
계란,2026-02-12,6600.0,0.5555858533640846,True,False,1,0.14938810311967088
계란,2026-02-13,6600.0,0.636726651312581,True,False,1,0.12289274370877101
계란,2026-02-14,6600.0,0.4432233911897645,True,False,0,0.09772770579268308
계란,2026-02-15,6600.0,0.3196409434230988,True,True,0,0.07379525070867587
계란,2026-02-16,6600.0,0.3319389813061583,True,True,0,0.05631407057969695
계란,2026-02-17,6600.0,0.2941275539984011,True,True,0,0.03964913835112749
계란,2026-02-18,6600.0,0.21332010009187113,True,True,0,0.023744588744588624
계란,2026-02-19,6233.0,0.0974092196949639,True,True,0,0.04782580236947176
계란,2026-02-20,6727.0,0.3580951045500717,True,True,0,0.04382071366405582
계란,2026-02-21,6727.0,0.3135334265438571,True,True,0,0.03983769826632222
계란,2026-02-22,6727.0,0.32783653804997837,True,True,0,0.03587657419829493
계란,2026-02-23,6961.0,0.46427562579804876,True,True,0,0.02172839506172841
계란,2026-02-24,6961.0,0.46405131471870986,True,False,0,0.007797852394750393
계란,2026-02-25,6961.0,0.3772705399260325,True,False,0,-0.0059200372116624544
계란,2026-02-26,6961.0,0.042432869169249356,False,False,0,-0.0269234773555439
계란,2026-02-27,6676.0,0.030550594215421455,False,False,0,-0.025889023220911356
계란,2026-02-28,6676.0,0.05944534336128815,False,False,0,-0.02485236733927343
계란,2026-03-01,6676.0,0.05510424652122767,False,False,0,-0.023813502673796783
계란,2026-03-02,6676.0,0.02058211557768347,False,False,0,-0.017967091852816863
계란,2026-03-03,6676.0,0.015357565463944595,False,False,0,-0.012050230434231146
계란,2026-03-04,6676.0,0.015736094981779435,False,False,0,-0.013335602016291914
계란,2026-03-05,6676.0,0.015102117182011258,False,False,0,-0.01463665154497984
계란,2026-03-06,6676.0,0.010286160691657609,False,False,0,-0.02195497731746976
계란,2026-03-07,6676.0,0.01055701288939309,False,False,0,-0.02927330308995979
계란,2026-03-08,6676.0,0.010682558425584743,False,False,0,-0.03659162886244982
계란,2026-03-09,6676.0,0.004423999627782886,False,False,0,-0.03659162886244982
계란,2026-03-10,6676.0,0.004718690766178942,False,False,0,-0.03659162886244982
계란,2026-03-11,6334.0,0.0041240972952081125,False,False,0,-0.022116835524897627
계란,2026-03-12,6334.0,0.006881149742476652,False,False,0,-0.007427032661570521
계란,2026-03-13,6334.0,0.008871415862640916,False,False,0,0.0002844265523127554
계란,2026-03-14,6334.0,0.010864185396766247,False,False,0,0.008112159421567844
계란,2026-03-15,6334.0,0.011688885970664793,False,False,0,0.016058815690107142
계란,2026-03-16,6676.0,0.01392634482215659,False,False,0,0.008751277153391746
계란,2026-03-17,6676.0,0.014474368200936233,False,False,0,0.0014437386166763488
계란,2026-03-18,6676.0,0.014835775119745601,False,False,0,-0.013358610351820843
계란,2026-03-19,6676.0,0.009545257140247343,False,False,0,-0.027939439023322965
계란,2026-03-20,6347.0,0.00798613958121158,False,False,0,-0.019641724447166498
계란,2026-03-21,6347.0,0.00860280741760695,False,False,0,-0.01134872736814485
계란,2026-03-22,6347.0,0.009502005981175444,False,False,0,-0.003060443764345777
계란,2026-03-23,6347.0,0.010458217762310306,False,False,0,0.012792848335388518
계란,2026-03-24,6347.0,0.011421125159735378,False,False,0,0.02887750349324647
계란,2026-03-25,6347.0,0.011080954856531027,False,False,0,0.045198623709727936
계란,2026-03-26,6347.0,0.011386618030372091,False,False,0,0.06176146210808264
계란,2026-03-27,6739.0,0.01338289788928783,False,False,0,0.05220767051159059
계란,2026-03-28,6739.0,0.00861144688530667,False,False,0,0.04281954305177704
계란,2026-03-29,6739.0,0.005402747751259247,False,False,0,0.033592807806161584
계란,2026-03-30,6739.0,0.0044015332152874094,False,False,0,0.024523338478596335
계란,2026-03-31,6739.0,0.0034414582904544007,False,False,0,0.015607148246351565
계란,2026-04-01,6739.0,0.002574913163838021,False,False,0,0.006840383916547177
계란,2026-04-02,6739.0,0.002338774278076616,False,True,0,-0.0017806796260573243
계란,2026-04-03,6727.0,0.002017991389080786,False,True,0,-0.0015266851847925977
계란,2026-04-04,6727.0,0.00254685727093878,False,False,0,-0.0012725614541135855
계란,2026-04-05,6727.0,0.002689547061581874,False,False,0,-0.0007637312514585659
계란,2026-04-06,6727.0,0.0027961206136603964,False,False,0,-0.00025464190981427937
계란,2026-04-07,6727.0,0.004143058201810208,False,False,0,0.00025470676883232457
계란,2026-04-08,6727.0,0.004159038453313402,False,False,0,0.000764314982696801
계란,2026-04-09,6727.0,0.00456001924092435,False,False,0,0.0012741829301960994
계란,2026-04-10,6727.0,0.002149828250648226,False,False,0,0.001529019516235186
계란,2026-04-11,6727.0,0.0020097363724532547,False,False,0,0.0017838561022744948
계란,2026-04-12,6739.0,0.002171037363719555,False,False,0,0.001528629965393602
계란,2026-04-13,6739.0,0.0021509429633637337,False,False,0,0.001273533844161845
계란,2026-04-14,6739.0,0.0023092190945956923,False,False,0,0.0010185676392573395
계란,2026-04-15,6739.0,0.002375829437649854,False,False,0,0.0007637312514585659
계란,2026-04-16,6739.0,0.0022953165300269186,False,False,0,0.0002545122908228503
계란,2026-04-17,6739.0,0.0023341549263089195,False,False,0,-0.008311952672759304
계란,2026-04-18,6739.0,0.002150301009195638,False,False,0,-0.016874059313590317
계란,2026-04-19,6739.0,0.002212337461832515,False,False,0,-0.02518389756852435
계란,2026-04-20,6739.0,0.0026186057116425053,False,False,0,-0.03349373582345827
계란,2026-04-21,6739.0,0.002816109835460795,False,False,0,-0.04180357407839219
계란,2026-04-22,6739.0,0.0026686822070571413,False,False,0,-0.050113412333326224
계란,2026-04-23,6727.0,0.003500492716015589,False,False,0,-0.05792922117851618
계란,2026-04-24,6347.0,0.0040080138236479245,False,False,0,-0.04190810152023772
계란,2026-04-25,6347.0,0.007607456739474653,False,False,0,-0.020160855596524252
계란,2026-04-26,6347.0,0.00704511531137478,False,False,0,0.0019571599434597964
계란,2026-04-27,6347.0,0.007133230570999777,False,False,0,0.024455508521044722
계란,2026-04-28,6347.0,0.008832530942183973,False,False,0,0.04734408530784706
계란,2026-04-29,6347.0,0.011273829732918171,False,False,0,0.07063313173692776
계란,2026-04-30,6347.0,0.015462311110331872,False,False,0,0.09403767809313734
계란,2026-05-01,6727.0,0.03505755698459604,False,False,0,0.0904059452342163
계란,2026-05-02,6980.0,0.020991520677059783,False,False,0,0.07521675982571185
계란,2026-05-03,6980.0,0.01584264023478927,False,False,0,0.06044492674986435
계란,2026-05-04,6980.0,0.02003531259349646,False,False,0,0.04065684679284076
계란,2026-05-05,6980.0,0.01276394628137013,False,False,0,0.021397942586764085
계란,2026-05-06,6980.0,0.01112180409434072,False,True,0,0.0026472672697710475
계란,2026-05-07,6980.0,0.009434543119159623,False,True,0,-0.015615034871520606
계란,2026-05-08,6980.0,0.007613034140985216,False,True,0,-0.02693409742120345
계란,2026-05-09,6980.0,0.006635292056203909,False,True,0,-0.03315595579205899
계란,2026-05-10,6980.0,0.006480979667892108,False,True,0,-0.039377814162914526
계란,2026-05-11,6727.0,0.005909694516859624,False,False,0,-0.035426996111671105
계란,2026-05-12,6727.0,0.009372996730816797,False,False,0,-0.031434834760309394
계란,2026-05-13,6727.0,0.009915619076668141,False,False,0,-0.02740067774058741
계란,2026-05-14,6727.0,0.009464680586893825,False,False,0,-0.023323858886473814
계란,2026-05-15,6676.0,0.004814837286255221,False,False,0,-0.0170789163722026
계란,2026-05-16,6676.0,0.0020631360227214403,False,False,0,-0.010753598645215856
계란,2026-05-17,6676.0,0.0016616140893820522,False,False,0,0.007797852394750393
계란,2026-05-18,6676.0,0.001872952691178159,False,False,0,0.02105150901141095
계란,2026-05-19,6676.0,0.0020845185617985843,False,False,0,0.034334030832301465
계란,2026-05-20,6676.0,0.002784680090902074,False,False,0,0.047645512258726264
계란,2026-05-21,6676.0,0.004186503191862461,False,False,0,0.060986048104082924
계란,2026-05-22,6676.0,0.003332396006565813,False,False,0,0.06207737738594532
계란,2026-05-23,6676.0,0.002896500404907172,False,False,0,0.06316870666780794
계란,2026-05-24,7246.0,0.014859517590964095,False,False,0,0.03938522684030277
계란,2026-05-25,7246.0,0.00903386969207609,False,False,0,0.016168114973261982
계란,2026-05-26,7246.0,0.008328492737862918,False,False,0,-0.006502621691920285
계란,2026-05-27,7246.0,0.0061312904434483164,False,False,0,-0.02864604586631847
계란,2026-05-28,7246.0,0.005904278312274086,False,True,0,-0.050280343673107186
계란,2026-05-29,6727.0,0.003649898436880216,False,True,0,-0.05597082586182589
계란,2026-05-30,6727.0,0.005486248528453206,False,True,0,-0.06164962563400689
계란,2026-05-31,6727.0,0.006097284355564119,False,False,0,-0.05650361029187434
계란,2026-06-01,6727.0,0.00560065629697775,False,False,0,-0.05124779015746406
계란,2026-06-02,6727.0,0.0050205912949764136,False,False,0,-0.045878612836869115
계란,2026-06-03,6727.0,0.006865553799822365,False,False,0,-0.04039237103007898
계란,2026-06-04,6727.0,0.00926072867940029,False,False,0,-0.034785193994351093
계란,2026-06-05,6493.0,0.0060226681615755595,False,False,0,-0.02996478497492261
계란,2026-06-06,6493.0,0.012432047370599343,False,False,0,-0.025095986787070146
계란,2026-06-07,6493.0,0.009665389089728608,False,False,0,-0.002436027335244728
계란,2026-06-08,6493.0,0.010689230582841248,False,False,0,0.020453708317985653
계란,2026-06-09,6493.0,0.010386205751385071,False,False,0,0.031163570635249105
계란,2026-06-10,6493.0,0.010522917511444886,False,False,0,0.04198314545255544
계란,2026-06-11,6493.0,0.01125702165638119,False,False,0,0.05133000374029173
계란,2026-06-12,6493.0,0.004648355047567847,False,False,0,0.05531231436052009
계란,2026-06-13,6493.0,0.0047026233317989325,False,False,0,0.059294624980748445
계란,2026-06-14,7316.0,0.18580894555973604,True,False,0,0.026580801313912827
계란,2026-06-15,7316.0,0.021118831231179677,False,False,0,-0.004989702104167937
계란,2026-06-16,6746.0,0.005911189936833346,False,False,0,-0.011826821541710664
계란,2026-06-17,6746.0,0.012798190515999387,False,False,0,-0.01859126525639143
계란,2026-06-18,6674.0,0.009565722573351568,False,True,0,-0.014502762430939176
계란,2026-06-19,6674.0,0.008686747197602335,False,True,0,-0.023496299384968222
계란,2026-06-20,6674.0,0.008977449943386454,False,True,0,-0.0324222157603955
계란,2026-06-21,6674.0,0.010097370961220865,False,False,0,-0.024671606601549323
계란,2026-06-22,6674.0,0.014687960600617547,False,False,0,-0.0167086338611242
계란,2026-06-23,6674.0,0.015581643322881818,False,False,0,-0.020602692883094798
계란,2026-06-24,6674.0,0.01632897425162019,False,False,0,-0.0245087546555931
계란,2026-06-25,7047.0,0.05983649603522649,False,False,0,-0.04476439234673302
계란,2026-06-26,6421.0,0.00888322556769743,False,False,0,-0.03883598787309439
계란,2026-06-27,6421.0,0.03153390239262766,False,False,0,-0.03284318986798329
계란,2026-06-28,6421.0,0.016691250685332223,False,False,0,-0.0267849434516102
계란,2026-06-29,6421.0,0.011754985381246153,False,False,0,-0.004448881269124683
계란,2026-06-30,6421.0,0.007782464433478464,False,False,0,0.018133810500589265
계란,2026-07-01,6421.0,0.008562815264696724,False,False,0,0.04096723937419089
계란,2026-07-02,6457.0,0.00930683217519936,False,False,0,0.06798123735633466
계란,2026-07-03,6457.0,0.010918450041704348,False,False,0,0.0804771318776516
계란,2026-07-04,6457.0,0.013028605967922007,False,False,0,0.09295305737432025
계란,2026-07-05,6457.0,0.010535282568681774,False,False,1,0.10540906167527897
계란,2026-07-06,7204.0,0.11535639553145047,True,False,0,0.08335876531368513
계란,2026-07-07,7204.0,0.016540194209916235,False,False,0,0.062048567203206284
계란,2026-07-08,7204.0,0.0134281422198883,False,False,0,0.0414418212478922
계란,2026-07-09,7058.0,0.013132269898020302,False,True,0,0.02841323036572918
계란,2026-07-10,7058.0,0.010489499203317189,False,True,0,0.015706591011882765
계란,2026-07-11,7058.0,0.010600847102380828,False,True,0,0.0033101151432690656
계란,2026-07-12,7058.0,0.014977620812483014,False,True,0,-0.008787416740229537
계란,2026-07-13,7058.0,0.01439788315285415,False,True,0,-0.005875487947201052
계란,2026-07-14,7058.0,0.02280335514636322,False,True,0,-0.0029463997416855348
계란,2026-07-15,7058.0,0.021875079108275363,False,False,0,0.0
계란,2026-07-16,7058.0,0.01415284094263322,False,False,0,0.0
계란,2026-07-17,7058.0,0.008187215886984248,False,False,0,0.0
계란,2026-07-18,7058.0,0.008096379955967058,False,False,0,0.0
계란,2026-07-19,7058.0,0.008144013122360676,False,False,0,0.0
계란,2026-07-20,7058.0,0.0020266364252472147,False,False,0,0.0
계란,2026-07-21,7058.0,0.0021033085691778597,False,False,0,0.0
계란,2026-07-22,7058.0,0.0019951492032221985,False,False,0,0.0
계란,2026-07-23,7058.0,0.0019160791326476205,False,False,0,0.0
계란,2026-07-24,7058.0,0.0019122644041984214,False,False,0,0.024592154799012222
계란,2026-07-25,7058.0,0.0015199271507643484,False,False,0,0.049184309598024445
계란,2026-07-26,7058.0,0.0016091505645549555,False,False,0,0.07377646439703667
계란,2026-07-27,7058.0,0.0019453367839247988,False,False,0,0.09836861919604911
계란,2026-07-28,7058.0,0.001670175712445127,False,False,1,0.12296077399506133
계란,2026-07-29,7058.0,0.0017887199644439095,False,False,1,0.14755292879407356
계란,2026-07-30,7058.0,0.0018509586575616553,False,False,1,0.17214508359308578
계란,2026-07-31,8273.0,0.2713308546706513,True,False,1,0.14401137867683378
계란,2026-08-01,8273.0,0.0518032652848002,False,False,1,0.11719654294312831
계란,2026-08-02,8273.0,0.04925563881909415,False,True,0,0.09160996022695156
계란,2026-08-03,8273.0,0.041033041859455395,False,True,0,0.06716912984188994
계란,2026-08-04,8273.0,0.04208466651511211,False,True,0,0.043798777960022406
계란,2026-08-05,8273.0,0.0385585204519513,False,True,0,0.021430083251023024
계란,2026-08-06,8273.0,0.030919212482839867,False,True,0,0.0
계란,2026-08-07,8273.0,0.03143024118410286,False,True,0,0.0
계란,2026-08-08,8273.0,0.03347572040689113,False,True,0,0.0
계란,2026-08-09,8273.0,0.03336761532413437,False,True,0,0.0
계란,2026-08-10,8273.0,0.03121129051601215,False,True,0,0.0
계란,2026-08-11,8273.0,0.029316884314561975,False,False,0,0.0
계란,2026-08-12,8273.0,0.02985026140927289,False,False,0,0.0
계란,2026-08-13,8273.0,0.03222287020386615,False,False,0,0.0
계란,2026-08-14,8273.0,0.0025008973997361628,False,False,0,-0.03952616946694065
계란,2026-08-15,8273.0,0.0026057801912226872,False,False,0,-0.0790523389338813
계란,2026-08-16,8273.0,0.005503006683334858,False,False,0,-0.09676918029389925
계란,2026-08-17,8273.0,0.00490444005608102,False,False,0,-0.11448602165391719
계란,2026-08-18,8273.0,0.005025039928330259,False,False,0,-0.12213569097408095
계란,2026-08-19,8273.0,0.004779668413154026,False,False,0,-0.1297853602942446
계란,2026-08-20,8273.0,0.00414540562206485,False,False,0,-0.13743502961440834
계란,2026-08-21,5984.0,0.005303846247702781,False,False,0,-0.06874977526877857
계란,2026-08-22,5984.0,0.01904035613748628,False,False,0,0.005831286445540318
계란,2026-08-23,7247.0,0.2979452500950326,True,False,0,0.03670636817251993
계란,2026-08-24,7247.0,0.1010320704486445,True,False,0,0.06881691074667029
계란,2026-08-25,7830.0,0.1573089139942257,True,False,0,0.07813053227900402
계란,2026-08-26,7830.0,0.12603638041000265,True,False,0,0.07603928961206452
계란,2026-08-27,7830.0,0.11907265754186463,True,False,0,0.07391095451633567
계란,2026-08-28,7830.0,0.062359169354064055,False,False,0,0.03563844163867347
계란,2026-08-29,7830.0,0.037669253359227835,False,False,0,0.0
계란,2026-08-30,7830.0,0.018058111372228264,False,False,0,-0.010751101849632017
계란,2026-08-31,7830.0,0.016187672724398642,False,True,0,-0.021273490239007486
계란,2026-09-01,7830.0,0.023640016254818638,False,True,0,-0.021273490239007486
계란,2026-09-02,7247.0,0.009663250992678453,False,True,0,-0.010751101849632017
계란,2026-09-03,7247.0,0.03496290787595203,False,True,0,0.0
계란,2026-09-04,7830.0,0.031364840512547676,False,False,0,-0.010867944224890014
계란,2026-09-05,7830.0,0.019088497568996235,False,False,0,-0.021735888449780028
계란,2026-09-06,7830.0,0.013375952144695622,False,False,0,-0.03260383267467004
깐마늘,2026-01-01,10933.0,0.016951665223006496,False,True,0,-0.04092236899930202
깐마늘,2026-01-02,10600.0,0.013306277525595258,False,True,0,-0.03468373533161606
깐마늘,2026-01-03,10600.0,0.012401200144797007,False,True,0,-0.02836340779928237
깐마늘,2026-01-04,10600.0,0.013763359618488551,False,True,0,-0.021959771175493636
깐마늘,2026-01-05,10600.0,0.01420389045421629,False,False,0,-0.015471167369901617
깐마늘,2026-01-06,10600.0,0.010974759618346767,False,False,0,-0.008895893997275084
깐마늘,2026-01-07,10600.0,0.011612871128527123,False,False,0,-0.004467819623522495
깐마늘,2026-01-08,10600.0,0.013030110226660936,False,False,0,-0.006293800539083572
깐마늘,2026-01-09,10600.0,0.0024616645381644498,False,False,0,-0.014110512129380082
깐마늘,2026-01-10,10600.0,0.002821578879019736,False,False,0,-0.02192722371967648
깐마늘,2026-01-11,10600.0,0.0021838475294867184,False,False,0,-0.02974393530997299
깐마늘,2026-01-12,10600.0,0.0016639480845871064,False,False,0,-0.0375606469002695
깐마늘,2026-01-13,10600.0,0.0017645373096692443,False,False,0,-0.04537735849056601
깐마늘,2026-01-14,10600.0,0.0016830276563320101,False,False,0,-0.05319407008086252
깐마늘,2026-01-15,10133.0,0.0022490906067761476,False,False,0,-0.049041813028087744
깐마늘,2026-01-16,10020.0,0.006325767269623534,False,False,0,-0.041816466857135026
깐마늘,2026-01-17,10020.0,0.00743516906113597,False,False,0,-0.03447563143317778
깐마늘,2026-01-18,10020.0,0.008627768531111454,False,False,0,-0.027016515494561966
깐마늘,2026-01-19,10020.0,0.00787348046314017,False,False,0,-0.01943623709968767
깐마늘,2026-01-20,10020.0,0.0067991862862913175,False,False,0,-0.011731819914446717
깐마늘,2026-01-21,10020.0,0.007648726076117795,False,False,0,-0.003900189315758751
깐마늘,2026-01-22,9997.0,0.006711303167580919,False,False,0,0.016900323744598156
깐마늘,2026-01-23,9997.0,0.008844558376488537,False,False,0,0.036108654093075065
깐마늘,2026-01-24,9997.0,0.008413521596657817,False,False,0,0.05532959426867046
깐마늘,2026-01-25,9997.0,0.01116346704784984,False,False,0,0.07456315669255376
깐마늘,2026-01-26,9997.0,0.01685021577994329,False,False,0,0.09380935380221334
깐마늘,2026-01-27,9997.0,0.026455741696615652,False,False,1,0.11306819805148427
깐마늘,2026-01-28,9997.0,0.03431015405303032,False,False,1,0.1323397019105732
깐마늘,2026-01-29,11320.0,0.33414132563569576,True,False,0,0.08818826961375548
깐마늘,2026-01-30,11320.0,0.0816056380685285,True,False,0,0.045645438898451074
깐마늘,2026-01-31,11320.0,0.06764338300299172,False,True,0,0.004624871531346386
깐마늘,2026-02-01,11320.0,0.04441650034760243,False,True,0,-0.03495370062839609
깐마늘,2026-02-02,11320.0,0.0594219345895983,False,True,0,-0.07316499986944158
깐마늘,2026-02-03,11320.0,0.06239498664307496,False,True,0,-0.11007867346022049
깐마늘,2026-02-04,11320.0,0.05966426814853376,False,True,0,-0.14575971731448767
깐마늘,2026-02-05,9670.0,0.017039117120388903,False,True,0,-0.12742621471839144
깐마늘,2026-02-06,9670.0,0.089695995378813,True,False,0,-0.10829602317619169
깐마늘,2026-02-07,9670.0,0.06280340397218834,False,False,0,-0.08831605868892178
깐마늘,2026-02-08,9670.0,0.0449374117251187,False,False,0,-0.06742841409691636
깐마늘,2026-02-09,9670.0,0.053482604461414784,False,False,0,-0.04556979856317789
깐마늘,2026-02-10,9670.0,0.06988542778815993,False,False,0,-0.022670897029131942
깐마늘,2026-02-11,9670.0,0.10863902918373117,True,False,0,0.0013443640124095602
깐마늘,2026-02-12,9683.0,0.08366896664590932,True,False,0,0.0011077795666367685
깐마늘,2026-02-13,9683.0,0.10722553708615477,True,False,0,0.000871285959005208
깐마늘,2026-02-14,9683.0,0.1160039715241415,True,False,0,0.0006348831372084973
깐마늘,2026-02-15,9683.0,0.19054260736532608,True,False,0,0.00039857104898000095
깐마늘,2026-02-16,9683.0,0.38766508481704864,True,False,0,0.00016234964209282943
깐마늘,2026-02-17,9683.0,0.3506868893038532,True,False,0,-7.378113563927258e-05
깐마늘,2026-02-18,9683.0,0.39100278527969856,True,False,0,-0.00030982133636270337
깐마늘,2026-02-19,9680.0,0.21784259709209383,True,False,0,-0.00026557289976103515
깐마늘,2026-02-20,9680.0,0.17842101209312214,True,False,0,-0.00022132054592394201
깐마늘,2026-02-21,9680.0,0.09704757088292346,True,False,0,-0.00017706427433161753
깐마늘,2026-02-22,9680.0,0.10735428939487027,True,False,0,-0.0001328040844633671
깐마늘,2026-02-23,9680.0,0.11844986382365377,True,False,0,-8.853997579905126e-05
깐마늘,2026-02-24,9680.0,0.20094682509788178,True,False,0,0.04235349674601174
깐마늘,2026-02-25,9680.0,0.20750927652949672,True,False,0,0.08479929161747357
깐마늘,2026-02-26,9680.0,0.2549870782373885,True,False,1,0.12719893742621013
깐마늘,2026-02-27,9680.0,0.22023193255748816,True,False,1,0.16959858323494692
깐마늘,2026-02-28,9680.0,0.22847365901713623,True,False,1,0.21199822904368348
깐마늘,2026-03-01,9680.0,0.2538010900453537,True,False,1,0.2543978748524205
깐마늘,2026-03-02,9680.0,0.1321956258448534,True,False,1,0.29679752066115705
깐마늘,2026-03-03,12553.0,0.8451877051011654,True,False,1,0.24405023147820426
깐마늘,2026-03-04,12553.0,0.5047379598215064,True,True,1,0.19542622370962914
깐마늘,2026-03-05,12553.0,0.2720986959195492,True,True,1,0.15046020503017843
깐마늘,2026-03-06,12553.0,0.09145765415060343,True,True,1,0.10875435320244287
깐마늘,2026-03-07,12553.0,0.054214652964147354,False,True,0,0.06996651445966506
깐마늘,2026-03-08,12553.0,0.056076500964022384,False,True,0,0.033800795312830756
깐마늘,2026-03-09,12553.0,0.06085001814691645,False,True,0,0.0
깐마늘,2026-03-10,12553.0,0.05115259519079888,False,True,0,0.0
깐마늘,2026-03-11,12553.0,0.043495207146286734,False,True,0,0.0
깐마늘,2026-03-12,12553.0,0.048423183520594784,False,True,0,0.007590672690648725
깐마늘,2026-03-13,12553.0,0.06187808527364854,False,True,0,0.015181345381297673
깐마늘,2026-03-14,12553.0,0.07501416952790722,False,True,0,0.0227720180719464
깐마늘,2026-03-15,12553.0,0.10096775228638576,True,False,0,0.030362690762595124
깐마늘,2026-03-16,12553.0,0.056771524099817894,False,False,0,0.03795336345324385
깐마늘,2026-03-17,12553.0,0.0029628623849197043,False,False,0,0.0455440361438928
깐마늘,2026-03-18,12553.0,0.002324467247280282,False,False,0,0.05313470883454152
깐마늘,2026-03-19,13220.0,0.011156946556292359,False,False,0,0.052734419119474074
깐마늘,2026-03-20,13220.0,0.008156113407212463,False,False,0,0.05234011546437989
깐마늘,2026-03-21,13220.0,0.0071302628003150105,False,False,0,0.05195166458963851
깐마늘,2026-03-22,13220.0,0.0058466490662472444,False,False,0,0.05156893714310962
깐마늘,2026-03-23,13220.0,0.004536394089693083,False,False,0,0.05119180755652031
깐마늘,2026-03-24,13220.0,0.0037357004802502786,False,False,0,0.05082015390811234
깐마늘,2026-03-25,13220.0,0.0031622358452662383,False,True,0,0.050453857791225465
깐마늘,2026-03-26,13887.0,0.005030390463772851,False,True,0,0.028624459536300995
깐마늘,2026-03-27,13887.0,0.0024367856113468632,False,True,0,0.007105268764514117
깐마늘,2026-03-28,13887.0,0.0022126003376662915,False,True,0,-0.014110280195893887
깐마늘,2026-03-29,13887.0,0.001853400423021509,False,True,0,-0.035028569027812706
깐마늘,2026-03-30,13887.0,0.001658150941775559,False,True,0,-0.05565580182529328
깐마늘,2026-03-31,13887.0,0.0015061849784229699,False,True,0,-0.07599801122827365
깐마늘,2026-04-01,13887.0,0.0015572313990304908,False,True,0,-0.09606106430474548
깐마늘,2026-04-02,12553.0,0.0018807572397117804,False,False,0,-0.07235462842242502
깐마늘,2026-04-03,12553.0,0.0031156194490839615,False,False,0,-0.04853978697073236
깐마늘,2026-04-04,12553.0,0.00385393197771933,False,False,0,-0.024043258553542057
깐마늘,2026-04-05,12553.0,0.004904941382837603,False,False,0,0.0011646512032914558
깐마늘,2026-04-06,12553.0,0.0049345776103927085,False,False,0,0.02711538673941627
깐마늘,2026-04-07,12553.0,0.006446921011148663,False,False,0,0.05384227341516734
깐마늘,2026-04-08,12553.0,0.009093221653585797,False,False,0,0.08138066028610136
깐마늘,2026-04-09,13620.0,0.03224961217760216,False,False,0,0.05581416267512207
깐마늘,2026-04-10,13567.0,0.012234533848330243,False,False,0,0.032050426894343564
깐마늘,2026-04-11,13567.0,0.01509088781417746,False,False,0,0.008816480882967381
깐마늘,2026-04-12,13567.0,0.014606449363842759,False,False,0,-0.013905196781909157
깐마늘,2026-04-13,13567.0,0.015290013182289099,False,False,0,-0.03613136331376221
깐마늘,2026-04-14,13567.0,0.01035472096759104,False,True,0,-0.05787805293166548
깐마늘,2026-04-15,13567.0,0.01023909604670848,False,True,0,-0.07916061543642527
깐마늘,2026-04-16,12500.0,0.005782542651811714,False,True,0,-0.056814551340759634
깐마늘,2026-04-17,12500.0,0.013845940685381244,False,False,0,-0.034480529972531926
깐마늘,2026-04-18,12500.0,0.015012276419916365,False,False,0,-0.011627146717810177
깐마늘,2026-04-19,12500.0,0.016983673952038123,False,False,0,0.011763927630345838
깐마늘,2026-04-20,12500.0,0.030105643628410728,False,False,0,0.03571189503982852
깐마늘,2026-04-21,12500.0,0.038570187334838454,False,False,0,0.060236882811882664
깐마늘,2026-04-22,12500.0,0.05924512517422885,False,False,0,0.0853600000000001
깐마늘,2026-04-23,13567.0,0.18727031471446084,True,False,0,0.0722842593742592
깐마늘,2026-04-24,13567.0,0.05655913535429023,False,False,0,0.059519825066381093
깐마늘,2026-04-25,13567.0,0.06106918747300343,False,False,0,0.047055710521383576
깐마늘,2026-04-26,13567.0,0.05909372145549569,False,False,0,0.03488144015343031
깐마늘,2026-04-27,13567.0,0.059079131600504604,False,False,0,0.02298701998168795
깐마늘,2026-04-28,13567.0,0.0323007819636517,False,True,0,0.011362910268151838
깐마늘,2026-04-29,13567.0,0.033949262756647794,False,True,0,0.0
깐마늘,2026-04-30,13567.0,0.02182716728247192,False,True,0,-0.01123524518527097
깐마늘,2026-05-01,13567.0,0.012373525669627539,False,True,0,-0.02247049037054194
깐마늘,2026-05-02,13567.0,0.011908231974054526,False,False,0,-0.03370573555581291
깐마늘,2026-05-03,13567.0,0.01585681096469939,False,False,0,-0.04494098074108399
깐마늘,2026-05-04,13567.0,0.024076490092459078,False,False,0,-0.05617622592635485
깐마늘,2026-05-05,13567.0,0.023233798059223494,False,False,0,-0.06741147111162593
깐마늘,2026-05-06,13567.0,0.021999371046868225,False,False,0,-0.0786467162968969
깐마늘,2026-05-07,12500.0,0.0033552273975416087,False,False,0,-0.06817746160891147
깐마늘,2026-05-08,12500.0,0.005536080260840147,False,False,0,-0.057467549954219876
깐마늘,2026-05-09,12500.0,0.005640764050689124,False,False,0,-0.0465085868712406
깐마늘,2026-05-10,12500.0,0.007207262311293518,False,False,0,-0.035291782891037515
깐마늘,2026-05-11,12500.0,0.006457893341309867,False,False,0,-0.02380793002655246
깐마늘,2026-05-12,12500.0,0.009775490521812381,False,False,0,-0.012047376562376422
깐마늘,2026-05-13,12500.0,0.008956705744086675,False,False,0,0.0
깐마늘,2026-05-14,12500.0,0.009006847556116599,False,False,0,0.012194285714285602
깐마늘,2026-05-15,12500.0,0.008021276240570962,False,False,0,0.024388571428571426
깐마늘,2026-05-16,12500.0,0.00523515820674235,False,False,0,0.03658285714285703
깐마늘,2026-05-17,12500.0,0.003838485617764802,False,False,0,0.04877714285714285
깐마늘,2026-05-18,12500.0,0.0063817214639002575,False,False,0,0.060971428571428454
깐마늘,2026-05-19,12500.0,0.005714766067202754,False,False,0,0.07316571428571428
깐마늘,2026-05-20,12500.0,0.006141685701733915,False,False,0,0.0853600000000001
깐마늘,2026-05-21,13567.0,0.0473976079329466,False,False,0,0.0722842593742592
깐마늘,2026-05-22,13567.0,0.018707689967214152,False,False,0,0.059519825066381093
깐마늘,2026-05-23,13567.0,0.012477884762278341,False,False,0,0.047055710521383576
깐마늘,2026-05-24,13567.0,0.009397022133126787,False,False,0,0.03488144015343031
깐마늘,2026-05-25,13567.0,0.011213471908778954,False,True,0,0.02298701998168795
깐마늘,2026-05-26,13567.0,0.014457841720898207,False,True,0,0.011362910268151838
깐마늘,2026-05-27,13567.0,0.010684656676338536,False,True,0,0.0
깐마늘,2026-05-28,13567.0,0.017788209150667565,False,True,0,0.0
깐마늘,2026-05-29,13567.0,0.017284815805984694,False,True,0,0.0
깐마늘,2026-05-30,13567.0,0.015795401421276552,False,False,0,0.0
깐마늘,2026-05-31,13567.0,0.022018503934513274,False,False,0,0.0
깐마늘,2026-06-01,13567.0,0.015023619956980388,False,False,0,0.0
깐마늘,2026-06-02,13567.0,0.01196895876492566,False,False,0,0.0
깐마늘,2026-06-03,13567.0,0.013344925801995344,False,False,0,0.0
깐마늘,2026-06-04,13567.0,0.0035254638417692094,False,False,0,0.0
깐마늘,2026-06-05,13567.0,0.0031560872422883206,False,False,0,0.0
깐마늘,2026-06-06,13567.0,0.0027782023251193607,False,False,0,0.0
깐마늘,2026-06-07,13567.0,0.0027677919774177734,False,False,0,0.0
깐마늘,2026-06-08,13567.0,0.0031218997087653993,False,False,0,0.0
깐마늘,2026-06-09,13567.0,0.003265688081048208,False,False,0,0.0
깐마늘,2026-06-10,13567.0,0.0036225057379218545,False,False,0,0.0
깐마늘,2026-06-11,13567.0,0.003385859512713173,False,False,0,0.0
깐마늘,2026-06-12,13567.0,0.003385859512713173,False,False,0,0.0
깐마늘,2026-06-13,13567.0,0.003437599735944058,False,False,0,0.0
깐마늘,2026-06-14,13567.0,0.004278010142419099,False,False,0,0.0
깐마늘,2026-06-15,13567.0,0.004097774416190545,False,False,0,0.0
깐마늘,2026-06-16,13567.0,0.004038984814692248,False,False,0,0.0
깐마늘,2026-06-17,13567.0,0.0037997532067468127,False,False,0,0.0
깐마늘,2026-06-18,13567.0,0.003236699541386271,False,False,0,0.0
깐마늘,2026-06-19,13567.0,0.003396448873519429,False,False,0,0.0
깐마늘,2026-06-20,13567.0,0.0034824650976609394,False,False,0,0.0
깐마늘,2026-06-21,13567.0,0.0036805462430369086,False,False,0,0.0
깐마늘,2026-06-22,13567.0,0.0033622532449658665,False,False,0,0.0
깐마늘,2026-06-23,13567.0,0.003349933243382949,False,False,0,0.0
깐마늘,2026-06-24,13567.0,0.0032050300482105577,False,False,0,0.0
깐마늘,2026-06-25,13567.0,0.0032050300482105577,False,False,0,-0.019585338373574568
깐마늘,2026-06-26,13567.0,0.0037536215992026245,False,False,0,-0.039170676747149025
깐마늘,2026-06-27,13567.0,0.005320688258548926,False,False,0,-0.05875601512072359
깐마늘,2026-06-28,13567.0,0.005320688258548926,False,False,0,-0.07834135349429816
깐마늘,2026-06-29,13567.0,0.0064803647791575715,False,False,0,-0.09792669186787273
깐마늘,2026-06-30,13567.0,0.0064803647791575715,False,False,0,-0.11751203024144719
깐마늘,2026-07-01,13567.0,0.006307841402258782,False,False,0,-0.13709736861502175
깐마늘,2026-07-02,11707.0,0.006524861166145205,False,False,0,-0.11617566508071187
깐마늘,2026-07-03,11707.0,0.021799964472704082,False,False,0,-0.09440103453188531
깐마늘,2026-07-04,11707.0,0.027495830838312404,False,False,0,-0.07172023403327032
깐마늘,2026-07-05,11707.0,0.026006917408105068,False,False,0,-0.04807549497880703
깐마늘,2026-07-06,11707.0,0.022828497349845957,False,False,0,-0.023404031796799285
깐마늘,2026-07-07,11707.0,0.02586823618282414,False,False,0,0.0023625147657171386
깐마늘,2026-07-08,11707.0,0.032543788468450734,False,False,0,0.029298710173400577
깐마늘,2026-07-09,12050.0,0.13221357876613943,True,False,0,-0.008895153842414905
깐마늘,2026-07-10,12050.0,0.10401218412476645,True,False,0,-0.04677194893205061
깐마늘,2026-07-11,12050.0,0.12635266866488878,True,False,0,-0.08433560702836906
깐마늘,2026-07-12,12050.0,0.14544951996067412,True,False,0,-0.12158999531930725
깐마늘,2026-07-13,12050.0,0.1524140194826453,True,False,0,-0.160451329126028
깐마늘,2026-07-14,12050.0,0.22095379280483732,True,False,0,-0.19899532181841983
깐마늘,2026-07-15,12050.0,0.27886235355031747,True,False,0,-0.2372258446947244
깐마늘,2026-07-16,9260.0,0.09059176367064516,True,False,0,-0.18701569396763118
깐마늘,2026-07-17,9260.0,0.1557156400065356,True,False,0,-0.13324869874317646
깐마늘,2026-07-18,9260.0,0.16438937942332474,True,False,0,-0.07553303500921293
깐마늘,2026-07-19,9260.0,0.17084879754829527,True,False,0,-0.01341713348818152
깐마늘,2026-07-20,9100.0,0.31377576402997265,True,False,0,0.05830011389521639
깐마늘,2026-07-21,9100.0,0.5100091032058,True,False,1,0.1363055431713478
깐마늘,2026-07-22,9100.0,0.5640237045227382,True,False,1,0.21627292508548335
깐마늘,2026-07-23,11227.0,0.8840809361491928,True,False,1,0.16410032123305252
깐마늘,2026-07-24,11227.0,0.7795578613573743,True,False,1,0.11493394264288015
깐마늘,2026-07-25,11227.0,0.7532389823142349,True,False,0,0.06852123403710086
깐마늘,2026-07-26,11227.0,0.7607264207379696,True,False,0,0.02463715931752719
깐마늘,2026-07-27,11227.0,0.7649583799529025,True,True,0,-0.019035447635703195
깐마늘,2026-07-28,11227.0,0.6856791255353357,True,True,0,-0.06027830817922619
깐마늘,2026-07-29,10893.0,0.42221301766256114,True,True,0,-0.09117628266564437
깐마늘,2026-07-30,10160.0,0.0444352442165238,False,True,0,-0.064789863709385
깐마늘,2026-07-31,10160.0,0.247393234777962,True,True,0,-0.03766371960431414
깐마늘,2026-08-01,10160.0,0.24059655716008332,True,True,0,-0.00976630159618408
깐마늘,2026-08-02,10160.0,0.23463438500020017,True,False,0,0.01893575898468658
깐마늘,2026-08-03,10160.0,0.1705043931318746,True,False,0,0.04847778387273727
깐마늘,2026-08-04,10160.0,0.12568180349234637,True,False,0,0.0788971928799076
깐마늘,2026-08-05,10160.0,0.07046627591290769,False,False,1,0.10501968503937009
깐마늘,2026-08-06,11227.0,0.33161287574254233,True,False,0,0.06503941152839166
깐마늘,2026-08-07,11227.0,0.06807801929450069,False,False,0,0.026223823955005887
깐마늘,2026-08-08,11227.0,0.0648755297070745,False,False,0,-0.01147724061839861
깐마늘,2026-08-09,11227.0,0.07016987330275322,False,False,0,-0.04811110521568418
깐마늘,2026-08-10,11227.0,0.04878777184409489,False,False,0,-0.08372245111503496
깐마늘,2026-08-11,11227.0,0.03919843840314725,False,True,0,-0.11835349965171182
깐마늘,2026-08-12,11227.0,0.04232498920708345,False,True,0,-0.15204417921083102
깐마늘,2026-08-13,9520.0,0.02540614061652987,False,True,0,-0.10928435784709034
깐마늘,2026-08-14,9520.0,0.11206174021398851,True,False,0,-0.06458264050548712
깐마늘,2026-08-15,9520.0,0.08537359412414652,True,False,0,-0.017803669624870566
깐마늘,2026-08-16,9520.0,0.1560128478911407,True,False,0,0.031200791516283077
깐마늘,2026-08-17,9520.0,0.07769931613514047,False,False,0,0.08259342792702751
깐마늘,2026-08-18,9520.0,0.06902851385575877,False,False,1,0.13655317716944415
깐마늘,2026-08-19,9520.0,0.08427860658929444,True,False,1,0.19327731092436973
깐마늘,2026-08-20,11360.0,0.1923148542817613,True,False,1,0.13240362149532703
깐마늘,2026-08-21,11360.0,0.023722229992490743,False,False,0,0.07471558589306015
깐마늘,2026-08-22,11360.0,0.018282420148709354,False,False,0,0.019969512195121775
깐마늘,2026-08-23,11360.0,0.02514882892251867,False,False,0,-0.032054054054053926
깐마늘,2026-08-24,11360.0,0.02327578687542579,False,True,0,-0.08155327004219404
깐마늘,2026-08-25,11360.0,0.021948111810331707,False,True,0,-0.128707518022657
깐마늘,2026-08-26,11360.0,0.022016359858733264,False,True,0,-0.17367957746478868
깐마늘,2026-08-27,9387.0,0.007273247472491725,False,True,0,-0.12721317394612297
깐마늘,2026-08-28,9387.0,0.024481049649646435,False,True,0,-0.07832058644507356
깐마늘,2026-08-29,9387.0,0.03380598878415999,False,False,0,-0.026806700995910204
깐마늘,2026-08-30,9387.0,0.020174479320383226,False,False,0,0.027545094097280343
깐마늘,2026-08-31,9387.0,0.02083607721816467,False,False,0,0.08497595291077453
깐마늘,2026-09-01,9387.0,0.021336311830839404,False,False,1,0.1457551490795188
깐마늘,2026-09-02,9387.0,0.024181596577801476,False,False,1,0.21018429743261957
깐마늘,2026-09-03,11360.0,0.2815975724954527,True,False,1,0.14417422652994882
깐마늘,2026-09-04,11360.0,0.048156973494613176,False,False,0,0.08190366807838623
깐마늘,2026-09-05,11360.0,0.041844190221647384,False,False,0,0.02306360641090066
깐마늘,2026-09-06,11360.0,0.03215790564906716,False,False,0,-0.03262183937718233
닭,2026-01-01,5773.0,0.003184059331508899,False,False,0,0.013337952537675335
닭,2026-01-02,5850.0,0.0013952434295022875,False,False,0,0.011410788381742698
닭,2026-01-03,5850.0,0.0015297838460841295,False,False,0,0.012646370023419173
닭,2026-01-04,5850.0,0.0016136444862131637,False,False,0,0.013877269819398519
닭,2026-01-05,5850.0,0.0014244075117060783,False,False,0,0.015103514329919632
닭,2026-01-06,5850.0,0.0026058962999047897,False,False,0,0.016325129914697367
닭,2026-01-07,5850.0,0.003049129886559042,False,False,0,0.017542142734812805
닭,2026-01-08,5850.0,0.0021214701043070997,False,False,0,0.018754578754578644
닭,2026-01-09,5850.0,0.0019239757001348814,False,False,0,0.01272283272283281
닭,2026-01-10,5978.0,0.0029198799413395794,False,False,0,0.00043819075904383276
닭,2026-01-11,5978.0,0.002503719685478489,False,False,0,-0.011770130563510062
닭,2026-01-12,5978.0,0.0018796092650585953,False,False,0,-0.02390284027676981
닭,2026-01-13,5978.0,0.0018075961588371276,False,False,0,-0.03596063865708354
닭,2026-01-14,5978.0,0.0016071759119657154,False,False,0,-0.047944217359942365
닭,2026-01-15,5978.0,0.0020385862946919148,False,False,0,-0.05985425955223156
닭,2026-01-16,5603.0,0.006500554020298403,False,False,0,-0.05726893491837681
닭,2026-01-17,5603.0,0.007061259574968336,False,False,0,-0.05170819544481209
닭,2026-01-18,5603.0,0.007741435929331449,False,False,0,-0.04604503818668504
닭,2026-01-19,5603.0,0.007938501534946154,False,False,0,-0.04027660734645311
닭,2026-01-20,5603.0,0.008734755051113199,False,False,0,-0.034399939956468506
닭,2026-01-21,5603.0,0.01011137897240344,False,False,0,-0.02841196080412156
닭,2026-01-22,5603.0,0.013454985346673089,False,False,0,-0.02230947706585762
닭,2026-01-23,5478.0,0.011447548317580505,False,False,0,-0.010666052793124603
닭,2026-01-24,5478.0,0.008813302146550557,False,False,0,0.0010520643555462783
닭,2026-01-25,5478.0,0.011451909070392076,False,False,0,0.012845595428100598
닭,2026-01-26,5478.0,0.011826157503600472,False,False,0,0.02471527078329605
닭,2026-01-27,5478.0,0.013278577000296433,False,False,0,0.03425225411959798
닭,2026-01-28,5478.0,0.01566398447122606,False,False,0,0.043851212601699885
닭,2026-01-29,5478.0,0.021469459332870994,False,False,0,0.053512752307933065
닭,2026-01-30,5811.0,0.01209566297110218,False,False,0,0.03523876005067361
닭,2026-01-31,5811.0,0.010981166928481624,False,False,0,0.017276735363477957
닭,2026-02-01,5811.0,0.011467071436871869,False,False,0,-0.00038124285169649497
닭,2026-02-02,5811.0,0.01044594550273972,False,False,0,-0.017742829779726965
닭,2026-02-03,5718.0,0.012719230534376787,False,False,0,-0.030236985820932927
닭,2026-02-04,5718.0,0.007970440192708698,False,False,0,-0.042581801882563886
닭,2026-02-05,5718.0,0.007494074610618631,False,True,0,-0.05477993960097027
닭,2026-02-06,5455.0,0.003722870440770607,False,False,0,-0.07362269616902262
닭,2026-02-07,5455.0,0.006431582960446977,False,False,0,-0.09280350753414301
닭,2026-02-08,5455.0,0.006002475875628585,False,False,0,-0.11233155352148483
닭,2026-02-09,5455.0,0.008166215927276399,False,False,0,-0.13221634936111248
닭,2026-02-10,5455.0,0.008586981255816391,False,False,0,-0.15450388778383406
닭,2026-02-11,5455.0,0.008760823523909608,False,False,0,-0.1770963379109446
닭,2026-02-12,5455.0,0.01155343480453934,False,False,0,-0.19999999999999996
닭,2026-02-13,4364.0,0.07314882226406529,False,False,0,-0.1617512266134684
닭,2026-02-14,4364.0,0.3965530828896076,True,False,0,-0.10529678082382044
닭,2026-02-15,4364.0,0.6146171156373641,True,False,0,-0.04531393217231894
닭,2026-02-16,4364.0,0.722450748454165,True,False,0,0.017060406256467875
닭,2026-02-17,4364.0,0.7932123291483331,True,False,0,0.08328750381912631
닭,2026-02-18,4364.0,0.8186545491859348,True,False,1,0.15408198742058854
닭,2026-02-19,4364.0,0.8334755886818725,True,False,1,0.22993321985072668
닭,2026-02-20,4910.0,0.9491430031776067,True,False,1,0.22586351064514054
닭,2026-02-21,5482.0,0.9626993725811462,True,False,1,0.18247857941139967
닭,2026-02-22,5482.0,0.9281310860883988,True,False,1,0.15205520552055196
닭,2026-02-23,5432.0,0.8779568568097526,True,False,1,0.12669341240769816
닭,2026-02-24,5422.0,0.6936825618423653,True,True,1,0.10345216606498187
닭,2026-02-25,5422.0,0.6198997616663816,True,True,0,0.08155775866790815
닭,2026-02-26,5422.0,0.2920878921951286,True,True,0,0.06089641222186737
닭,2026-02-27,5455.0,0.22747539537723685,True,True,0,0.06658446362515402
닭,2026-02-28,5455.0,0.32023106745240654,True,True,0,0.08821212916776067
닭,2026-03-01,5790.0,0.2691868089901479,True,True,0,0.09146309703630395
닭,2026-03-02,5790.0,0.08439269795726999,True,True,0,0.09325007740736924
닭,2026-03-03,5790.0,0.06854351199422819,False,True,0,0.09472446580104288
닭,2026-03-04,5790.0,0.050143336578278574,False,True,0,0.0961713764813128
닭,2026-03-05,5790.0,0.054042398496205374,False,True,0,0.0975915704967385
닭,2026-03-06,6250.0,0.035864290522087436,False,True,0,0.08227770261960377
닭,2026-03-07,6250.0,0.011215776326799449,False,True,0,0.0699638118214716
닭,2026-03-08,6250.0,0.013568310815767965,False,True,0,0.06657122405153904
닭,2026-03-09,6250.0,0.011451767401584618,False,True,0,0.06325230115647851
닭,2026-03-10,6250.0,0.011482515279381942,False,True,0,0.06000466962409523
닭,2026-03-11,6250.0,0.006634665512905445,False,True,0,0.05682605682605679
닭,2026-03-12,6250.0,0.006327950761171252,False,True,0,0.05600000000000005
닭,2026-03-13,6500.0,0.012634079715714593,False,True,0,0.04329545454545469
닭,2026-03-14,6600.0,0.007877375640211898,False,True,0,0.03066516347237891
닭,2026-03-15,6600.0,0.005233524392916936,False,True,0,0.018232662192393834
닭,2026-03-16,6600.0,0.004090198202982138,False,True,0,0.005993340732519448
닭,2026-03-17,6600.0,0.0047586072607833435,False,True,0,-0.006057268722466924
닭,2026-03-18,6600.0,0.00438440907906893,False,True,0,-0.017923497267759547
닭,2026-03-19,6700.0,0.003982468030672186,False,True,0,-0.033874458874458835
닭,2026-03-20,6205.0,0.002788831469724567,False,False,0,-0.02330900773336242
닭,2026-03-21,6405.0,0.006724609036388446,False,False,0,-0.019142419601837712
닭,2026-03-22,6405.0,0.004481015932376954,False,False,0,-0.014940129627595278
닭,2026-03-23,6405.0,0.00484892417054241,False,False,0,-0.00628861429832317
닭,2026-03-24,6405.0,0.004920553330197231,False,False,0,0.0024376731301938293
닭,2026-03-25,6405.0,0.005432330877953882,False,False,0,0.011239706209659417
닭,2026-03-26,6405.0,0.0069548145493524985,False,False,0,0.022403943093984635
닭,2026-03-27,6405.0,0.004572654943592802,False,False,0,0.022304003568640596
닭,2026-03-28,6405.0,0.0038320558551880207,False,False,0,0.026764804282368715
닭,2026-03-29,6405.0,0.0035232116884901955,False,False,0,0.031225604996096834
닭,2026-03-30,6605.0,0.004794560548878802,False,False,0,0.026645942045075977
닭,2026-03-31,6605.0,0.003223757710020947,False,False,0,0.02210677572676034
닭,2026-04-01,6605.0,0.003903771389720983,False,False,0,0.017607571255640053
닭,2026-04-02,6605.0,0.0038644124248899585,False,False,0,0.013147803221211785
닭,2026-04-03,6605.0,0.005112690681710486,False,False,0,-0.014399476382677023
닭,2026-04-04,6605.0,0.003394163948430184,False,False,0,-0.041707396546106335
닭,2026-04-05,6605.0,0.003466465365111998,False,False,0,-0.0687790634800477
닭,2026-04-06,6605.0,0.003739281998390424,False,False,0,-0.09170541797339671
닭,2026-04-07,6605.0,0.004624313039556934,False,False,0,-0.11463177246674594
닭,2026-04-08,6605.0,0.00408813722689365,False,False,0,-0.13755812696009517
닭,2026-04-09,6605.0,0.0043482594514913965,False,False,0,-0.1604844814534444
닭,2026-04-10,5545.0,0.008373798376974374,False,False,0,-0.1357609297177642
닭,2026-04-11,5545.0,0.024164405679452498,False,False,0,-0.09769919528505033
닭,2026-04-12,5545.0,0.07695624495264221,False,False,0,-0.057763325978399616
닭,2026-04-13,5545.0,0.15139860873324548,True,False,0,-0.00962019288010485
닭,2026-04-14,5545.0,0.31653011565213107,True,False,0,0.04101624526688652
닭,2026-04-15,5545.0,0.38729189585106394,True,False,0,0.09434482758620688
닭,2026-04-16,5545.0,0.6053878124520766,True,False,1,0.15058611361587015
닭,2026-04-17,5772.0,0.5976571607142598,True,False,1,0.142743711900005
닭,2026-04-18,6308.0,0.3097598359013095,True,False,1,0.10624293430473553
닭,2026-04-19,6308.0,0.26926425391254666,True,False,0,0.07111516466180245
닭,2026-04-20,6568.0,0.3039669933011672,True,False,0,0.024548580221682714
닭,2026-04-21,6568.0,0.18578413893287662,True,False,0,-0.01978223119162703
닭,2026-04-22,6568.0,0.06221473641845303,False,True,0,-0.06203451199670018
닭,2026-04-23,6568.0,0.03808246798039637,False,True,0,-0.1023510971786834
닭,2026-04-24,5727.0,0.008820319607265169,False,True,0,-0.10552504762972093
닭,2026-04-25,5727.0,0.03753068198092029,False,True,0,-0.09785620202570744
닭,2026-04-26,5727.0,0.040754145080585974,False,True,0,-0.08998227970450834
닭,2026-04-27,5727.0,0.056077837610849036,False,False,0,-0.07629306298695204
닭,2026-04-28,5727.0,0.06821940503436193,False,False,0,-0.062052620238921774
닭,2026-04-29,5727.0,0.05873837348915694,False,False,0,-0.047226972880527684
닭,2026-04-30,5727.0,0.08731313027147748,True,False,0,-0.03177929107735289
닭,2026-05-01,5545.0,0.01479969790260705,False,False,0,-0.02097376400130302
닭,2026-05-02,5545.0,0.02519438176557781,False,False,0,-0.010069225928256764
닭,2026-05-03,5545.0,0.030077269729148506,False,False,0,0.02943630983992107
닭,2026-05-04,5545.0,0.05578990265610082,False,False,0,0.06930718223622367
닭,2026-05-05,5545.0,0.06876827591651348,False,False,1,0.10954848260547734
닭,2026-05-06,5545.0,0.07467809013977174,False,False,1,0.15016539733825685
닭,2026-05-07,5545.0,0.08833669031217214,True,False,1,0.19116321009918846
닭,2026-05-08,5800.0,0.10754664332527042,True,False,1,0.15920143332480152
닭,2026-05-09,5800.0,0.09816462834338194,True,False,1,0.1276541640178004
닭,2026-05-10,6927.0,0.6434735158198812,True,False,0,0.038470042007517025
닭,2026-05-11,6927.0,0.057140886067728554,False,True,0,-0.044857326142222376
닭,2026-05-12,6927.0,0.05414179213796073,False,True,0,-0.12288652204918216
닭,2026-05-13,6927.0,0.03580109866961456,False,True,0,-0.1961072837937261
닭,2026-05-14,6927.0,0.033559613273449855,False,True,0,-0.2649507948523846
닭,2026-05-15,4855.0,0.005877082169816184,False,True,0,-0.24961360123647602
닭,2026-05-16,4855.0,0.014942605670253323,False,True,0,-0.23362273086029994
닭,2026-05-17,4855.0,0.02040154731009799,False,False,0,-0.19605895015731079
닭,2026-05-18,4855.0,0.03661098547601384,False,False,0,-0.15462301932787736
닭,2026-05-19,4855.0,0.11986914626399713,True,False,0,-0.10868367908940701
닭,2026-05-20,4855.0,0.37243304048609127,True,False,0,-0.05746456998641036
닭,2026-05-21,4855.0,0.6225020777095457,True,False,0,0.0
닭,2026-05-22,4855.0,0.6267233737138485,True,False,0,0.04528468441959688
닭,2026-05-23,4855.0,0.5690602431053513,True,False,1,0.1062527585699573
닭,2026-05-24,4855.0,0.4856918640927524,True,False,1,0.16722083272031774
닭,2026-05-25,4855.0,0.5365478007919089,True,False,1,0.2281889068706784
닭,2026-05-26,4855.0,0.4573146038469997,True,False,1,0.2891569810210388
닭,2026-05-27,4855.0,0.36642086281013986,True,False,1,0.35012505517139925
닭,2026-05-28,4855.0,0.3139336850346317,True,False,1,0.4110931293217597
닭,2026-05-29,6394.0,0.7889295618196869,True,False,1,0.3066377660173403
닭,2026-05-30,6927.0,0.3448119920312686,True,True,1,0.17951377806149593
닭,2026-05-31,6927.0,0.061435648169900575,False,True,0,0.06567006151053745
닭,2026-06-01,6927.0,0.026864096171788195,False,True,0,-0.036871106851940616
닭,2026-06-02,6927.0,0.014214639065269482,False,True,0,-0.12971332055144713
닭,2026-06-03,6927.0,0.01332532894689604,False,True,0,-0.21417051695580158
닭,2026-06-04,6927.0,0.014215879392580302,False,True,0,-0.29132955208941536
닭,2026-06-05,4855.0,0.007111768154494036,False,True,0,-0.2678329060473533
닭,2026-06-06,4855.0,0.026835844186226455,False,True,0,-0.23362273086029994
닭,2026-06-07,4855.0,0.02629479372308435,False,True,0,-0.16842902088803724
닭,2026-06-08,4855.0,0.04604330304013339,False,False,0,-0.09708713713589212
닭,2026-06-09,4855.0,0.12545720537067406,True,False,0,-0.017991554984395086
닭,2026-06-10,4855.0,0.36389897653039993,True,False,0,0.07019441439942309
닭,2026-06-11,4855.0,0.37123393699328555,True,False,1,0.16913344122406948
닭,2026-06-12,4855.0,0.35931456264453787,True,False,1,0.20282477563630996
닭,2026-06-13,4855.0,0.4945507801826682,True,False,1,0.2365161100485509
닭,2026-06-14,6023.0,0.9662360437384518,True,False,1,0.19477711717349866
닭,2026-06-15,6000.0,0.8794614323688081,True,False,1,0.1762356052675078
닭,2026-06-16,6000.0,0.6688624136351198,True,False,1,0.15882808535640836
닭,2026-06-17,6000.0,0.2178306108407313,True,True,1,0.13597491448118593
닭,2026-06-18,6000.0,0.1312017446606972,True,True,1,0.11443887952080134
닭,2026-06-19,6000.0,0.11173643463209061,True,True,0,0.05521307304662648
닭,2026-06-20,6000.0,0.025728929139112847,False,True,0,-0.0007852842491017364
닭,2026-06-21,6000.0,0.033916376070983495,False,True,0,-0.02749999999999997
닭,2026-06-22,6695.0,0.06290333422634072,False,True,0,-0.08642698208221111
닭,2026-06-23,6695.0,0.008053355480452619,False,True,0,-0.14346623646001377
닭,2026-06-24,6445.0,0.004739012381572146,False,True,0,-0.18843389985171666
닭,2026-06-25,6445.0,0.011724869489042377,False,True,0,-0.2324977416440831
닭,2026-06-26,4855.0,0.009638842204117098,False,True,0,-0.2361655268343572
닭,2026-06-27,4855.0,0.037095044365029146,False,False,0,-0.24003334127173137
닭,2026-06-28,4855.0,0.042242457960672934,False,False,0,-0.2441180071000123
닭,2026-06-29,4855.0,0.12903142032811285,True,False,0,-0.23504678887322128
닭,2026-06-30,4855.0,0.3285168428215922,True,False,0,-0.22507735772904613
닭,2026-07-01,4855.0,0.4484262651268197,True,False,0,-0.2195924104005621
닭,2026-07-02,4855.0,0.7351829928467882,True,False,0,-0.21359423274974254
닭,2026-07-03,3818.0,0.4856537412660069,True,False,0,-0.1529683137064466
닭,2026-07-04,3818.0,0.7793625285713602,True,False,0,-0.08840211839177714
닭,2026-07-05,3818.0,0.7746463057706835,True,False,0,-0.01949860724233987
닭,2026-07-06,3818.0,0.7168974360764927,True,False,0,0.05419445654724009
닭,2026-07-07,3818.0,0.6405810238921399,True,False,1,0.1331944444444444
닭,2026-07-08,3818.0,0.681737570861497,True,False,1,0.21809602708640985
닭,2026-07-09,3818.0,0.6712454704475981,True,False,1,0.3095861707700367
닭,2026-07-10,5000.0,0.9567713970974296,True,False,1,0.280994696861115
닭,2026-07-11,5000.0,0.843688720121627,True,False,1,0.2547267102096942
닭,2026-07-12,5000.0,0.7723800291318165,True,False,1,0.2305100422832982
닭,2026-07-13,5000.0,0.713631639631082,True,True,1,0.19399758377312892
닭,2026-07-14,5000.0,0.7342646361806605,True,True,1,0.1601299178820934
닭,2026-07-15,5000.0,0.4322159781265427,True,True,1,0.12862972381571947
닭,2026-07-16,5000.0,0.3849744929005941,True,True,0,0.09925714285714293
닭,2026-07-17,5750.0,0.5880898186405644,True,True,0,0.04875524475524484
닭,2026-07-18,5750.0,0.3228656127332456,True,True,0,0.00032876712328766544
닭,2026-07-19,5750.0,0.2543455724396738,True,True,0,-0.046147651006711365
닭,2026-07-20,5306.0,0.05783364386345448,False,True,0,-0.06821812759612311
닭,2026-07-21,5306.0,0.2391452079049557,True,True,0,-0.08993185779937674
닭,2026-07-22,5306.0,0.2297817376966954,True,True,0,-0.11129742192412495
닭,2026-07-23,5306.0,0.23368716654670416,True,True,0,-0.12730675261215374
닭,2026-07-24,4769.0,0.05060117676889269,False,False,0,-0.07894807030645712
닭,2026-07-25,4769.0,0.16815506067352956,True,False,0,-0.021718886941279658
닭,2026-07-26,4769.0,0.16020508286630183,True,False,0,0.038670456784216434
닭,2026-07-27,4769.0,0.16997710032426452,True,False,0,0.08850088586614846
닭,2026-07-28,4769.0,0.10619246878635183,True,False,1,0.13988449371680645
닭,2026-07-29,4769.0,0.09368777698487513,True,False,1,0.19289504716981143
닭,2026-07-30,4962.0,0.14187932341358805,True,False,1,0.23603168930188234
닭,2026-07-31,5726.0,0.24853730938496105,True,False,1,0.1995772159962934
닭,2026-08-01,5955.0,0.052609451868426235,False,False,1,0.1512080405386491
닭,2026-08-02,5955.0,0.031143387801683915,False,False,1,0.10594770356320282
닭,2026-08-03,5955.0,0.015171112848284835,False,True,0,0.05368722270352566
닭,2026-08-04,5955.0,0.00943042405339919,False,True,0,0.004582834737887342
닭,2026-08-05,5955.0,0.008863595229622297,False,True,0,-0.04164298247781928
닭,2026-08-06,6000.0,0.007481782826914962,False,True,0,-0.08305823956049241
닭,2026-08-07,5650.0,0.0030685628158566352,False,True,0,-0.1050090525045263
닭,2026-08-08,5650.0,0.012833950172090896,False,True,0,-0.12217898832684837
닭,2026-08-09,5650.0,0.00933379608753501,False,True,0,-0.13960553717995838
닭,2026-08-10,5276.0,0.0035357116498075827,False,True,0,-0.1401235798285827
닭,2026-08-11,5276.0,0.018904113681617072,False,False,0,-0.14065945206173802
닭,2026-08-12,5276.0,0.01974370213737225,False,False,0,-0.14379287224715043
닭,2026-08-13,5276.0,0.027435441519846886,False,False,0,-0.14602932674620284
닭,2026-08-14,4671.0,0.010830943463682631,False,False,0,-0.12587997302764675
닭,2026-08-15,4671.0,0.05574675174998001,False,False,0,-0.10463763297872342
닭,2026-08-16,4671.0,0.16597250310809225,True,False,0,-0.08221089500811563
닭,2026-08-17,4671.0,0.2121093159729402,True,False,0,-0.06870074177097829
닭,2026-08-18,4671.0,0.32851515966711126,True,False,0,-0.05470846727814316
닭,2026-08-19,4571.0,0.2053116372725911,True,False,0,-0.034305162339618
닭,2026-08-20,4571.0,0.32641202178025824,True,False,0,-0.013016586146413545
닭,2026-08-21,4582.0,0.16872097326436408,True,False,0,-0.010306097259935698
닭,2026-08-22,4582.0,0.14247850719665572,True,False,0,-0.007580680095299996
닭,2026-08-23,4582.0,0.12886450588439882,True,False,0,-0.004840210983555804
닭,2026-08-24,4582.0,0.22366783084166567,True,False,0,-0.0020845648859711963
닭,2026-08-25,4582.0,0.24908946899429604,True,False,0,0.0006863846249842709
닭,2026-08-26,4582.0,0.26565144844371796,True,False,0,0.0003430745719363859
닭,2026-08-27,4582.0,0.1678602449837082,True,False,0,0.0
닭,2026-08-28,4582.0,0.11208716621068988,True,False,0,-0.0039595934401696065
닭,2026-08-29,4582.0,0.09469616683358344,True,False,0,-0.007919186880339324
닭,2026-08-30,4582.0,0.04594799357592709,False,False,0,-0.01187878032050882
닭,2026-08-31,4582.0,0.09836846353495404,True,False,0,-0.015838373760678426
닭,2026-09-01,4582.0,0.1357588369637542,True,False,0,-0.01979796720084792
닭,2026-09-02,4582.0,0.12114415518842622,True,False,0,-0.02375756064101775
닭,2026-09-03,4582.0,0.1299425083566242,True,False,0,-0.027717154081187245
닭,2026-09-04,4455.0,0.11939107005812381,True,False,0,-0.02967414780730593
닭,2026-09-05,4455.0,0.10805457373028393,True,False,0,-0.03164676304211178
닭,2026-09-06,4455.0,0.11762903201472137,True,False,0,-0.03363518758085371
대파,2026-01-01,3903.0,0.006092782473598045,False,False,0,0.06927822790455651
대파,2026-01-02,4170.0,0.022626591150253422,False,False,0,0.03867038450249494
대파,2026-01-03,4170.0,0.010876576990449022,False,False,0,0.008838658262696475
대파,2026-01-04,4170.0,0.013314878069973897,False,False,0,-0.0202461010158822
대파,2026-01-05,4170.0,0.013097103173973725,False,False,0,-0.05002472973927785
대파,2026-01-06,4170.0,0.012950349911232248,False,False,0,-0.07907593523171419
대파,2026-01-07,4210.0,0.01435114177657637,False,True,0,-0.10610088733901879
대파,2026-01-08,3710.0,0.009457195762024693,False,True,0,-0.10194647201946472
대파,2026-01-09,3710.0,0.024642038351492434,False,False,0,-0.08922642175909568
대파,2026-01-10,3710.0,0.02088956973019601,False,False,0,-0.0760861759425494
대파,2026-01-11,3710.0,0.015702993187196992,False,False,0,-0.06250456370938295
대파,2026-01-12,3670.0,0.00883481452745125,False,False,0,-0.04555596876162138
대파,2026-01-13,3670.0,0.012674903437613811,False,False,0,-0.027965138309965942
대파,2026-01-14,3710.0,0.009695974036785808,False,False,0,-0.011239860950173819
대파,2026-01-15,3657.0,0.020301465669837024,False,False,0,-0.009095483221736256
대파,2026-01-16,3657.0,0.03663336988100916,False,False,0,-0.006942289792119194
대파,2026-01-17,3657.0,0.06000857676231911,False,False,0,-0.004780226186312242
대파,2026-01-18,3657.0,0.08965726797173759,True,False,0,-0.002609237479554438
대파,2026-01-19,3657.0,0.08912752690831797,True,False,0,-0.0019871420222091762
대파,2026-01-20,3657.0,0.12402445190781876,True,False,0,-0.0013644160299391972
대파,2026-01-21,3657.0,0.09488278669356703,True,False,0,0.0008203445447088065
대파,2026-01-22,3660.0,0.019739692519080063,False,False,0,-0.00972580267166634
대파,2026-01-23,3660.0,0.010468480335886881,False,False,0,-0.020269478617457426
대파,2026-01-24,3660.0,0.006583907191480275,False,False,0,-0.030810684161199697
대파,2026-01-25,3660.0,0.005701383969921051,False,False,0,-0.04134942017102028
대파,2026-01-26,3660.0,0.0055566929639580855,False,False,0,-0.05188568751464051
대파,2026-01-27,3660.0,0.005712706575983072,False,False,0,-0.0624194870593745
대파,2026-01-28,3660.0,0.0061955393311343195,False,False,0,-0.07295081967213113
대파,2026-01-29,3393.0,0.010859571927805413,False,False,0,-0.061846724253539986
대파,2026-01-30,3393.0,0.029395908981291446,False,False,0,-0.05050625847086021
대파,2026-01-31,3393.0,0.037588931481256714,False,False,0,-0.03892179378701799
대파,2026-02-01,3393.0,0.04180752016945426,False,False,0,-0.02708536982730536
대파,2026-02-02,3393.0,0.05465930774318705,False,False,0,-0.014988676137533408
대파,2026-02-03,3393.0,0.1316543371240888,True,False,0,-0.0026230327254559427
대파,2026-02-04,3393.0,0.15331446270782664,True,False,0,0.010020630710285916
대파,2026-02-05,3427.0,0.13211843001783222,True,False,0,0.03254151776329639
대파,2026-02-06,3427.0,0.06590652844392259,False,False,0,0.054998110751920626
대파,2026-02-07,3427.0,0.05363962335493077,False,False,0,0.0773906846099024
대파,2026-02-08,3427.0,0.04863136569771982,False,False,0,0.09971951270565582
대파,2026-02-09,3427.0,0.04641198219963474,False,False,1,0.12198486685339249
대파,2026-02-10,3427.0,0.04253809871771325,False,False,1,0.1441870173241493
대파,2026-02-11,3427.0,0.04921097821423302,False,False,1,0.1663262328567261
대파,2026-02-12,3997.0,0.5035715632161349,True,False,1,0.1370576977889979
대파,2026-02-13,3997.0,0.20622324219976995,True,True,1,0.1091169565044372
대파,2026-02-14,3997.0,0.131944397577764,True,True,0,0.08241565819681695
대파,2026-02-15,3997.0,0.13721507988624165,True,True,0,0.056873120408085676
대파,2026-02-16,3997.0,0.21323503380085118,True,True,0,0.03241551473601856
대파,2026-02-17,3997.0,0.2027692955898831,True,True,0,0.008975154146448228
대파,2026-02-18,3997.0,0.12507245892768548,True,True,0,-0.013510132599449554
대파,2026-02-19,3943.0,0.15095402580843273,True,True,0,-0.019480752014324088
대파,2026-02-20,3943.0,0.19857008889052533,True,True,0,-0.025474507552653236
대파,2026-02-21,3943.0,0.2532280368449132,True,True,0,-0.031491533954056794
대파,2026-02-22,3943.0,0.3386485335684219,True,True,0,-0.03753196700644745
대파,2026-02-23,3943.0,0.48376297705228166,True,False,0,-0.0435959435562453
대파,2026-02-24,3943.0,0.5065165856758088,True,False,0,-0.041728439703489495
대파,2026-02-25,3943.0,0.42537608388234505,True,False,0,-0.03985362849172136
대파,2026-02-26,3723.0,0.1625828453416804,True,False,0,-0.022497352178518004
대파,2026-02-27,3723.0,0.3453157571040127,True,False,0,-0.006332609255918498
대파,2026-02-28,3723.0,0.26657220404287224,True,False,0,0.010096136000890876
대파,2026-03-01,3723.0,0.24471011666428613,True,False,0,0.026795404363609165
대파,2026-03-02,3723.0,0.08203112083316086,True,False,0,0.043771933134598706
대파,2026-03-03,3943.0,0.08650111687594342,True,False,0,0.043922870835062966
대파,2026-03-04,3943.0,0.08209333759891574,True,False,0,0.044073808535527004
대파,2026-03-05,3987.0,0.09805127779696023,True,False,0,0.03725014010835048
대파,2026-03-06,3947.0,0.06369285555964314,False,False,0,0.03356923190929639
대파,2026-03-07,3947.0,0.09393486226167526,True,False,0,0.029948921471355527
대파,2026-03-08,3947.0,0.11834425365886132,True,False,0,0.026387724605459795
대파,2026-03-09,3947.0,0.16899068035451117,True,False,0,0.021329669932395712
대파,2026-03-10,3947.0,0.1408866197051431,True,False,0,0.02443520694017698
대파,2026-03-11,3947.0,0.10217503952848696,True,False,0,0.02753984603708126
대파,2026-03-12,4080.0,0.08800851053321436,True,False,0,0.022548807722786668
대파,2026-03-13,4080.0,0.06102747574036399,False,False,0,0.01613192328374269
대파,2026-03-14,4080.0,0.06228114536160211,False,False,0,0.009775938347367008
대파,2026-03-15,4080.0,0.062491533652401725,False,False,0,0.003479990057171367
대파,2026-03-16,4037.0,0.03135634489300583,False,False,0,0.00028317581678538595
대파,2026-03-17,4037.0,0.020471372159083588,False,False,0,-0.0028933347447162028
대파,2026-03-18,4037.0,0.01977372178453118,False,False,0,-0.006049734444796173
대파,2026-03-19,4037.0,0.01601344430358912,False,False,0,-0.023214034098915093
대파,2026-03-20,4037.0,0.013459790481368208,False,False,0,-0.041841594637502255
대파,2026-03-21,4037.0,0.011945010244033584,False,False,0,-0.06052575789696846
대파,2026-03-22,4037.0,0.011234667196130735,False,False,0,-0.07926678226405748
대파,2026-03-23,4037.0,0.0100640298210114,False,False,0,-0.09943734739375065
대파,2026-03-24,4037.0,0.009117658503603233,False,False,0,-0.11960791252344383
대파,2026-03-25,4037.0,0.0068960764529747655,False,False,0,-0.139778477653137
대파,2026-03-26,3507.0,0.006494402901421794,False,False,0,-0.11673699015471173
대파,2026-03-27,3467.0,0.0072782474616416805,False,False,0,-0.08998858573585178
대파,2026-03-28,3467.0,0.010674615184527,False,False,0,-0.06209334687276702
대파,2026-03-29,3467.0,0.009625436757960156,False,False,0,-0.032975902225296894
대파,2026-03-30,3467.0,0.011592556646894951,False,False,0,-0.0025541278635702325
대파,2026-03-31,3467.0,0.010612866271485038,False,False,0,0.029261626271152474
대파,2026-04-01,3467.0,0.012767531467182337,False,False,0,0.05915504545641537
대파,2026-04-02,3690.0,0.045454506852668525,False,False,0,0.05683488486036259
대파,2026-04-03,3690.0,0.023029860814687973,False,False,0,0.052842403398745574
대파,2026-04-04,3690.0,0.024672974109279763,False,False,0,0.048921324885716544
대파,2026-04-05,3690.0,0.022608422783910384,False,False,0,0.04506975080481701
대파,2026-04-06,3690.0,0.025139981113988494,False,False,0,0.041285849353923654
대파,2026-04-07,3690.0,0.03133228709167495,False,False,0,0.03756785254032091
대파,2026-04-08,3607.0,0.028782651910665858,False,True,0,0.040470734454499446
대파,2026-04-09,3827.0,0.051904601522700045,False,True,0,0.026464225003863362
대파,2026-04-10,3827.0,0.02573223026853149,False,True,0,0.011567580031512925
대파,2026-04-11,3827.0,0.02433957554765326,False,False,0,-0.0031730254606621155
대파,2026-04-12,3827.0,0.028567517986531343,False,False,0,-0.017760030424034956
대파,2026-04-13,3827.0,0.02916813047157238,False,False,0,-0.03219582324455206
대파,2026-04-14,3827.0,0.033191302245962145,False,False,0,-0.046482743046407426
대파,2026-04-15,3827.0,0.03466920814670043,False,False,0,-0.06353353988577404
대파,2026-04-16,3607.0,0.010655816316637347,False,False,0,-0.07346908050735812
대파,2026-04-17,3580.0,0.018837785716940728,False,False,0,-0.08160474128105766
대파,2026-04-18,3580.0,0.0181465861615081,False,False,0,-0.08989453499520605
대파,2026-04-19,3580.0,0.02086633233019248,False,False,0,-0.09834288369211719
대파,2026-04-20,3580.0,0.0312982943256311,False,False,0,-0.10695438020405779
대파,2026-04-21,3580.0,0.03312569312360872,False,False,0,-0.11640483145180403
대파,2026-04-22,3580.0,0.03071155258310562,False,False,0,-0.1260413760114799
대파,2026-04-23,3137.0,0.020445394154504495,False,False,0,-0.1009871227200716
대파,2026-04-24,3137.0,0.08345446651152903,True,False,0,-0.07599073384628119
대파,2026-04-25,3137.0,0.09838368626787777,True,False,0,-0.0500611015127892
대파,2026-04-26,3137.0,0.10773798085815005,True,False,0,-0.02314496736516658
대파,2026-04-27,3137.0,0.10070559478864943,True,False,0,0.004815057999562278
대파,2026-04-28,3120.0,0.04754444247258399,False,False,0,0.035425508152781005
대파,2026-04-29,3120.0,0.08758444964418524,True,False,0,0.07115165336373996
대파,2026-04-30,3343.0,0.3610344303696326,True,False,0,0.06691970539062853
대파,2026-05-01,3343.0,0.17712512914469086,True,False,0,0.06276581456775743
대파,2026-05-02,3343.0,0.11490764160156423,True,False,0,0.05868784101494917
대파,2026-05-03,3343.0,0.18826300026336162,True,False,0,0.05468372236142249
대파,2026-05-04,3343.0,0.24701026070936435,True,False,0,0.04783271618383811
대파,2026-05-05,3343.0,0.2325003634431609,True,False,0,0.04033997756493224
대파,2026-05-06,3427.0,0.2533240363446673,True,True,0,0.025037257824143122
대파,2026-05-07,3470.0,0.10468736651839022,True,True,0,0.017829916991360273
대파,2026-05-08,3470.0,0.08736427160354794,True,True,0,0.010699692489152923
대파,2026-05-09,3470.0,0.0870497325921361,True,True,0,0.0036453532221569773
대파,2026-05-10,3470.0,0.0753785343099716,False,True,0,-0.0033343058392030223
대파,2026-05-11,3403.0,0.04306453858203466,False,False,0,-0.004697958674593661
대파,2026-05-12,3403.0,0.07459174793107043,False,False,0,-0.006054825198026026
대파,2026-05-13,3387.0,0.039067777279342075,False,False,0,-0.002617039837161994
대파,2026-05-14,3430.0,0.03279220309828751,False,False,0,0.0009986268880290972
대파,2026-05-15,3430.0,0.025163541079847234,False,False,0,0.004626349351894321
대파,2026-05-16,3430.0,0.01524802149244525,False,False,0,0.00826618795140499
대파,2026-05-17,3430.0,0.010286401546128388,False,False,0,0.011918203487642609
대파,2026-05-18,3430.0,0.01172875006427569,False,False,0,0.012740183792815385
대파,2026-05-19,3430.0,0.012244726380244049,False,False,0,0.01535444569616562
대파,2026-05-20,3430.0,0.013747512347203707,False,False,0,0.017284464806330613
대파,2026-05-21,3477.0,0.015984146434788307,False,False,0,0.005445400507128939
대파,2026-05-22,3477.0,0.011987994544099833,False,False,0,-0.0063474941918354455
대파,2026-05-23,3477.0,0.010660745142182784,False,False,0,-0.01809448884104181
대파,2026-05-24,3477.0,0.00994343836264804,False,False,0,-0.029795850896768283
대파,2026-05-25,3477.0,0.010560593792212294,False,False,0,-0.04145184574138994
대파,2026-05-26,3520.0,0.01362396706835948,False,False,0,-0.05136634477090618
대파,2026-05-27,3520.0,0.007833579695057416,False,False,0,-0.06120777891504603
대파,2026-05-28,3240.0,0.009894263659352958,False,False,0,-0.04126012898958176
대파,2026-05-29,3240.0,0.028876283780283486,False,False,0,-0.020917706985094542
대파,2026-05-30,3240.0,0.030051065169331002,False,False,0,-0.00016867673104492553
대파,2026-05-31,3240.0,0.033305858684615657,False,False,0,0.020999275887038316
대파,2026-06-01,3240.0,0.026919302760619216,False,False,0,0.04259896729776247
대파,2026-06-02,3365.0,0.0607506301863554,False,False,0,0.055447260125622844
대파,2026-06-03,3365.0,0.06355363587454341,False,False,0,0.06846925425207151
대파,2026-06-04,3500.0,0.1569055455992697,True,False,0,0.050668391548081226
대파,2026-06-05,3500.0,0.07095470436044034,False,False,0,0.033262260127931764
대파,2026-06-06,3500.0,0.06340978833647674,False,False,0,0.016237874314635192
대파,2026-06-07,3500.0,0.07073804250165687,False,False,0,-0.0004171881518565401
대파,2026-06-08,3500.0,0.06765237387892337,False,False,0,-0.0193974411886092
대파,2026-06-09,3500.0,0.05399233591084996,False,True,0,-0.033039195567412305
대파,2026-06-10,3500.0,0.05567886461346788,False,True,0,-0.04653061224489785
대파,2026-06-11,3365.0,0.015189929206262167,False,True,0,-0.04391545249333062
대파,2026-06-12,3365.0,0.050843716392497684,False,False,0,-0.041271151465125944
대파,2026-06-13,3365.0,0.04732044060346462,False,False,0,-0.03859721934011218
대파,2026-06-14,3365.0,0.056571424786023686,False,False,0,-0.035893155258764575
대파,2026-06-15,3300.0,0.03643935710489392,False,False,0,-0.02777777777777779
대파,2026-06-16,3300.0,0.055905517384609194,False,False,0,-0.019524617996604432
대파,2026-06-17,3300.0,0.04974450209931521,False,False,0,-0.013698630136986356
대파,2026-06-18,3300.0,0.015583946318190985,False,False,0,0.0008585533376261889
대파,2026-06-19,3300.0,0.01768248761260525,False,False,0,0.01549720189410242
대파,2026-06-20,3300.0,0.017862132149636948,False,False,0,0.03021800129505725
대파,2026-06-21,3300.0,0.01903303661695619,False,False,0,0.04502164502164496
대파,2026-06-22,3300.0,0.015717577392498242,False,False,0,0.054112554112554
대파,2026-06-23,3300.0,0.020394920443647276,False,False,0,0.06320346320346326
대파,2026-06-24,3240.0,0.0383732837556369,False,False,1,0.10286458333333326
대파,2026-06-25,3575.0,0.4921305189353791,True,False,1,0.11194509972120947
대파,2026-06-26,3575.0,0.14388465310774004,True,False,1,0.12081390419669358
대파,2026-06-27,3575.0,0.19497030681612465,True,False,1,0.12947831552482714
대파,2026-06-28,3575.0,0.12520514162538904,True,False,1,0.1379453189726596
대파,2026-06-29,3510.0,0.05611200686786105,False,True,1,0.15195071868583176
대파,2026-06-30,3510.0,0.08075713788114953,True,True,1,0.16571661237785018
대파,2026-07-01,4090.0,0.7804101814663046,True,True,0,0.09208972845336483
대파,2026-07-02,4090.0,0.32682358656552635,True,True,0,0.03980713596914187
대파,2026-07-03,4090.0,0.323183575230636,True,True,0,-0.04285173978819978
대파,2026-07-04,4090.0,0.30197886261754064,True,True,0,-0.12235206826191802
대파,2026-07-05,4090.0,0.2959830359183579,True,True,0,-0.19887149617764843
대파,2026-07-06,4090.0,0.234437292548902,True,True,0,-0.27426024955436723
대파,2026-07-07,4090.0,0.1691607390843709,True,True,0,-0.3166608452672023
대파,2026-07-08,3210.0,0.009957578323884919,False,True,0,-0.29185585585585583
대파,2026-07-09,3297.0,0.1148617586864486,True,False,0,-0.2607115035055829
대파,2026-07-10,2440.0,0.029449184660379525,False,False,0,-0.1676611214288536
대파,2026-07-11,2440.0,0.19352998553287667,True,False,0,-0.06163080694931733
대파,2026-07-12,2440.0,0.3029444967167118,True,False,0,0.06029899577407205
대파,2026-07-13,2440.0,0.3981830029130974,True,False,1,0.17227489315714495
대파,2026-07-14,3297.0,0.9276238825145876,True,False,1,0.20307708035166638
대파,2026-07-15,3297.0,0.867351774518025,True,False,1,0.18111037606228697
대파,2026-07-16,3575.0,0.8653107943723131,True,False,1,0.13793968588489136
대파,2026-07-17,3575.0,0.7791265858511588,True,False,0,0.05136726167869354
대파,2026-07-18,3575.0,0.7095533913777793,True,False,0,-0.026352538402630743
대파,2026-07-19,3575.0,0.47896378956696367,True,True,0,-0.09651152824205023
대파,2026-07-20,2970.0,0.1084244774474664,True,True,0,-0.11351827019778749
대파,2026-07-21,2970.0,0.3963098141887993,True,True,0,-0.0981008624718529
대파,2026-07-22,2970.0,0.4641341842068173,True,True,0,-0.08224903059026278
대파,2026-07-23,3043.0,0.6585566433829809,True,True,0,-0.05600141105917633
대파,2026-07-24,3043.0,0.6084398985956221,True,True,0,-0.02668653481441352
대파,2026-07-25,3043.0,0.4423051780753023,True,False,0,0.0040714351809012506
대파,2026-07-26,3043.0,0.4568260886840079,True,False,0,0.03638174746229006
대파,2026-07-27,3043.0,0.42622544688210834,True,False,0,0.03975419522571477
대파,2026-07-28,3043.0,0.37201156533586244,True,False,0,0.0431034482758621
대파,2026-07-29,3043.0,0.4794476535920572,True,False,0,0.046429745082390506
대파,2026-07-30,3150.0,0.6263620765330993,True,False,0,0.04806614349775784
대파,2026-07-31,3190.0,0.6008876903081182,True,False,0,0.045882625840872215
대파,2026-08-01,3190.0,0.6040919524712641,True,False,0,0.04372868860012891
대파,2026-08-02,3190.0,0.6657385089160621,True,False,0,0.04160373472470136
대파,2026-08-03,3190.0,0.23358880464100157,True,False,0,0.039507183124204426
대파,2026-08-04,3190.0,0.20402392611741085,True,False,0,0.03743846813891527
대파,2026-08-05,3190.0,0.1558068363813763,True,False,0,0.0353970390309557
대파,2026-08-06,3297.0,0.40393075956794855,True,False,0,0.030529928243526294
대파,2026-08-07,3297.0,0.059553152979002336,False,False,0,0.027546132008516633
대파,2026-08-08,3297.0,0.06972237149766951,False,False,0,0.024590525804600416
대파,2026-08-09,3297.0,0.05895878088971694,False,False,0,0.0216627120133579
대파,2026-08-10,3297.0,0.048551995338497765,False,False,0,0.01876230045921723
대파,2026-08-11,3297.0,0.04153424630005318,False,False,0,0.015888908236113553
대파,2026-08-12,3297.0,0.03997188626693241,False,False,0,0.013042159538974918
대파,2026-08-13,3340.0,0.020756863298958705,False,False,0,0.009125508174033348
대파,2026-08-14,3340.0,0.022918935540107172,False,False,0,0.007122814590977633
대파,2026-08-15,3340.0,0.021961397149860663,False,False,0,0.005127542226818438
대파,2026-08-16,3340.0,0.034830417751231746,False,False,0,0.003139649907530906
대파,2026-08-17,3340.0,0.03176093672915078,False,False,0,0.002876277152914941
대파,2026-08-18,3340.0,0.025971062764855488,False,False,0,0.00261387496250598
대파,2026-08-19,3340.0,0.02343035044716379,False,False,0,0.002352437981180344
대파,2026-08-20,3293.0,0.012540481391601131,False,False,0,0.007971542450606384
대파,2026-08-21,3337.0,0.018361061888846286,False,False,0,0.009815687955422314
대파,2026-08-22,3337.0,0.01664283745743868,False,False,0,0.011660307797830782
대파,2026-08-23,3337.0,0.01737001631755975,False,False,0,0.013505402160864266
대파,2026-08-24,3377.0,0.015374541135902565,False,False,0,0.011900175506185606
대파,2026-08-25,3377.0,0.017631703760465526,False,False,0,0.010300025643217303
대파,2026-08-26,3377.0,0.018548301979127643,False,False,0,0.008704928525709477
대파,2026-08-27,3377.0,0.014781020619105143,False,False,0,-0.026361665036778725
대파,2026-08-28,3377.0,0.013350280886907574,False,False,0,-0.05942527271955511
대파,2026-08-29,3377.0,0.011312350599243359,False,False,0,-0.09237679562693335
대파,2026-08-30,3377.0,0.009160547844373815,False,False,0,-0.1252168027412327
대파,2026-08-31,3377.0,0.008553681076048748,False,False,0,-0.15652100342654085
대파,2026-09-01,3377.0,0.008553681076048748,False,False,0,-0.187825204111849
대파,2026-09-02,3377.0,0.008455505546284377,False,False,0,-0.21912940479715726
대파,2026-09-03,2637.0,0.010425930474153033,False,False,0,-0.193894929909603
대파,2026-09-04,2637.0,0.0746768640803165,False,False,0,-0.16986326097748095
대파,2026-09-05,2637.0,0.06024564462496011,False,False,0,-0.14417106307484007
대파,2026-09-06,2637.0,0.07927562192205771,False,False,0,-0.1166400696358626
무,2026-01-01,2613.0,0.04156432395842133,False,True,0,-0.013769102738689698
무,2026-01-02,2808.0,0.07500184563486036,False,False,0,-0.008662224500256333
무,2026-01-03,2808.0,0.031119829316027116,False,False,0,-0.003386651383316841
무,2026-01-04,2808.0,0.02628555740255262,False,False,0,0.0020661157024794985
무,2026-01-05,2845.0,0.03215461479756469,False,False,0,-0.02318400669876486
무,2026-01-06,2845.0,0.028261387124547205,False,False,0,-0.04782833505687689
무,2026-01-07,2845.0,0.029554925510467737,False,False,0,-0.07188841201716734
무,2026-01-08,2595.0,0.016690626904586798,False,False,0,-0.07614810268998673
무,2026-01-09,2595.0,0.04777889468663563,False,False,0,-0.071144201437361
무,2026-01-10,2595.0,0.05438186525738326,False,False,0,-0.06602885821831861
무,2026-01-11,2595.0,0.06100376022773347,False,False,0,-0.06079830822098875
무,2026-01-12,2595.0,0.007262000518413469,False,False,0,-0.05357621216180031
무,2026-01-13,2595.0,0.006767085836829322,False,False,0,-0.04615802335052954
무,2026-01-14,2595.0,0.008144132023710615,False,False,0,-0.038535645472061675
무,2026-01-15,2495.0,0.006373216854111199,False,False,0,-0.03321339606974816
무,2026-01-16,2495.0,0.009804296907709066,False,False,0,-0.027831895352073532
무,2026-01-17,2495.0,0.008886986311503574,False,False,0,-0.02239014833473274
무,2026-01-18,2495.0,0.007186370042254161,False,False,0,-0.016887137630171578
무,2026-01-19,2495.0,0.007627695161607784,False,False,0,-0.005660911406736413
무,2026-01-20,2495.0,0.00706688436555859,False,False,0,0.005693139766581146
무,2026-01-21,2495.0,0.00958699896464019,False,False,0,0.017177211565988948
무,2026-01-22,2495.0,0.0044176550532602065,False,False,0,0.0575436587460636
무,2026-01-23,2495.0,0.0037205669680632496,False,False,0,0.09791010592613802
무,2026-01-24,2495.0,0.0034362715597033183,False,False,1,0.13827655310621245
무,2026-01-25,2495.0,0.004906639780096426,False,False,1,0.17864300028628688
무,2026-01-26,2595.0,0.012395694997729913,False,False,1,0.17193282095075446
무,2026-01-27,2595.0,0.009216206222073699,False,False,1,0.16529861307670535
무,2026-01-28,2595.0,0.00885469173540689,False,False,1,0.15873909372361394
무,2026-01-29,3200.0,0.5386379489011445,True,True,0,0.06226312939902545
무,2026-01-30,3200.0,0.16957595852366042,True,True,0,-0.027118644067796627
무,2026-01-31,3200.0,0.20896835441927347,True,True,0,-0.11016096579476853
무,2026-02-01,3200.0,0.23601664966561833,True,True,0,-0.1875151809570076
무,2026-02-02,2595.0,0.0065290803860699785,False,True,0,-0.20986154967209136
무,2026-02-03,2595.0,0.01850834785476492,False,True,0,-0.23220791838717525
무,2026-02-04,2595.0,0.02065480015970066,False,True,0,-0.2545542871022589
무,2026-02-05,2235.0,0.010350262300035943,False,True,0,-0.19189602446483178
무,2026-02-06,2235.0,0.03084192423560079,False,False,0,-0.12275529348700087
무,2026-02-07,2235.0,0.0282134074586665,False,False,0,-0.04607122668174113
무,2026-02-08,2235.0,0.0426142947676644,False,False,0,0.039461883408071774
무,2026-02-09,2135.0,0.025521889526893906,False,False,1,0.10636335690132204
무,2026-02-10,2135.0,0.06627158783509618,False,False,1,0.17715912685858903
무,2026-02-11,2135.0,0.09658516757014007,True,False,1,0.25219941348973607
무,2026-02-12,2745.0,0.5368033493241781,True,False,1,0.21192052980132448
무,2026-02-13,2745.0,0.3584394841891735,True,False,1,0.15887564925145137
무,2026-02-14,2745.0,0.30917904418986136,True,False,1,0.10903703703703704
무,2026-02-15,2745.0,0.3560616268268277,True,False,0,0.06212251941328728
무,2026-02-16,2745.0,0.3558615909985348,True,True,0,0.012225618227285517
무,2026-02-17,2745.0,0.35809715753391347,True,True,0,-0.03439935501209346
무,2026-02-18,2745.0,0.1850832638948338,True,True,0,-0.07806401249024197
무,2026-02-19,2745.0,0.1102138388572135,True,True,0,-0.06479313036690082
무,2026-02-20,2495.0,0.03841559502434612,False,True,0,-0.025837068283680487
무,2026-02-21,2495.0,0.12635380721597614,True,True,0,0.014159764894469795
무,2026-02-22,2495.0,0.2206297934243597,True,True,0,0.05523964256701874
무,2026-02-23,2495.0,0.2908004228825349,True,False,0,0.09744715893494371
무,2026-02-24,2495.0,0.2975336498837035,True,False,1,0.14082939048149168
무,2026-02-25,2495.0,0.2377658214433315,True,False,1,0.18543607112616423
무,2026-02-26,3000.0,0.8204544630912546,True,False,1,0.1686143572621035
무,2026-02-27,3000.0,0.5159884890440745,True,False,1,0.13667117726657652
무,2026-02-28,3000.0,0.5536378686258119,True,False,1,0.10642781875658591
무,2026-03-01,3000.0,0.4996771038817367,True,True,0,0.07775211701308704
무,2026-03-02,3000.0,0.24897273461879973,True,True,0,0.05052526263131574
무,2026-03-03,3000.0,0.1742424543699869,True,True,0,0.024640156135642854
무,2026-03-04,3000.0,0.19764010567035137,True,True,0,0.0
무,2026-03-05,3000.0,0.17306316414185807,True,True,0,-0.024047619047619095
무,2026-03-06,3000.0,0.12235588205952051,True,True,0,-0.04809523809523808
무,2026-03-07,3000.0,0.10892005205357255,True,True,0,-0.07214285714285718
무,2026-03-08,3000.0,0.08735338973470823,True,True,0,-0.09619047619047616
무,2026-03-09,3000.0,0.06054798493748259,False,True,0,-0.12023809523809526
무,2026-03-10,3000.0,0.04475206342826321,False,False,0,-0.14428571428571424
무,2026-03-11,3000.0,0.018200539756908368,False,False,0,-0.16833333333333333
무,2026-03-12,2495.0,0.007366701626755814,False,False,0,-0.12808001951695536
무,2026-03-13,2495.0,0.03116823100704916,False,False,0,-0.10855427713856924
무,2026-03-14,2495.0,0.030952475063460987,False,False,0,-0.08801642288940215
무,2026-03-15,2495.0,0.03908872641444517,False,False,0,-0.06638566912539512
무,2026-03-16,2495.0,0.04070118542143476,False,False,0,-0.043572395128552044
무,2026-03-17,2495.0,0.09843332267243875,True,False,0,0.005843071786310494
무,2026-03-18,2495.0,0.13513659590221838,True,False,0,0.05811623246492981
무,2026-03-19,2900.0,0.4898551276647277,True,False,0,0.034135422495803036
무,2026-03-20,2445.0,0.02039783490186968,False,False,0,0.06257014590347931
무,2026-03-21,2445.0,0.029971139692691443,False,False,0,0.09116488463702876
무,2026-03-22,2445.0,0.025693142665596688,False,False,1,0.11992099322799099
무,2026-03-23,2445.0,0.024792192015228542,False,False,1,0.14883984153933216
무,2026-03-24,2900.0,0.5092732028066763,True,False,1,0.12309820193637622
무,2026-03-25,2900.0,0.09641009536077622,True,True,0,0.07115800865800859
무,2026-03-26,2900.0,0.05260909678227489,False,False,0,0.043831168831168776
무,2026-03-27,2900.0,0.02909142449716523,False,True,0,-0.007921837866385006
무,2026-03-28,2900.0,0.023006948953141426,False,True,0,-0.05724600309437855
무,2026-03-29,2900.0,0.014972094432487114,False,True,0,-0.10430839002267578
무,2026-03-30,2900.0,0.017522120541291465,False,True,0,-0.14926108374384228
무,2026-03-31,2900.0,0.016346198493514964,False,True,0,-0.17413793103448272
무,2026-04-01,2395.0,0.00543518053886621,False,True,0,-0.1530689568072745
무,2026-04-02,2395.0,0.012202320556161954,False,False,0,-0.13089683773976157
무,2026-04-03,2395.0,0.011978959726010699,False,False,0,-0.1075326058025019
무,2026-04-04,2395.0,0.011177452453408645,False,False,0,-0.08287746170678345
무,2026-04-05,2395.0,0.016167395426630465,False,False,0,-0.0568213783403656
무,2026-04-06,2395.0,0.022124025352296246,False,False,0,-0.03213665315576164
무,2026-04-07,2395.0,0.03894934845104949,False,False,0,-0.005964807634953773
무,2026-04-08,2395.0,0.034448598101838306,False,False,0,-0.008947211452430714
무,2026-04-09,2395.0,0.026916499786409153,False,False,0,-0.005964807634953773
무,2026-04-10,2395.0,0.029487992458889098,False,False,0,-0.002982403817476942
무,2026-04-11,2395.0,0.02232718974388957,False,False,0,0.0
무,2026-04-12,2395.0,0.01584988615870955,False,False,0,0.002982403817477053
무,2026-04-13,2345.0,0.027383399413405767,False,False,0,0.005982650314089399
무,2026-04-14,2345.0,0.026878693268302917,False,False,0,0.030303030303030276
무,2026-04-15,2345.0,0.007026679049371569,False,False,0,0.06680710201625062
무,2026-04-16,2445.0,0.03715320558278729,False,False,0,0.09090909090909105
무,2026-04-17,2445.0,0.02253693463277154,False,False,0,0.087645827101406
무,2026-04-18,2445.0,0.02434191737851588,False,False,0,0.08440202803459607
무,2026-04-19,2445.0,0.02593432474458818,False,False,0,0.08117752007136492
무,2026-04-20,2345.0,0.007154452442198049,False,False,0,0.08415105560511438
무,2026-04-21,2700.0,0.43492703790791953,True,False,0,0.043972044263249854
무,2026-04-22,2900.0,0.3510636191985204,True,True,0,-0.017207334273624975
무,2026-04-23,2900.0,0.3041786225889241,True,True,0,-0.08058305830583068
무,2026-04-24,2445.0,0.03716775912248791,False,True,0,-0.09433443344334436
무,2026-04-25,2445.0,0.17100203379050063,True,True,0,-0.10808580858085814
무,2026-04-26,2445.0,0.16658633100628298,True,True,0,-0.12183718371837193
무,2026-04-27,2395.0,0.14395426108722637,True,True,0,-0.1352166758091058
무,2026-04-28,2395.0,0.1155860015706685,True,False,0,-0.13165969316596937
무,2026-04-29,2395.0,0.14276762299316517,True,False,0,-0.11796785304247981
무,2026-04-30,2195.0,0.02109367729903975,False,False,0,-0.05085252766975756
무,2026-05-01,2195.0,0.04785307380646449,False,False,0,-0.006073489219556749
무,2026-05-02,2195.0,0.02847630822940766,False,False,0,0.04008633980881893
무,2026-05-03,2195.0,0.052120820530584096,False,False,0,0.08769182586908864
무,2026-05-04,2195.0,0.08431688882007243,True,False,1,0.13320647002854424
무,2026-05-05,2195.0,0.12450084719994473,True,False,1,0.1798907805974943
무,2026-05-06,2195.0,0.08788099735321311,True,False,1,0.22779043280182232
무,2026-05-07,2695.0,0.7551152820120002,True,False,1,0.18909549322407804
무,2026-05-08,2695.0,0.41084988338341305,True,False,1,0.15276504735716467
무,2026-05-09,2695.0,0.26580058607032825,True,False,1,0.1185887933590275
무,2026-05-10,2695.0,0.1570680198479449,True,True,0,0.08638065073423551
무,2026-05-11,2695.0,0.11944735429913879,True,True,0,0.055975370836831795
무,2026-05-12,2695.0,0.10577531693098076,True,True,0,0.027225701061802443
무,2026-05-13,2695.0,0.06053846638437141,False,True,0,0.0
무,2026-05-14,2695.0,0.09593480757444638,True,True,0,-0.013252054068380592
무,2026-05-15,2695.0,0.08386414394873791,True,True,0,-0.03456135701033669
무,2026-05-16,2695.0,0.059547036570938315,False,True,0,-0.05587065995229257
무,2026-05-17,2695.0,0.0558623324416541,False,True,0,-0.07717996289424855
무,2026-05-18,2695.0,0.08248858653763975,True,True,0,-0.09848926583620465
무,2026-05-19,2695.0,0.09893335981637404,True,False,0,-0.11174131990458525
무,2026-05-20,2695.0,0.07080320623573401,False,False,0,-0.12499337397296573
무,2026-05-21,2445.0,0.013668282948635913,False,False,0,-0.11324200913242
무,2026-05-22,2293.0,0.009446597853830726,False,False,0,-0.08532366990611107
무,2026-05-23,2293.0,0.019754976024828744,False,False,0,-0.05614507888383591
무,2026-05-24,2293.0,0.021104855924901564,False,False,0,-0.02561893273594118
무,2026-05-25,2293.0,0.03455794994350729,False,False,0,0.006350326336214573
무,2026-05-26,2445.0,0.1927492780147437,True,False,0,0.018380378349346582
무,2026-05-27,2445.0,0.15536862687936495,True,False,0,0.030774822802447366
무,2026-05-28,2445.0,0.2870119302249179,True,False,0,0.0207790634276368
무,2026-05-29,2445.0,0.3138407349861102,True,False,0,0.0015607179302479235
무,2026-05-30,2445.0,0.19215778598735642,True,False,0,-0.017310094580929136
무,2026-05-31,2445.0,0.20965951934846447,True,False,0,-0.035842716500618876
무,2026-06-01,2445.0,0.06621576535003322,False,False,0,-0.054046158340636974
무,2026-06-02,2395.0,0.02669150616835513,False,False,0,-0.05801347787869893
무,2026-06-03,2395.0,0.06747489224237806,False,False,0,-0.062004114017043865
무,2026-06-04,2280.0,0.012865253258491409,False,False,0,-0.04884272997032657
무,2026-06-05,2280.0,0.027531541076818915,False,False,0,-0.03542103685945441
무,2026-06-06,2280.0,0.028526114488753786,False,False,0,-0.021731234866828042
무,2026-06-07,2280.0,0.028514660449257444,False,False,0,-0.007765209416080832
무,2026-06-08,2280.0,0.023556795073745657,False,False,0,-0.005991352686843698
무,2026-06-09,2280.0,0.025301818188338716,False,False,0,-0.00727838258164859
무,2026-06-10,2280.0,0.03629730040310312,False,False,0,-0.00858395989974936
무,2026-06-11,2347.0,0.12392053870683285,True,False,0,-0.003182130155362839
무,2026-06-12,2347.0,0.07411909203183151,False,False,0,0.0021747234994407005
무,2026-06-13,2347.0,0.07639912744622473,False,False,0,0.007487160447992025
무,2026-06-14,2347.0,0.10220475474679842,True,False,0,0.012755730835592782
무,2026-06-15,2145.0,0.012322326866835705,False,False,0,0.04331075622941638
무,2026-06-16,2145.0,0.05890349264583362,False,False,0,0.07438275473116929
무,2026-06-17,2145.0,0.06500443701023165,False,False,1,0.10598495860456292
무,2026-06-18,2500.0,0.5207975108622049,True,False,0,0.0953930896344517
무,2026-06-19,2500.0,0.1548858597112314,True,False,0,0.08500217000433996
무,2026-06-20,2500.0,0.12473444994194141,True,False,0,0.07480653482373167
무,2026-06-21,2500.0,0.12129783039637695,True,False,0,0.06480073014907228
무,2026-06-22,2500.0,0.21486616583296722,True,False,0,0.04228707564026202
무,2026-06-23,2500.0,0.16518480825428766,True,True,0,0.020705745115193963
무,2026-06-24,2500.0,0.1487694865731976,True,True,0,0.0
무,2026-06-25,2500.0,0.1487694865731976,True,True,0,0.0
무,2026-06-26,2500.0,0.17173633579888195,True,True,0,0.0
무,2026-06-27,2500.0,0.29561567006559614,True,True,0,0.0
무,2026-06-28,2500.0,0.3032779019658943,True,True,0,0.0
무,2026-06-29,2500.0,0.2968090556240153,True,False,0,0.0
무,2026-06-30,2500.0,0.28176379786808853,True,False,0,0.028571428571428692
무,2026-07-01,2500.0,0.2381317864808387,True,False,0,0.05714285714285716
무,2026-07-02,2500.0,0.026442038552597847,False,False,0,0.08571428571428563
무,2026-07-03,2500.0,0.030536657970164013,False,False,0,0.08542857142857141
무,2026-07-04,2500.0,0.0350335453200198,False,False,0,0.08514285714285696
무,2026-07-05,2500.0,0.028008493979330727,False,False,0,0.08485714285714296
무,2026-07-06,2500.0,0.0227530364411783,False,False,0,0.08457142857142852
무,2026-07-07,3000.0,0.8304548111415097,True,False,0,0.026388888888888795
무,2026-07-08,3000.0,0.45214141912562245,True,True,0,-0.028648648648648467
무,2026-07-09,3000.0,0.565064533426791,True,True,0,-0.08078947368421052
무,2026-07-10,2495.0,0.055455368040112425,False,True,0,-0.08054751250329029
무,2026-07-11,2495.0,0.212908471395724,True,True,0,-0.08030542390731954
무,2026-07-12,2495.0,0.21400251945965998,True,True,0,-0.08006320779562814
무,2026-07-13,2495.0,0.20201556661230743,True,True,0,-0.07982086406743949
무,2026-07-14,2495.0,0.25105952264499715,True,False,0,-0.05466847090663052
무,2026-07-15,2495.0,0.23213312068122247,True,False,0,-0.05436839176405128
무,2026-07-16,2495.0,0.18207108115389467,True,False,0,-0.04448897795591178
무,2026-07-17,2495.0,0.13795618577507615,True,False,0,-0.06853707414829657
무,2026-07-18,2495.0,0.13371117795506157,True,False,0,-0.09258517034068137
무,2026-07-19,2495.0,0.13580327556208538,True,False,0,-0.11663326653306616
무,2026-07-20,2495.0,0.1817562997588282,True,False,0,-0.14388777555110221
무,2026-07-21,2495.0,0.2853452164973815,True,False,0,-0.16461494417406242
무,2026-07-22,2023.0,0.03628945036815036,False,False,0,-0.13493791561231094
무,2026-07-23,2190.0,0.46579113497656083,True,False,0,-0.12446069031639506
무,2026-07-24,2075.0,0.08846024157770938,True,False,0,-0.08839439390213921
무,2026-07-25,2075.0,0.25306564263769754,True,False,0,-0.05041645633518432
무,2026-07-26,2075.0,0.2329787876087315,True,False,0,-0.010370754472387778
무,2026-07-27,2019.0,0.28551407586761673,True,False,0,0.0351123595505618
무,2026-07-28,2133.0,0.6604220231461012,True,False,0,0.06730637422892394
무,2026-07-29,2133.0,0.42313005111634744,True,False,0,0.04292517006802732
무,2026-07-30,2101.0,0.32395540004404066,True,False,0,0.034973649989733735
무,2026-07-31,2294.0,0.5889576042852955,True,False,0,-0.007417397167902906
무,2026-08-01,2294.0,0.413889801584364,True,False,0,-0.04857465612333045
무,2026-08-02,2294.0,0.42326324846746133,True,False,0,-0.08855121823421541
무,2026-08-03,2228.0,0.25323476569690784,True,False,0,-0.12256897331524197
무,2026-08-04,2228.0,0.31847349951843723,True,True,0,-0.14737991266375539
무,2026-08-05,1892.0,0.04342705166204718,False,False,0,-0.1318244080620965
무,2026-08-06,1892.0,0.2473376081203114,True,False,0,-0.10230128289908746
무,2026-08-07,1892.0,0.1933557559720893,True,False,0,-0.059782608695652106
무,2026-08-08,1892.0,0.15886220808147758,True,False,0,-0.01487637938259534
무,2026-08-09,1892.0,0.18988412489415052,True,False,0,0.032624317332566655
무,2026-08-10,1892.0,0.18988412489415052,True,False,0,0.07768777614138433
무,2026-08-11,1925.0,0.28543218182373215,True,False,1,0.1197559689688934
무,2026-08-12,1925.0,0.19537395906423202,True,False,1,0.13441021788129226
무,2026-08-13,2157.0,0.4151671481397483,True,False,1,0.1323756906077349
무,2026-08-14,2157.0,0.2615056361294572,True,False,1,0.13041907514450868
무,2026-08-15,2157.0,0.2673322775370932,True,False,1,0.12853598014888346
무,2026-08-16,2157.0,0.5480407162189306,True,False,1,0.126722338204593
무,2026-08-17,2157.0,0.3866302189811863,True,True,1,0.12497437649470444
무,2026-08-18,2157.0,0.2946444226577638,True,True,1,0.12578193314051256
무,2026-08-19,2157.0,0.2901319672277813,True,True,1,0.1265646731571628
무,2026-08-20,2430.0,0.556744036958033,True,True,1,0.11156648451730411
무,2026-08-21,2430.0,0.27774003847381107,True,True,0,0.09709172259507826
무,2026-08-22,2430.0,0.205786608429292,True,True,0,0.08311345646437984
무,2026-08-23,2430.0,0.19008831448272429,True,True,0,0.06960657155209682
무,2026-08-24,2430.0,0.1764298942870517,True,True,0,0.05654761904761907
무,2026-08-25,2430.0,0.18970575681578475,True,True,0,0.04391468005018817
무,2026-08-26,2430.0,0.22058079494922334,True,True,0,0.03168724279835389
무,2026-08-27,2507.0,0.4032576849589088,True,True,0,0.027038099139696792
무,2026-08-28,2507.0,0.24315862228508195,True,True,0,0.022430668841761925
무,2026-08-29,2507.0,0.22024571804481777,True,True,0,0.01786439301664644
무,2026-08-30,2507.0,0.1326644790746533,True,True,0,0.013338722716248919
무,2026-08-31,2507.0,0.14874928156472284,True,True,0,0.008853118712273567
무,2026-09-01,2507.0,0.1555625023269597,True,False,0,0.004407051282051322
무,2026-09-02,2507.0,0.14384879602767955,True,False,0,0.0
무,2026-09-03,2507.0,0.017264913014187918,False,False,0,-0.002108382244002449
무,2026-09-04,2507.0,0.017821813324891574,False,False,0,-0.004216764488005009
무,2026-09-05,2507.0,0.013729051826988426,False,False,0,-0.006325146732007458
무,2026-09-06,2507.0,0.009437561641774313,False,False,0,-0.00843352897601013
배추,2026-01-01,5493.0,0.006486479190991412,False,False,0,-0.0021585914540585005
배추,2026-01-02,5493.0,0.00546317424149868,False,False,0,-0.0036149905073991073
배추,2026-01-03,5493.0,0.00566698962968783,False,False,0,-0.005071389560739714
배추,2026-01-04,5493.0,0.007245825492151599,False,False,0,-0.006527788614080321
배추,2026-01-05,5493.0,0.006797304624172726,False,False,0,-0.007984187667420928
배추,2026-01-06,5493.0,0.006508857334044894,False,False,0,-0.009440586720761535
배추,2026-01-07,5493.0,0.006920291171803628,False,False,0,-0.010896985774102141
배추,2026-01-08,5410.0,0.006706726871468867,False,False,0,-0.010920558798999003
배추,2026-01-09,5437.0,0.003226797289241521,False,False,0,-0.012346001252871108
배추,2026-01-10,5437.0,0.0030663903172485803,False,False,0,-0.01377561689669582
배추,2026-01-11,5437.0,0.0030663903172485803,False,False,0,-0.015209424083769685
배추,2026-01-12,5437.0,0.0021121165069803737,False,False,0,-0.013763632550335525
배추,2026-01-13,5437.0,0.002158612719952545,False,False,0,-0.012313589582020557
배추,2026-01-14,5437.0,0.001983442854927297,False,False,0,-0.010859276398822004
배추,2026-01-15,5327.0,0.0028102469515052203,False,False,0,-0.008695881314395804
배추,2026-01-16,5327.0,0.00333105426559667,False,False,0,-0.005814107138137903
배추,2026-01-17,5327.0,0.003058754874534625,False,False,0,-0.0029155291685442064
배추,2026-01-18,5327.0,0.0033442629680255145,False,False,0,0.0
배추,2026-01-19,5437.0,0.0031748408938762035,False,False,0,-0.002924054334245918
배추,2026-01-20,5437.0,0.003082582249685216,False,False,0,-0.005848108668492058
배추,2026-01-21,5437.0,0.0030874647310660005,False,False,0,-0.008772163002737976
배추,2026-01-22,5327.0,0.003463951085132881,False,False,0,-0.008772163002737976
배추,2026-01-23,5327.0,0.0028025447244661335,False,False,0,-0.005848108668492058
배추,2026-01-24,5327.0,0.0024763632705406074,False,False,0,-0.002924054334245918
배추,2026-01-25,5327.0,0.00263068462051914,False,False,0,0.0
배추,2026-01-26,5327.0,0.002391449242019731,False,False,0,0.00586525900450563
배추,2026-01-27,5327.0,0.0026082032755233046,False,False,0,0.011765020455092534
배추,2026-01-28,5327.0,0.0025547714348686133,False,False,0,0.014749658076108174
배추,2026-01-29,5327.0,0.002704112028550556,False,False,0,0.014749658076108174
배추,2026-01-30,5437.0,0.002590213621018404,False,False,0,0.008823765341319456
배추,2026-01-31,5437.0,0.002571964226302516,False,False,0,0.002932629502252704
배추,2026-02-01,5437.0,0.002972914674333231,False,False,0,-0.002924054334245918
배추,2026-02-02,5437.0,0.0029355956914994433,False,False,0,-0.008746587505632397
배추,2026-02-03,5437.0,0.003048344280271582,False,False,0,-0.014535267845344757
배추,2026-02-04,5327.0,0.004171262988344247,False,False,0,-0.014535267845344757
배추,2026-02-05,5327.0,0.00351691489108816,False,False,0,-0.010148259732022602
배추,2026-02-06,5327.0,0.00361118845719438,False,False,0,-0.0028625195472978815
배추,2026-02-07,5327.0,0.0033382620728353704,False,False,0,0.004465828437757446
배추,2026-02-08,5327.0,0.003087090067738036,False,False,0,0.01183715908182048
배추,2026-02-09,5327.0,0.003298460851904467,False,False,0,0.01925185165378762
배추,2026-02-10,5327.0,0.003172534509993191,False,False,0,0.02671028989782509
배추,2026-02-11,5327.0,0.0036259788595622306,False,False,0,0.0311620048807959
배추,2026-02-12,5493.0,0.02045095982626847,False,False,0,0.026591910292350862
배추,2026-02-13,5493.0,0.007873251697490393,False,False,0,0.02206214614178248
배추,2026-02-14,5493.0,0.010546347896512131,False,False,0,0.0175721809087781
배추,2026-02-15,5493.0,0.012059693964463023,False,False,0,0.01312149237214455
배추,2026-02-16,5493.0,0.023548098963346357,False,False,0,0.008709567407329644
배추,2026-02-17,5493.0,0.03889035854898111,False,False,0,0.008697923468721447
배추,2026-02-18,5493.0,0.0360547241393263,False,False,0,0.008686380068138488
배추,2026-02-19,5493.0,0.03790637791973067,False,False,0,0.013029570102208066
배추,2026-02-20,5493.0,0.03409915136794575,False,False,0,0.01737276013627742
배추,2026-02-21,5493.0,0.03337240382668072,False,False,0,0.021715950170346776
배추,2026-02-22,5493.0,0.07213910071166385,False,False,0,0.02605914020441591
배추,2026-02-23,5493.0,0.08789032333082103,True,False,0,0.030402330238485265
배추,2026-02-24,5660.0,0.13815701632427274,True,False,0,0.02594644984204253
배추,2026-02-25,5660.0,0.07936017005664753,False,False,0,0.02152894160113461
배추,2026-02-26,5660.0,0.08424344004165339,True,False,0,0.008600328609570829
배추,2026-02-27,5660.0,0.0696273823237023,False,False,0,-0.004217899230552935
배추,2026-02-28,5660.0,0.07203231573596383,False,False,0,-0.016927149620730053
배추,2026-03-01,5660.0,0.07111749100567999,False,False,0,-0.029528806427901566
배추,2026-03-02,5660.0,0.03197580413503262,False,False,0,-0.04202423018677437
배추,2026-03-03,5660.0,0.034088135111803496,False,False,0,-0.05042907622412929
배추,2026-03-04,5660.0,0.04118943516266136,False,False,0,-0.058833922261484095
배추,2026-03-05,5327.0,0.01877193415419052,False,False,0,-0.05085651742306618
배추,2026-03-06,5327.0,0.061801685874870685,False,False,0,-0.042742722185141524
배추,2026-03-07,5327.0,0.062185332405683566,False,False,0,-0.034489008570466884
배추,2026-03-08,5327.0,0.0704353351325483,False,False,0,-0.026091725867112392
배추,2026-03-09,5327.0,0.047700323163058715,False,False,0,-0.01754709524436826
배추,2026-03-10,5327.0,0.03805835020998642,False,False,0,-0.008851204082717556
배추,2026-03-11,5327.0,0.01735772706912154,False,False,0,0.0
배추,2026-03-12,5327.0,0.015868004154230224,False,False,0,0.0
배추,2026-03-13,5327.0,0.01991541363481956,False,False,0,0.0
배추,2026-03-14,5327.0,0.023774671867270634,False,False,0,0.0
배추,2026-03-15,5327.0,0.02482568872730341,False,False,0,0.0
배추,2026-03-16,5327.0,0.010934825494088397,False,False,0,0.0
배추,2026-03-17,5327.0,0.0111358743488313,False,False,0,0.0
배추,2026-03-18,5327.0,0.010821213761547271,False,False,0,0.0
배추,2026-03-19,5327.0,0.005369995429048898,False,False,0,-0.008957065086218408
배추,2026-03-20,5327.0,0.005150200236672353,False,False,0,-0.017914130172436926
배추,2026-03-21,5327.0,0.004710906953687927,False,False,0,-0.026871195258655334
배추,2026-03-22,5327.0,0.004249580634016984,False,False,0,-0.03582826034487385
배추,2026-03-23,5327.0,0.004053883358399488,False,False,0,-0.04478532543109226
배추,2026-03-24,5327.0,0.003425523014980976,False,False,0,-0.05374239051731078
배추,2026-03-25,5327.0,0.0028634652416284568,False,False,0,-0.06269945560352919
배추,2026-03-26,4993.0,0.004145304887064344,False,False,0,-0.05422811527533489
배추,2026-03-27,4993.0,0.004899535400774444,False,False,0,-0.04560225007509355
배추,2026-03-28,4993.0,0.004145087506589591,False,False,0,-0.036817593077410726
배추,2026-03-29,4993.0,0.003255015787338291,False,False,0,-0.027869718799543808
배추,2026-03-30,4993.0,0.0049243003139785154,False,False,0,-0.021926499901737784
배추,2026-03-31,4993.0,0.0035668165195635376,False,False,0,-0.015870766614708764
배추,2026-04-01,4993.0,0.004363383031336845,False,False,0,-0.009699293296329126
배추,2026-04-02,4993.0,0.0046590754561793065,False,False,0,-0.01293239106177213
배추,2026-04-03,4993.0,0.004446840083534459,False,False,0,-0.006637864438785668
배추,2026-04-04,4993.0,0.005160004791458641,False,False,0,-0.0003433378157992051
배추,2026-04-05,4993.0,0.00535783808745438,False,False,0,0.005951188807187036
배추,2026-04-06,4880.0,0.006927309068235398,False,False,0,0.018772604627131262
배추,2026-04-07,4880.0,0.007089951689076457,False,False,0,0.031677465802735894
배추,2026-04-08,4880.0,0.007174807286901678,False,False,0,0.04466658962209635
배추,2026-04-09,4880.0,0.004936804688427478,False,False,0,0.057740804081277686
배추,2026-04-10,5213.0,0.03182012937432882,False,False,0,0.0478700423399292
배추,2026-04-11,5213.0,0.01573635959684318,False,False,0,0.03812358682274808
배추,2026-04-12,5213.0,0.016047979153746027,False,False,0,0.028499104070081716
배추,2026-04-13,5213.0,0.014725671773382132,False,False,0,0.015750028175363306
배추,2026-04-14,5213.0,0.014318424453942232,False,False,0,0.003237962316817944
배추,2026-04-15,5213.0,0.013017208411986586,False,False,0,-0.009043641794347135
배추,2026-04-16,5213.0,0.012892717599507117,False,True,0,-0.03324107314132263
배추,2026-04-17,5103.0,0.013658888018697647,False,False,0,-0.042494708776559253
배추,2026-04-18,5103.0,0.0124102464142116,False,False,0,-0.05180447189214532
배추,2026-04-19,5103.0,0.014618858745158924,False,False,0,-0.061170874699261635
배추,2026-04-20,5103.0,0.025479649443839802,False,False,0,-0.06601758619733156
배추,2026-04-21,5103.0,0.025990586041961368,False,False,0,-0.07089396510948498
배추,2026-04-22,5103.0,0.023554947766689815,False,False,0,-0.07580028466969946
배추,2026-04-23,4660.0,0.013387489518839613,False,False,0,-0.07789557231135547
배추,2026-04-24,4660.0,0.05759598495749219,False,False,0,-0.08296253767762318
배추,2026-04-25,4660.0,0.059695733121817036,False,False,0,-0.08816003721795762
배추,2026-04-26,4660.0,0.0500838585924218,False,False,0,-0.0934931809478925
배추,2026-04-27,4825.0,0.1769919431375653,True,False,0,-0.10828309227525157
배추,2026-04-28,4825.0,0.08706487200446564,True,False,0,-0.12331925852723635
배추,2026-04-29,4825.0,0.11029511401415093,True,False,0,-0.13860788162464133
배추,2026-04-30,4075.0,0.021494819759735096,False,False,0,-0.1308023363049492
배추,2026-05-01,4075.0,0.06104614719181214,False,False,0,-0.12271090937548912
배추,2026-05-02,4075.0,0.03958885729286483,False,False,0,-0.11431760204081642
배추,2026-05-03,4075.0,0.07272125997680472,False,False,0,-0.10560519902518273
배추,2026-05-04,4075.0,0.15540895649091147,True,False,0,-0.09159034138218158
배추,2026-05-05,4075.0,0.16611581385809143,True,False,0,-0.07685738684884702
배추,2026-05-06,4075.0,0.12890101694214234,True,False,0,-0.06134969325153372
배추,2026-05-07,3825.0,0.024571768440277766,False,False,0,-0.053050397877984046
배추,2026-05-08,3825.0,0.08449526774605869,True,False,0,-0.04460303300624435
배추,2026-05-09,3825.0,0.08246482195224518,True,False,0,-0.036003600360035914
배추,2026-05-10,3825.0,0.08581069365903947,True,False,0,-0.027247956403269824
배추,2026-05-11,3825.0,0.05711983220191191,False,False,0,-0.01620531622364807
배추,2026-05-12,3825.0,0.054849043293895346,False,False,0,-0.013209990749306177
배추,2026-05-13,3825.0,0.04496152265660097,False,False,0,-0.010158730158730145
배추,2026-05-14,3825.0,0.05865064933119649,False,False,0,-0.0022408963585434094
배추,2026-05-15,3825.0,0.040708938015969726,False,False,0,0.005676937441643437
배추,2026-05-16,3825.0,0.028932220016233464,False,False,0,0.013594771241830061
배추,2026-05-17,3825.0,0.02770457472242093,False,False,0,0.021512605042016686
배추,2026-05-18,3883.0,0.061114340390620546,False,False,0,0.025043789363843105
배추,2026-05-19,3660.0,0.028624622771155902,False,False,0,0.045522723863806736
배추,2026-05-20,3660.0,0.051209668668102275,False,False,0,0.06625665019054439
배추,2026-05-21,4037.0,0.36069083168451704,True,False,0,0.057795246116413956
배추,2026-05-22,4037.0,0.14725991377105857,True,False,0,0.04946707765439884
배추,2026-05-23,4037.0,0.11782053537828764,True,False,0,0.041269022440030945
배추,2026-05-24,4037.0,0.12876272224528568,True,False,0,0.03319805491572514
배추,2026-05-25,4037.0,0.15442307329039828,True,False,0,0.027413197600436368
배추,2026-05-26,4037.0,0.15378138025220162,True,False,0,0.013521268201707182
배추,2026-05-27,4037.0,0.07934677028531076,False,True,0,0.0
배추,2026-05-28,4037.0,0.06816736172937722,False,True,0,-0.007431260837255427
배추,2026-05-29,4037.0,0.061278703446790324,False,False,0,-0.014862521674510742
배추,2026-05-30,4037.0,0.056297386348197684,False,False,0,-0.02229378251176617
배추,2026-05-31,4037.0,0.055171452688210845,False,False,0,-0.029725043349021596
배추,2026-06-01,4037.0,0.047061435823785684,False,False,0,-0.03715630418627691
배추,2026-06-02,4037.0,0.027140603742254316,False,False,0,-0.04458756502353234
배추,2026-06-03,4037.0,0.03638926726810265,False,False,0,-0.052018825860787765
배추,2026-06-04,3827.0,0.009743009304870305,False,False,0,-0.039003173018645976
배추,2026-06-05,3827.0,0.025868803612134672,False,False,0,-0.02579115629153339
배추,2026-06-06,3827.0,0.028886843045517314,False,False,0,-0.01237829816497149
배추,2026-06-07,3827.0,0.028735424332543395,False,False,0,0.0012400160472665345
배추,2026-06-08,3827.0,0.025909750830149358,False,False,0,0.01506854349663711
배추,2026-06-09,3827.0,0.024228473887970555,False,False,0,0.029112189340345873
배추,2026-06-10,3827.0,0.027451195042873116,False,False,0,0.04337601254246137
배추,2026-06-11,3993.0,0.062134810573012116,False,False,0,0.043145984047486374
배추,2026-06-12,3993.0,0.046381338988809875,False,False,0,0.04291877143173184
배추,2026-06-13,3993.0,0.04346372426069566,False,False,0,0.04269432330413747
배추,2026-06-14,3993.0,0.057466806578769195,False,False,0,0.04247258951662847
배추,2026-06-15,3993.0,0.059187074913797856,False,False,0,0.04225352112676073
배추,2026-06-16,3993.0,0.049972656330317125,False,False,0,0.0420370703617059
배추,2026-06-17,3993.0,0.04780599202454819,False,False,0,0.04182319058352113
배추,2026-06-18,4160.0,0.0530175790519433,False,False,0,0.03563553595561575
배추,2026-06-19,4160.0,0.03354004344241296,False,False,0,0.029520947498674177
배추,2026-06-20,4160.0,0.03310711011283185,False,False,0,0.023478138619429156
배추,2026-06-21,4160.0,0.032543774863662146,False,False,0,0.017505852755162588
배추,2026-06-22,4160.0,0.03450219046511095,False,False,0,0.011602862502605227
배추,2026-06-23,4160.0,0.04190153213753536,False,False,0,0.005767968776983379
배추,2026-06-24,4160.0,0.040209869401029184,False,False,0,0.0
배추,2026-06-25,4160.0,0.025707438456339327,False,False,0,0.003777472527472403
배추,2026-06-26,4160.0,0.02589099607773432,False,False,0,0.007554945054945028
배추,2026-06-27,4160.0,0.03558433630696304,False,False,0,0.011332417582417431
배추,2026-06-28,4160.0,0.046670780520566196,False,False,0,0.015109890109890278
배추,2026-06-29,4160.0,0.0615721247183997,False,False,0,0.01888736263736268
배추,2026-06-30,4160.0,0.06070195843573249,False,False,0,0.02839972527472523
배추,2026-07-01,4160.0,0.059353527594197215,False,False,0,0.005837912087912178
배추,2026-07-02,4270.0,0.0888219069079634,True,False,0,-0.024187478617858305
배추,2026-07-03,4270.0,0.05883738020615043,False,False,0,-0.053987730061349715
배추,2026-07-04,4270.0,0.0628976113818571,False,False,0,-0.08356536502546685
배추,2026-07-05,4270.0,0.058854858025803904,False,False,0,-0.11292286874154267
배추,2026-07-06,4270.0,0.060232696526901816,False,False,0,-0.14206268958543977
배추,2026-07-07,4437.0,0.19532408439466897,True,False,0,-0.18118676328179784
배추,2026-07-08,3503.0,0.03045164884122583,False,False,0,-0.15001707067258463
배추,2026-07-09,3503.0,0.17190543002146663,True,False,0,-0.10016477930091505
배추,2026-07-10,3503.0,0.21795827443646626,True,False,0,-0.04755728491137057
배추,2026-07-11,3503.0,0.20535941918586387,True,False,0,0.008040312719997056
배추,2026-07-12,3503.0,0.2853035678914336,True,False,0,0.06689039737624891
배추,2026-07-13,3503.0,0.4652751996824718,True,False,1,0.11463366725594182
배추,2026-07-14,3503.0,0.7289458628465068,True,False,1,0.17328004567513555
배추,2026-07-15,3878.0,0.900791193178679,True,False,1,0.15649100257069404
배추,2026-07-16,4273.0,0.8868822815078812,True,False,1,0.11602898776591597
배추,2026-07-17,4273.0,0.7313917449498124,True,False,0,0.07535179300953265
배추,2026-07-18,4273.0,0.6092406206570271,True,False,0,0.03697713739616271
배추,2026-07-19,4273.0,0.4630641502876541,True,True,0,0.000714898484415194
배추,2026-07-20,3900.0,0.1454517141319148,True,True,0,-0.00775385049166466
배추,2026-07-21,3900.0,0.588531288173733,True,True,0,-0.015988877302745896
배추,2026-07-22,3900.0,0.5783673209467483,True,True,0,-0.011287857738260576
배추,2026-07-23,4125.0,0.6390927101696795,True,True,0,-0.008099427454266173
배추,2026-07-24,4057.0,0.45099322332583575,True,True,0,0.003763894751653174
배추,2026-07-25,4057.0,0.6314644273790816,True,False,0,0.015808875655749288
배추,2026-07-26,4057.0,0.6351336940797073,True,False,0,0.028039719959994214
배추,2026-07-27,4057.0,0.7192646475312502,True,False,0,0.03459666820587515
배추,2026-07-28,4057.0,0.6551917465670836,True,False,0,0.04108089014482519
배추,2026-07-29,4057.0,0.6416779391524592,True,False,0,0.051357712438964365
배추,2026-07-30,4070.0,0.48575821891918175,True,False,0,0.06757708010699703
배추,2026-07-31,4180.0,0.6602373650932241,True,False,0,0.07324338531627816
배추,2026-08-01,4180.0,0.5781662559837862,True,False,0,0.07886105101542329
배추,2026-08-02,4180.0,0.6166327908309396,True,False,0,0.08443070080956172
배추,2026-08-03,4403.0,0.7032963443581647,True,False,0,0.0739520032959109
배추,2026-08-04,4403.0,0.641075182402812,True,False,0,0.06371933634173632
배추,2026-08-05,4513.0,0.6531507879194867,True,True,0,0.04617594974773631
배추,2026-08-06,4473.0,0.38301299363417907,True,True,0,0.04592509560859814
배추,2026-08-07,4473.0,0.5564177169272374,True,True,0,0.04943673469387755
배추,2026-08-08,4473.0,0.4923640570913848,True,True,0,0.0528818164176208
배추,2026-08-09,4473.0,0.43173501847117346,True,True,0,0.05626221524462527
배추,2026-08-10,4473.0,0.40840535147561174,True,True,0,0.0671334036635658
배추,2026-08-11,4473.0,0.25944143474473147,True,True,0,0.07795604605913709
배추,2026-08-12,4473.0,0.42512145766722775,True,False,0,0.09255533199195165
배추,2026-08-13,4887.0,0.7742984827980761,True,False,0,0.09847123719464146
배추,2026-08-14,4887.0,0.6854120070211284,True,False,1,0.10423473038986897
배추,2026-08-15,4887.0,0.7043046922598379,True,True,1,0.1098516265781957
배추,2026-08-16,4887.0,0.8465204826708933,True,True,1,0.11532744866078204
배추,2026-08-17,4887.0,0.7833412777128034,True,True,1,0.12066744555285935
배추,2026-08-18,4887.0,0.7427556070136738,True,True,1,0.1258766089658232
배추,2026-08-19,4887.0,0.7266959439986801,True,True,1,0.13095968897073873
배추,2026-08-20,5527.0,0.8437816423540514,True,True,1,0.11018967545697156
배추,2026-08-21,5527.0,0.6330303011725593,True,True,0,0.09955197385105241
배추,2026-08-22,5527.0,0.40945214256981805,True,True,0,0.08929115115281339
배추,2026-08-23,5527.0,0.3207697199161421,True,True,0,0.07938752753678369
배추,2026-08-24,5527.0,0.28401278261506224,True,True,0,0.06982276992167669
배추,2026-08-25,5527.0,0.30232864496092177,True,True,0,0.060579778706405074
배추,2026-08-26,5527.0,0.4582343289047568,True,True,0,0.05164258574788705
배추,2026-08-27,5527.0,0.40231187198858365,True,True,0,0.06800382537672212
배추,2026-08-28,5860.0,0.46691230798311856,True,True,0,0.06657782789195843
배추,2026-08-29,5860.0,0.3432655856880338,True,True,0,0.0651759623935968
배추,2026-08-30,5860.0,0.266479788314089,True,True,0,0.06379762144728884
배추,2026-08-31,5860.0,0.2551235780934128,True,True,0,0.062442217835636304
배추,2026-09-01,5860.0,0.25972771424275537,True,True,0,0.06110918372404206
배추,2026-09-02,5860.0,0.2648802200647754,True,True,0,0.05979796986752528
배추,2026-09-03,6160.0,0.191023270168354,True,True,0,0.02427395934172294
배추,2026-09-04,6160.0,0.15149394304555502,True,True,0,-0.002258529553099353
배추,2026-09-05,6160.0,0.13093831378980697,True,True,0,-0.028411259541984646
배추,2026-09-06,6160.0,0.06346556338708238,False,True,0,-0.05419232591189016
삼겹살,2026-01-01,2656.0,0.002091044516644399,False,False,0,0.03336274401676409
삼겹살,2026-01-02,2672.0,0.0017044080340566181,False,False,0,0.024682574430823223
삼겹살,2026-01-03,2675.0,0.0020358490052240883,False,False,0,0.01640145549340133
삼겹살,2026-01-04,2675.0,0.0017658239098057023,False,False,0,0.008028882422674855
삼겹살,2026-01-05,2649.0,0.0015159099990398506,False,False,0,0.008397932816537335
삼겹살,2026-01-06,2716.0,0.0024230777219758598,False,False,0,0.0009104053981685567
삼겹살,2026-01-07,2699.0,0.0014614373168847122,False,False,0,-0.005282253761605071
삼겹살,2026-01-08,2653.0,0.002039910614011651,False,False,0,-0.012113773413736095
삼겹살,2026-01-09,2656.0,0.0024055921995081624,False,False,0,-0.013940073706136813
삼겹살,2026-01-10,2667.0,0.0019245201007831452,False,False,0,-0.016777985573069643
삼겹살,2026-01-11,2667.0,0.0017379064533410496,False,False,0,-0.019564868765702625
삼겹살,2026-01-12,2674.0,0.0009059339744671782,False,False,0,-0.024877215460175073
삼겹살,2026-01-13,2674.0,0.0007659608680993339,False,False,0,-0.027019796682718145
삼겹살,2026-01-14,2652.0,0.000639638596350383,False,False,0,-0.028482540363675257
삼겹살,2026-01-15,2522.0,0.0009536481299205115,False,False,0,-0.02468668971477961
삼겹살,2026-01-16,2606.0,0.0027752103819749514,False,False,0,-0.02404939876503087
삼겹살,2026-01-17,2606.0,0.0022842051056920776,False,False,0,-0.021466224661703226
삼겹살,2026-01-18,2607.0,0.00218224617921521,False,False,0,-0.01930101957363295
삼겹살,2026-01-19,2599.0,0.0017682047997992615,False,False,0,-0.014124603087704024
삼겹살,2026-01-20,2593.0,0.0016659313254016412,False,False,0,-0.007588671982402984
삼겹살,2026-01-21,2579.0,0.0018849589154198785,False,False,0,-0.0003312720848057671
삼겹살,2026-01-22,2465.0,0.0014101958338313522,False,False,0,0.007975630019385171
삼겹살,2026-01-23,2569.0,0.0022751400536677744,False,False,0,0.01065601065601074
삼겹살,2026-01-24,2594.0,0.001732160977415736,False,False,0,0.010552038209485692
삼겹살,2026-01-25,2588.0,0.0013587866600914959,False,False,0,0.011341524434313799
삼겹살,2026-01-26,2620.0,0.002133322146859828,False,False,0,0.0073856063971569075
삼겹살,2026-01-27,2632.0,0.0021672056021763723,False,False,0,0.0018839696348422752
삼겹살,2026-01-28,2638.0,0.0020277145575157245,False,False,0,-0.006185794764166586
삼겹살,2026-01-29,2558.0,0.0021043499471069794,False,False,0,-0.005165118962580206
삼겹살,2026-01-30,2580.0,0.002259525154817352,False,False,0,-0.0007138934651291784
삼겹살,2026-01-31,2580.0,0.0023356518983380843,False,False,0,0.004286656408001743
삼겹살,2026-02-01,2583.0,0.002670418200134716,False,False,0,0.00824583585289429
삼겹살,2026-02-02,2570.0,0.002359232390380894,False,False,0,0.014607794498649573
삼겹살,2026-02-03,2572.0,0.0027203250796807776,False,False,0,0.02134837674907364
삼겹살,2026-02-04,2551.0,0.002186757521388515,False,False,0,0.030732466377681344
삼겹살,2026-02-05,2669.0,0.0025601379618965716,False,False,0,0.022259044462855426
삼겹살,2026-02-06,2672.0,0.0021841778251606475,False,False,0,0.014397977688630048
삼겹살,2026-02-07,2657.0,0.002038045966202835,False,False,0,0.0077706030425741535
삼겹살,2026-02-08,2650.0,0.0019273153833106343,False,False,0,0.001635679624884201
삼겹살,2026-02-09,2635.0,0.00228089481206636,False,False,0,-0.0036401173530371533
삼겹살,2026-02-10,2633.0,0.0023600200604174853,False,False,0,-0.007851843829533744
삼겹살,2026-02-11,2631.0,0.0026205273727653022,False,False,0,-0.012940098129077482
삼겹살,2026-02-12,2630.0,0.0026379294742409714,False,False,0,-0.01031986168143506
삼겹살,2026-02-13,2623.0,0.004374751563995679,False,False,0,-0.005038192751503301
삼겹살,2026-02-14,2614.0,0.004656389577604502,False,False,0,0.00038010425716761276
삼겹살,2026-02-15,2605.0,0.0034155819096010876,False,False,0,0.006150998856893963
삼겹살,2026-02-16,2603.0,0.004116977635946621,False,False,0,0.011723649053928753
삼겹살,2026-02-17,2616.0,0.0058399254150579595,False,False,0,0.015391332823927462
삼겹살,2026-02-18,2616.0,0.005587375518756883,False,False,0,0.013492106844376517
삼겹살,2026-02-19,2640.0,0.001956387491052535,False,False,0,0.006278320685701777
삼겹살,2026-02-20,2672.0,0.0019530014246548692,False,False,0,-0.002559076554502937
삼겹살,2026-02-21,2671.0,0.0019734577747619517,False,False,0,-0.021006350757205694
삼겹살,2026-02-22,2666.0,0.0035630850544998353,False,False,0,-0.04165764985933784
삼겹살,2026-02-23,2673.0,0.004360616025084125,False,False,0,-0.06397542308936077
삼겹살,2026-02-24,2666.0,0.003161289691630136,False,False,0,-0.08455170930982592
삼겹살,2026-02-25,2566.0,0.005190110460620972,False,False,0,-0.07912040530343867
삼겹살,2026-02-26,2518.0,0.01364538103474897,False,False,0,-0.06559244791666674
삼겹살,2026-02-27,2559.0,0.009178641838692611,False,False,0,-0.055134013865385634
삼겹살,2026-02-28,2388.0,0.004444387668372944,False,False,0,-0.025948103792415078
삼겹살,2026-03-01,2344.0,0.009515370210624624,False,False,0,0.008411425990741739
삼겹살,2026-03-02,2326.0,0.004869797185752368,False,False,0,0.04571889215178215
삼겹살,2026-03-03,2330.0,0.011265122983630907,False,False,0,0.0827314896365452
삼겹살,2026-03-04,2621.0,0.1423222181619884,True,False,0,0.07684654102774213
삼겹살,2026-03-05,2655.0,0.03454049147359861,False,False,0,0.06357777390698471
삼겹살,2026-03-06,2645.0,0.02608286333152429,False,False,0,0.05257380553469293
삼겹살,2026-03-07,2647.0,0.028097377531219183,False,False,0,0.030680783242258647
삼겹살,2026-03-08,2639.0,0.016340933804302522,False,False,0,0.007109668028886684
삼겹살,2026-03-09,2624.0,0.01668372711408995,False,False,0,-0.01745498595892292
삼겹살,2026-03-10,2609.0,0.006441009747379296,False,True,0,-0.03562906724511927
삼겹살,2026-03-11,2580.0,0.007564213051440537,False,True,0,-0.03619761943583899
삼겹살,2026-03-12,2574.0,0.009628611440466258,False,True,0,-0.034774538705098834
삼겹살,2026-03-13,2546.0,0.0142975825092165,False,True,0,-0.029749162961743236
삼겹살,2026-03-14,2535.0,0.015667571780319706,False,False,0,-0.023361131054288498
삼겹살,2026-03-15,2522.0,0.013031267960515215,False,False,0,-0.014897165091717568
삼겹살,2026-03-16,2478.0,0.010160411553270288,False,False,0,-0.005604124635732011
삼겹살,2026-03-17,2548.0,0.015381890427467787,False,False,0,-0.0012371365911264531
삼겹살,2026-03-18,2530.0,0.0032812491017668297,False,False,0,0.004060226695990599
삼겹살,2026-03-19,2522.0,0.002752621990445863,False,False,0,0.010293535433516299
삼겹살,2026-03-20,2542.0,0.0034846730068627493,False,False,0,0.014199241952820074
삼겹살,2026-03-21,2542.0,0.0029497379597124055,False,False,0,0.017529970594887923
삼겹살,2026-03-22,2560.0,0.0030864705845279903,False,False,0,0.018056652747996838
삼겹살,2026-03-23,2500.0,0.006418869513335321,False,False,0,0.013300270513976642
삼겹살,2026-03-24,2565.0,0.005775499055510755,False,False,0,0.005236191655875189
삼겹살,2026-03-25,2574.0,0.0034697042582420416,False,False,0,-0.005784891884302201
삼겹살,2026-03-26,2580.0,0.003547546214966382,False,False,0,-0.01785814252925033
삼겹살,2026-03-27,2607.0,0.0024916557266312965,False,False,0,-0.03196117804551546
삼겹살,2026-03-28,2608.0,0.0018132487255513498,False,False,0,-0.04723796821162596
삼겹살,2026-03-29,2608.0,0.001599370722355107,False,False,0,-0.06030373572774639
삼겹살,2026-03-30,2438.0,0.0012124623315590986,False,False,0,-0.050278086763069996
삼겹살,2026-03-31,2439.0,0.0012498275250441746,False,False,0,-0.0371345356782794
삼겹살,2026-04-01,2422.0,0.0010910512488540099,False,False,0,-0.021353519376341668
삼겹살,2026-04-02,2422.0,0.0012281169351855898,False,False,0,-0.004673962608299109
삼겹살,2026-04-03,2418.0,0.0010747536554576566,False,False,0,0.016191299337366738
삼겹살,2026-04-04,2397.0,0.0020882631508784078,False,False,0,0.04048063462435825
삼겹살,2026-04-05,2418.0,0.00297672648368042,False,False,0,0.06405568007549856
삼겹살,2026-04-06,2560.0,0.008373553190773896,False,False,0,0.06020145233075658
삼겹살,2026-04-07,2554.0,0.0064906912218139585,False,False,0,0.05729742307021124
삼겹살,2026-04-08,2555.0,0.007712143153312158,False,False,0,0.05212422073424161
삼겹살,2026-04-09,2560.0,0.0065762624544413485,False,False,0,0.04518382774023588
삼겹살,2026-04-10,2592.0,0.004636526122727551,False,False,0,0.03430483102744364
삼겹살,2026-04-11,2599.0,0.0036110807192067298,False,False,0,0.021919497701536228
삼겹살,2026-04-12,2620.0,0.0035390651794357775,False,True,0,0.008536585365853666
삼겹살,2026-04-13,2624.0,0.002773092194005185,False,True,0,0.003756076005302811
삼겹살,2026-04-14,2626.0,0.0021650319169851193,False,True,0,-0.0012103873239435181
삼겹살,2026-04-15,2606.0,0.0016782076639657556,False,True,0,-0.0031820925001371236
삼겹살,2026-04-16,2584.0,0.002013862638228921,False,False,0,-0.00027395759136483733
삼겹살,2026-04-17,2582.0,0.0019907928347372315,False,False,0,0.006304478921111745
삼겹살,2026-04-18,2587.0,0.0020098402191997614,False,False,0,0.012068681770804668
삼겹살,2026-04-19,2585.0,0.001983836345333081,False,False,0,0.020061558755633646
삼겹살,2026-04-20,2602.0,0.0011059537740999855,False,False,0,0.02729473915914582
삼겹살,2026-04-21,2608.0,0.0010670149430545403,False,False,0,0.03398700011016853
삼겹살,2026-04-22,2621.0,0.001533749470922065,False,False,0,0.03869227805602948
삼겹살,2026-04-23,2661.0,0.001411226700741236,False,False,0,0.037432861997150235
삼겹살,2026-04-24,2692.0,0.0017091196133762448,False,False,0,0.03372194377860116
삼겹살,2026-04-25,2680.0,0.0016187391543082874,False,False,0,0.032955715756951776
삼겹살,2026-04-26,2695.0,0.0020164458009492825,False,False,0,0.030605097257395464
삼겹살,2026-04-27,2711.0,0.0022476032383241104,False,False,0,0.027587315191772044
삼겹살,2026-04-28,2711.0,0.0016146074925907725,False,False,0,0.025464812743061005
삼겹살,2026-04-29,2722.0,0.0016187902036400076,False,False,0,0.022732089868588323
삼겹살,2026-04-30,2718.0,0.0012304199886544265,False,False,0,0.022822124782080344
삼겹살,2026-05-01,2738.0,0.00135763458251583,False,False,0,0.024295125164690345
삼겹살,2026-05-02,2762.0,0.0013239948342412956,False,False,0,0.019467912053313663
삼겹살,2026-05-03,2765.0,0.00137186633482376,False,False,0,0.015684634286610377
삼겹살,2026-05-04,2767.0,0.0019946496257578303,False,False,0,0.010895063337329924
삼겹살,2026-05-05,2777.0,0.002098638953602472,False,False,0,0.007480908099122052
삼겹살,2026-05-06,2774.0,0.0015488945317897976,False,False,0,0.0039376198124450035
삼겹살,2026-05-07,2778.0,0.001843409283677146,False,False,0,-0.007695883477093157
삼겹살,2026-05-08,2813.0,0.0016500060855691666,False,False,0,-0.020580366330520627
삼겹살,2026-05-09,2754.0,0.0018386705817888128,False,False,0,-0.02635371628577321
삼겹살,2026-05-10,2764.0,0.0010357392217084068,False,False,0,-0.03376743707211616
삼겹살,2026-05-11,2732.0,0.0009931168714282042,False,False,0,-0.028929455445544483
삼겹살,2026-05-12,2778.0,0.0011840623092153415,False,False,0,-0.028412313721445925
삼겹살,2026-05-13,2758.0,0.0010926318992552034,False,False,0,-0.0292614955875522
삼겹살,2026-05-14,2613.0,0.0014205845110078082,False,False,0,-0.017489069331667717
삼겹살,2026-05-15,2637.0,0.002664425906886893,False,False,0,-0.010506408909434883
삼겹살,2026-05-16,2634.0,0.001570221492765498,False,False,0,0.0017974201733983453
삼겹살,2026-05-17,2619.0,0.0012964652402296807,False,False,0,0.01662138404986435
삼겹살,2026-05-18,2792.0,0.0046433740493308446,False,False,0,0.011045616271042391
삼겹살,2026-05-19,2789.0,0.0020972667680555232,False,False,0,0.008757032162190814
삼겹살,2026-05-20,2726.0,0.002865838105293761,False,False,0,0.009782030834662336
삼겹살,2026-05-21,2679.0,0.003081645378741742,False,False,0,0.008423394787031135
삼겹살,2026-05-22,2597.0,0.0022290012503471653,False,False,0,0.020174134635803975
삼겹살,2026-05-23,2748.0,0.0025876488081173848,False,False,0,0.016833773087071124
삼겹살,2026-05-24,2752.0,0.0032924419232008436,False,False,0,0.012314625582979577
삼겹살,2026-05-25,2748.0,0.0021233562674210014,False,False,0,0.016860129208466912
삼겹살,2026-05-26,2757.0,0.0033718282200969362,False,False,0,0.02088704161624677
삼겹살,2026-05-27,2713.0,0.002647266898788897,False,False,0,0.01847951984837315
삼겹살,2026-05-28,2720.0,0.0031719448011001887,False,False,0,0.0195429472025217
삼겹살,2026-05-29,2778.0,0.0045401744127774235,False,False,0,0.011240632805994855
삼겹살,2026-05-30,2801.0,0.0037667918710446264,False,False,0,0.00794021485287244
삼겹살,2026-05-31,2801.0,0.003416081701329223,False,False,0,0.005642406046174608
삼겹살,2026-06-01,2790.0,0.002331169629304506,False,False,0,0.0049586776859504855
삼겹살,2026-06-02,2801.0,0.002332976730813457,False,False,0,-0.0037105751391465214
삼겹살,2026-06-03,2654.0,0.002006562044660747,False,False,0,0.0024812613078315504
삼겹살,2026-06-04,2782.0,0.003692349135494349,False,False,0,-0.0003091667954862043
삼겹살,2026-06-05,2803.0,0.0031426333934429437,False,False,0,-0.0026245368464388186
삼겹살,2026-06-06,2791.0,0.0019412822813506334,False,False,0,-0.0024199361548759013
삼겹살,2026-06-07,2806.0,0.0026269636389749935,False,False,0,-0.003242909352962342
삼겹살,2026-06-08,2819.0,0.0028282177788035603,False,False,0,-0.009560032894736947
삼겹살,2026-06-09,2677.0,0.0015349917331253997,False,False,0,0.0025346575625904144
삼겹살,2026-06-10,2715.0,0.0026746036118583437,False,False,0,-0.0014953849327077329
삼겹살,2026-06-11,2790.0,0.0033251510553665197,False,False,0,-0.0025256430080923264
삼겹살,2026-06-12,2783.0,0.0031821134978353635,False,False,0,-0.0003611784737629353
삼겹살,2026-06-13,2785.0,0.0034142067300365155,False,False,0,0.0011870967741935967
삼겹살,2026-06-14,2795.0,0.002622720563857665,False,False,0,0.002117331129931843
삼겹살,2026-06-15,2725.0,0.0032010519008427037,False,False,0,0.007991696938246085
삼겹살,2026-06-16,2788.0,0.004101239586003034,False,False,0,0.003663381662452725
삼겹살,2026-06-17,2698.0,0.0014405750404414934,False,False,0,0.011516215657922046
삼겹살,2026-06-18,2778.0,0.002455999187044523,False,False,0,0.01529557668458037
삼겹살,2026-06-19,2805.0,0.0025034557860752525,False,False,0,0.015123361205739538
삼겹살,2026-06-20,2809.0,0.0025790112266287483,False,False,0,0.014692236313021745
삼겹살,2026-06-21,2802.0,0.0021662243409786303,False,False,0,0.015511466116980177
삼겹살,2026-06-22,2744.0,0.0027305413031036016,False,False,0,0.018327841845140025
삼겹살,2026-06-23,2816.0,0.002805823056518648,False,False,0,0.017376105284803822
삼겹살,2026-06-24,2833.0,0.002855915546374774,False,False,0,0.010006637055189671
삼겹살,2026-06-25,2839.0,0.0028348433164867544,False,False,0,-0.0027992671009771097
삼겹살,2026-06-26,2824.0,0.00230317006485967,False,False,0,-0.01266080235928202
삼겹살,2026-06-27,2825.0,0.003692674553231858,False,False,0,-0.02169384748259917
삼겹살,2026-06-28,2825.0,0.003803861889879781,False,False,0,-0.03075205521161084
삼겹살,2026-06-29,2818.0,0.0028330692109259856,False,False,0,-0.0333670374115268
삼겹살,2026-06-30,2826.0,0.003651071999160344,False,False,0,-0.03415866599292583
삼겹살,2026-07-01,2826.0,0.003718189852701482,False,False,0,-0.033867461962290846
삼겹살,2026-07-02,2649.0,0.0022600560819353455,False,False,0,-0.020466493135303354
삼겹살,2026-07-03,2649.0,0.0038923800889902205,False,False,0,-0.004428880420228598
삼겹살,2026-07-04,2663.0,0.004169244020590252,False,False,0,0.011061487328624997
삼겹살,2026-07-05,2669.0,0.005376182377327198,False,False,0,0.02675392670157062
삼겹살,2026-07-06,2838.0,0.01017947265458208,False,False,0,0.02484309623430958
삼겹살,2026-07-07,2820.0,0.003693369198406697,False,False,0,0.025583342052945657
삼겹살,2026-07-08,2825.0,0.0047125636243809535,False,False,0,0.024590592790247445
삼겹살,2026-07-09,2728.0,0.002639413719083284,False,False,0,0.025896206752813677
삼겹살,2026-07-10,2789.0,0.003791683967497865,False,False,0,0.02131181460790388
삼겹살,2026-07-11,2800.0,0.003271051838457718,False,False,0,0.015409111921516283
삼겹살,2026-07-12,2811.0,0.004955580816481462,False,False,0,0.009484472999847116
삼겹살,2026-07-13,2822.0,0.004794267380116531,False,False,0,0.010921153355447855
삼겹살,2026-07-14,2828.0,0.008127100207385442,False,False,0,0.010508595623118788
삼겹살,2026-07-15,2805.0,0.0081384627939825,False,False,0,0.004544758208650412
삼겹살,2026-07-16,2834.0,0.005102700082384595,False,False,0,-0.002133170806033813
삼겹살,2026-07-17,2844.0,0.003948369054632622,False,False,0,-0.005318071312803929
삼겹살,2026-07-18,2825.0,0.0019103532763023318,False,False,0,-0.005968941271688122
삼겹살,2026-07-19,2839.0,0.002724357682251399,False,False,0,-0.006617164216800586
삼겹살,2026-07-20,2834.0,0.0017932650007191982,False,False,0,-0.004089050431621999
삼겹살,2026-07-21,2828.0,0.001636746697681007,False,False,0,-0.0006562673532232166
삼겹살,2026-07-22,2668.0,0.0019337821332058136,False,False,0,0.01596177307848734
삼겹살,2026-07-23,2809.0,0.003265825667331629,False,False,0,0.006464091209853917
삼겹살,2026-07-24,2836.0,0.003496667065835125,False,False,0,-0.0052446662253679
삼겹살,2026-07-25,2837.0,0.0026651341055670924,False,False,0,-0.017912574423693428
삼겹살,2026-07-26,2854.0,0.003511180160945249,False,False,0,-0.03269602359402024
삼겹살,2026-07-27,2896.0,0.005121662140388799,False,False,0,-0.051348337388483434
삼겹살,2026-07-28,2896.0,0.003959852922966628,False,False,0,-0.05859769650434432
삼겹살,2026-07-29,2858.0,0.003240813018000931,False,False,0,-0.06934854398078649
삼겹살,2026-07-30,2597.0,0.0017877295409973904,False,False,0,-0.04814402751087288
삼겹살,2026-07-31,2598.0,0.004681244917622308,False,False,0,-0.024825962325962347
삼겹살,2026-08-01,2600.0,0.004366646477985807,False,False,0,-0.0011399554381056332
삼겹살,2026-08-02,2578.0,0.004648941911293012,False,False,0,0.025810860537244462
삼겹살,2026-08-03,2588.0,0.007481217750422647,False,False,0,0.0563184611274381
삼겹살,2026-08-04,2817.0,0.014033599528345733,False,False,0,0.06208413822708736
삼겹살,2026-08-05,2822.0,0.0106205900422455,False,False,0,0.05924731182795684
삼겹살,2026-08-06,2819.0,0.005080005613122138,False,False,0,0.04080331526936565
삼겹살,2026-08-07,2827.0,0.006140771557343319,False,False,0,0.021521179990551698
삼겹살,2026-08-08,2826.0,0.004222943634656889,False,False,0,-0.004098148052082751
삼겹살,2026-08-09,2815.0,0.0034459935450434835,False,False,0,-0.028646100235728333
삼겹살,2026-08-10,2843.0,0.0038983086747428467,False,True,0,-0.046891597956396414
삼겹살,2026-08-11,2841.0,0.0031816179364813025,False,True,0,-0.05365533269337652
삼겹살,2026-08-12,2731.0,0.0016367652112998653,False,True,0,-0.05055324332555067
삼겹살,2026-08-13,2707.0,0.003309680786770716,False,False,0,-0.042725880551301665
삼겹살,2026-08-14,2698.0,0.0038678914602733334,False,False,0,-0.03011150506140492
삼겹살,2026-08-15,2563.0,0.002377497125082098,False,False,0,-0.0035420356287113597
삼겹살,2026-08-16,2572.0,0.007743535791922037,False,False,0,0.02173568979161189
삼겹살,2026-08-17,2730.0,0.016956304492163565,False,False,0,0.03301135760534968
삼겹살,2026-08-18,2730.0,0.006097464440220932,False,False,0,0.04361753243286537
삼겹살,2026-08-19,2706.0,0.005580639208873801,False,False,0,0.049770127231904215
삼겹살,2026-08-20,2754.0,0.004409139857299418,False,False,0,0.04777902202314288
삼겹살,2026-08-21,2820.0,0.006685397149081169,False,False,0,0.037298013245033124
삼겹살,2026-08-22,2818.0,0.003749682955341888,False,False,0,0.01944589649764783
삼겹살,2026-08-23,2809.0,0.0035532419264641506,False,False,0,0.0035111271750916107
삼겹살,2026-08-24,2827.0,0.005496688060671341,False,False,0,0.0008734073160707734
삼겹살,2026-08-25,2814.0,0.005603830628312172,False,False,0,-0.00035809289952937196
삼겹살,2026-08-26,2795.0,0.007926292707233806,False,False,0,-0.0003055456536129597
삼겹살,2026-08-27,2766.0,0.004200703474878868,False,False,0,-0.004580385770268092
삼겹살,2026-08-28,2750.0,0.0034101135568999855,False,False,0,-0.003115583022626267
삼겹살,2026-08-29,2741.0,0.0025039199351949174,False,False,0,-0.000666598297610399
삼겹살,2026-08-30,2742.0,0.0018883795587953773,False,False,0,0.0013377926421405117
삼겹살,2026-08-31,2873.0,0.003110733699451135,False,False,0,-0.0012319696114162504
삼겹살,2026-09-01,2874.0,0.0029677938732338882,False,False,0,-0.004196305204441919
삼겹살,2026-09-02,2885.0,0.0031091371654192127,False,False,0,-0.009169171208802451
삼겹살,2026-09-03,2694.0,0.0013171518383501544,False,False,0,0.0034255330027097575
삼겹살,2026-09-04,2709.0,0.002660443962569157,False,False,0,0.01588277487447476
삼겹살,2026-09-05,2712.0,0.001905893374252973,False,False,0,0.02760531581918002
삼겹살,2026-09-06,2714.0,0.0015341557635822388,False,False,0,0.03956631211140227
양파,2026-01-01,2347.0,0.06764269569771068,False,True,0,0.038297872340425476
양파,2026-01-02,2260.0,0.012578749204847856,False,True,0,0.01954945624029003
양파,2026-01-03,2260.0,0.027304542499347342,False,True,0,0.001216311375712209
양파,2026-01-04,2260.0,0.023323953158983973,False,True,0,-0.016715208306952056
양파,2026-01-05,2260.0,0.03335953975212755,False,True,0,-0.029822574556436443
양파,2026-01-06,2260.0,0.030377685729416744,False,True,0,-0.033387520320120045
양파,2026-01-07,2260.0,0.0331280290210413,False,True,0,-0.025586219903187324
양파,2026-01-08,2300.0,0.055560890098399214,False,False,0,-0.02522068095838592
양파,2026-01-09,2150.0,0.007083285365269454,False,False,0,-0.011428571428571455
양파,2026-01-10,2150.0,0.015843618025585822,False,False,0,0.002557544757033181
양파,2026-01-11,2150.0,0.015134291429122836,False,False,0,0.01674179008370902
양파,2026-01-12,2150.0,0.011836252333419903,False,False,0,0.030674448767834095
양파,2026-01-13,2300.0,0.017491157194538035,False,False,0,0.024967658473480148
양파,2026-01-14,2300.0,0.007367195596137976,False,False,0,0.019290322580645114
양파,2026-01-15,2260.0,0.012608257073320252,False,False,0,0.02147477360931438
양파,2026-01-16,2260.0,0.034313731541884974,False,False,0,0.00912010276172115
양파,2026-01-17,2260.0,0.039210765224795045,False,False,0,-0.003061224489795844
양파,2026-01-18,2260.0,0.05171561825562625,False,False,0,-0.015072830905636492
양파,2026-01-19,2253.0,0.07027396705008802,False,False,0,-0.02604920405209854
양파,2026-01-20,2253.0,0.08636336838096657,True,False,0,-0.023160419033194546
양파,2026-01-21,2253.0,0.08012902617598397,True,False,0,-0.02025444648395469
양파,2026-01-22,2253.0,0.07597060579514814,False,False,0,-0.019820162107396233
양파,2026-01-23,2180.0,0.012137369953962095,False,False,0,-0.010183299389001976
양파,2026-01-24,2180.0,0.019817862843794297,False,False,0,-0.0004477993858751361
양파,2026-01-25,2180.0,0.023876320488398044,False,False,0,0.009387860082304522
양파,2026-01-26,2180.0,0.03174295265280231,False,False,0,0.018864267717552785
양파,2026-01-27,2253.0,0.101127694410659,True,False,0,0.018864267717552785
양파,2026-01-28,2253.0,0.0779450164154183,False,False,0,0.018864267717552785
양파,2026-01-29,2253.0,0.09940387871873228,True,False,0,0.010271981394146978
양파,2026-01-30,2253.0,0.08713114349799353,True,False,0,0.005529835390946536
양파,2026-01-31,2253.0,0.11116215928198507,True,False,0,0.0008319999999999439
양파,2026-02-01,2253.0,0.11475545258391874,True,False,0,-0.003822142948146201
양파,2026-02-02,2253.0,0.1343354431808881,True,False,0,-0.008433200177541011
양파,2026-02-03,2253.0,0.11237312973049822,True,False,0,-0.008433200177541011
양파,2026-02-04,2253.0,0.11216289852405305,True,False,0,-0.008433200177541011
양파,2026-02-05,2120.0,0.0165381752793613,False,False,0,-0.009144391865967605
양파,2026-02-06,2253.0,0.10324719147256887,True,False,0,-0.026793707635247355
양파,2026-02-07,2253.0,0.06504057555309334,False,False,0,-0.04444302340452744
양파,2026-02-08,2253.0,0.06370502718242518,False,False,0,-0.06209233917380741
양파,2026-02-09,2253.0,0.040683978720882336,False,False,0,-0.07974165494308749
양파,2026-02-10,2253.0,0.03284583528849546,False,False,0,-0.09739097071236735
양파,2026-02-11,2253.0,0.03816723683062068,False,False,0,-0.11504028648164732
양파,2026-02-12,1977.0,0.014205495371260583,False,False,0,-0.07202323330106475
양파,2026-02-13,1977.0,0.08891396275225188,True,False,0,-0.019712201852947087
양파,2026-02-14,1977.0,0.11848026274534028,True,False,0,0.03453121863079711
양파,2026-02-15,1977.0,0.1713741160164781,True,False,0,0.09081611781550425
양파,2026-02-16,1977.0,0.4456250047513686,True,False,1,0.14925995413800308
양파,2026-02-17,1977.0,0.6763494991536845,True,False,1,0.1969535954658166
양파,2026-02-18,1977.0,0.7792401660946393,True,False,1,0.246549606185418
양파,2026-02-19,2517.0,0.9288966015414123,True,False,1,0.18693928645941993
양파,2026-02-20,2517.0,0.7273398226342074,True,False,1,0.13164421207855748
양파,2026-02-21,2517.0,0.7367666579927108,True,False,0,0.08021217413804238
양파,2026-02-22,2517.0,0.6442667287874051,True,True,0,0.032252015750984464
양파,2026-02-23,2517.0,0.599567956071099,True,True,0,-0.012576334723985783
양파,2026-02-24,2333.0,0.16638954975041303,True,True,0,-0.03338265759100323
양파,2026-02-25,2333.0,0.2997511715710084,True,True,0,-0.053330241725117467
양파,2026-02-26,2333.0,0.4478286763014209,True,True,0,-0.04312415773129441
양파,2026-02-27,2333.0,0.4508497983302524,True,True,0,-0.032695610969614375
양파,2026-02-28,2333.0,0.4775265120312195,True,True,0,-0.022037247739385535
양파,2026-03-01,2333.0,0.5693685064606656,True,False,0,-0.011141386618225835
양파,2026-03-02,2333.0,0.22890413785518154,True,False,0,0.0
양파,2026-03-03,2333.0,0.19294424236524862,True,False,0,0.0
양파,2026-03-04,2333.0,0.13679066455449448,True,False,0,0.0
양파,2026-03-05,2333.0,0.06678015858505885,False,False,0,0.0
양파,2026-03-06,2333.0,0.09478246918015056,True,False,0,0.0
양파,2026-03-07,2333.0,0.08482075887583194,True,False,0,0.0
양파,2026-03-08,2333.0,0.10329916670137107,True,False,0,0.0
양파,2026-03-09,2333.0,0.1315736862490497,True,False,0,-0.0001836997122038886
양파,2026-03-10,2333.0,0.11186222085564038,True,False,0,-0.0003673994244074441
양파,2026-03-11,2333.0,0.15155604724660673,True,False,0,-0.0030004286326618113
양파,2026-03-12,2333.0,0.14660579063284196,True,False,0,-0.012552813667258578
양파,2026-03-13,2333.0,0.12349949475257571,True,False,0,-0.022105198701855344
양파,2026-03-14,2333.0,0.13300764966178705,True,False,0,-0.03165758373645211
양파,2026-03-15,2333.0,0.12887739603342627,True,False,0,-0.04120996877104899
양파,2026-03-16,2330.0,0.11051926326765328,True,False,0,-0.052057814796668156
양파,2026-03-17,2330.0,0.11590952528766467,True,False,0,-0.06290964777947938
양파,2026-03-18,2290.0,0.11710164842291919,True,False,0,-0.06903328829382138
양파,2026-03-19,2177.0,0.054645378321849514,False,False,0,-0.07267766340071935
양파,2026-03-20,2177.0,0.08772867547683551,True,False,0,-0.07989981214777708
양파,2026-03-21,2177.0,0.0938943376359849,True,False,0,-0.08726444922220822
양파,2026-03-22,2177.0,0.1284508543251775,True,False,0,-0.09477583343977514
양파,2026-03-23,2150.0,0.1283491018922826,True,False,0,-0.0993022354309343
양파,2026-03-24,2150.0,0.11085885728426634,True,False,0,-0.10393515492221217
양파,2026-03-25,2150.0,0.11540820271466458,True,False,0,-0.11103047895500728
양파,2026-03-26,1973.0,0.017574004046830627,False,False,0,-0.10264812090410591
양파,2026-03-27,1917.0,0.02830759415602794,False,False,0,-0.08677011024908132
양파,2026-03-28,1917.0,0.02675924183063729,False,False,0,-0.07032007759456838
양파,2026-03-29,1917.0,0.023207996803878892,False,False,0,-0.05326654437702838
양파,2026-03-30,1917.0,0.03173540085261952,False,False,0,-0.03744351194318918
양파,2026-03-31,1917.0,0.026612495441742618,False,False,0,-0.028523489932885893
양파,2026-04-01,1917.0,0.03300753954864505,False,False,0,-0.01929499072356211
양파,2026-04-02,1917.0,0.033275345707266646,False,False,0,0.01855577911915951
양파,2026-04-03,1917.0,0.03011594021202735,False,False,0,0.021387584767866397
양파,2026-04-04,1917.0,0.0378843289910614,False,False,0,0.024219390416573505
양파,2026-04-05,1917.0,0.0378843289910614,False,False,0,0.027051196065280614
양파,2026-04-06,1917.0,0.03752794382332479,False,False,0,0.0298830017139875
양파,2026-04-07,1815.0,0.025368851366446857,False,False,0,0.0482841480813998
양파,2026-04-08,1815.0,0.05716169322527753,False,False,0,0.06696935300794538
양파,2026-04-09,2370.0,0.7033215917324164,True,False,0,-0.011559847819724967
양파,2026-04-10,1955.0,0.0361523459513881,False,False,0,-0.027068437180796767
양파,2026-04-11,1955.0,0.08448643354033468,True,False,0,-0.04249126891734567
양파,2026-04-12,1955.0,0.08752789884876064,True,False,0,-0.05782905238717173
양파,2026-04-13,1955.0,0.08413819892247752,True,False,0,-0.03740955137481916
양파,2026-04-14,1955.0,0.05323649265641149,False,False,0,-0.024283667621776472
양파,2026-04-15,1955.0,0.05459638015276339,False,True,0,-0.011418439716312068
양파,2026-04-16,1780.0,0.01879089913097039,False,False,0,0.051739452257586915
양파,2026-04-17,1780.0,0.06093092608505599,False,False,0,0.08578927634045752
양파,2026-04-18,1780.0,0.05286734299109819,False,False,1,0.12074468085106393
양파,2026-04-19,1780.0,0.06803007371275574,False,False,1,0.15664227955333065
양파,2026-04-20,2273.0,0.7598266061478475,True,False,1,0.11223032398707078
양파,2026-04-21,2273.0,0.43235703380890467,True,False,0,0.06989207840833989
양파,2026-04-22,2273.0,0.32272726576978833,True,False,0,0.02948561589784071
양파,2026-04-23,2050.0,0.05875203846290252,False,True,0,0.008726863255682948
양파,2026-04-24,2050.0,0.11814059626709081,True,True,0,-0.011257683541681107
양파,2026-04-25,2050.0,0.10087113730755809,True,True,0,-0.030510543087666875
양파,2026-04-26,2050.0,0.08790419747121286,True,True,0,-0.04907117650975423
양파,2026-04-27,2050.0,0.08929761282320971,True,True,0,-0.03588807785888082
양파,2026-04-28,2050.0,0.055632514505218965,False,True,0,-0.022301516503122176
양파,2026-04-29,2050.0,0.08155482737909131,True,False,0,0.015191637630662225
양파,2026-04-30,2033.0,0.048300781108845864,False,False,0,0.03062861927021543
양파,2026-05-01,2033.0,0.051677842938932815,False,False,0,0.04610226320201183
양파,2026-05-02,2033.0,0.04500430501233937,False,False,0,0.061612700188824254
양파,2026-05-03,2033.0,0.03950611390561133,False,False,0,0.07716006161602018
양파,2026-05-04,2033.0,0.03354143895737269,False,False,0,0.0927444794952681
양파,2026-05-05,2033.0,0.030343838561577813,False,False,1,0.10738349241998879
양파,2026-05-06,2370.0,0.6801604281719232,True,False,0,0.0715952773201538
양파,2026-05-07,2237.0,0.02526871445091651,False,False,0,0.06194151096669387
양파,2026-05-08,2237.0,0.04603369449867397,False,False,0,0.05255074786324765
양파,2026-05-09,2237.0,0.048601683638113465,False,True,0,0.0434123847167327
양파,2026-05-10,2237.0,0.045794727888924996,False,True,0,0.03451638065522622
양파,2026-05-11,2237.0,0.034017180060452214,False,True,0,0.025853220425968937
양파,2026-05-12,2223.0,0.02329854455508948,False,True,0,0.01920395487387494
양파,2026-05-13,2203.0,0.018370446864822743,False,True,0,0.037153289347255036
양파,2026-05-14,2313.0,0.06543106617399674,False,True,0,0.010900745840505044
양파,2026-05-15,2313.0,0.028566444856714016,False,True,0,-0.01509864873437794
양파,2026-05-16,2313.0,0.026601979396625276,False,False,0,-0.04084853841782943
양파,2026-05-17,2313.0,0.03280145735703723,False,False,0,-0.0663524976437323
양파,2026-05-18,2313.0,0.05350068939156548,False,False,0,-0.09161403289350256
양파,2026-05-19,2313.0,0.05312688852338567,False,False,0,-0.11740563397798642
양파,2026-05-20,2313.0,0.012897745828234237,False,False,0,-0.14396887159533078
양파,2026-05-21,1980.0,0.005212267686624517,False,False,0,-0.1119308866187414
양파,2026-05-22,1980.0,0.010599327431699812,False,False,0,-0.07851851851851843
양파,2026-05-23,1980.0,0.00911403493716012,False,False,0,-0.04364139020537128
양파,2026-05-24,1980.0,0.011240873628986426,False,False,0,-0.0072010229490544475
양파,2026-05-25,1980.0,0.02487579365779932,False,False,0,0.015558309238606682
양파,2026-05-26,1980.0,0.04160562960274317,False,False,0,0.03938561262594242
양파,2026-05-27,1980.0,0.07773086339342937,False,False,0,0.06435786435786439
양파,2026-05-28,2203.0,0.33458622691649964,True,False,0,0.03806007242774978
양파,2026-05-29,2203.0,0.11799222976930514,True,False,0,0.012582133370613757
양파,2026-05-30,2203.0,0.06850200894450503,False,False,0,-0.01211370362722819
양파,2026-05-31,2203.0,0.0618510155794289,False,False,0,-0.03606290672451207
양파,2026-06-01,1980.0,0.02177158695334128,False,False,0,-0.02996203904555328
양파,2026-06-02,1980.0,0.06575662100851945,False,False,0,-0.02996203904555328
양파,2026-06-03,1980.0,0.12929544631436563,True,True,0,-0.02996203904555328
양파,2026-06-04,2070.0,0.07187916929661695,False,False,0,-0.021136876667350757
양파,2026-06-05,2070.0,0.042888819263856744,False,False,0,-0.012149661742372087
양파,2026-06-06,2070.0,0.0487316142672981,False,False,0,-0.002995889361109283
양파,2026-06-07,2070.0,0.045750850552032256,False,False,0,0.006329113924050667
양파,2026-06-08,2070.0,0.037947157405924144,False,False,0,0.0
양파,2026-06-09,1980.0,0.016700731232134426,False,False,0,0.00628930817610085
양파,2026-06-10,1980.0,0.06414472334118967,False,False,0,0.010971348707197848
양파,2026-06-11,2070.0,0.05138952375640784,False,False,0,0.00936408106219444
양파,2026-06-12,2070.0,0.02757306921126907,False,False,0,0.0014675052410901834
양파,2026-06-13,2070.0,0.028598490570984823,False,False,0,-0.0064290705800139625
양파,2026-06-14,2070.0,0.040812754267477123,False,False,0,-0.014325646401118108
양파,2026-06-15,2070.0,0.020331853756256194,False,False,0,-0.022222222222222143
양파,2026-06-16,2070.0,0.023767942439381934,False,False,0,-0.03618055555555566
양파,2026-06-17,2047.0,0.018872490809436166,False,False,0,-0.046865279601852494
양파,2026-06-18,2047.0,0.013423274928193368,False,False,0,-0.051578510108003406
양파,2026-06-19,1957.0,0.003914653965326826,False,False,0,-0.04410020235852341
양파,2026-06-20,1957.0,0.007521760681172977,False,False,0,-0.036503024335349576
양파,2026-06-21,1957.0,0.007867172248191702,False,False,0,-0.028784119106699757
양파,2026-06-22,1957.0,0.007920207823734681,False,False,0,-0.014508290451686667
양파,2026-06-23,1957.0,0.008207369928790027,False,False,0,0.0
양파,2026-06-24,1957.0,0.008511791101225557,False,False,0,0.013053883530350419
양파,2026-06-25,1957.0,0.011481318529165627,False,False,0,0.026279290459157556
양파,2026-06-26,1957.0,0.012977096439549664,False,False,0,0.032849113073947
양파,2026-06-27,1957.0,0.01894683423309219,False,False,0,0.039418935688736445
양파,2026-06-28,1957.0,0.01831006614787341,False,False,0,0.04598875830352589
양파,2026-06-29,2047.0,0.05204272369836936,False,False,0,0.03916165059105081
양파,2026-06-30,2047.0,0.03325768219182351,False,False,0,0.03314359824194835
양파,2026-07-01,2047.0,0.02286373956971062,False,False,0,0.024053260791753184
양파,2026-07-02,2047.0,0.026157485388689432,False,False,0,-0.024254925670389005
양파,2026-07-03,2047.0,0.03947211665966238,False,False,0,-0.07194854760053715
양파,2026-07-04,2047.0,0.04094860286070105,False,False,0,-0.11903925837488583
양파,2026-07-05,2047.0,0.03400287402286359,False,False,0,-0.1655384185916673
양파,2026-07-06,2047.0,0.026570169726344534,False,False,0,-0.20650429199525444
양파,2026-07-07,2057.0,0.022023364743323743,False,False,0,-0.24869237743217798
양파,2026-07-08,2013.0,0.01458682193603341,False,False,0,-0.2855644879412793
양파,2026-07-09,1460.0,0.014296714328332173,False,False,0,-0.26228313165184425
양파,2026-07-10,1460.0,0.0932873235657288,True,False,0,-0.23692026502170438
양파,2026-07-11,1460.0,0.16704459848195582,True,False,0,-0.20918367346938782
양파,2026-07-12,1460.0,0.5063448273688259,True,False,0,-0.1787237601405034
양파,2026-07-13,1460.0,0.5026639104794685,True,False,0,-0.15620052770448545
양파,2026-07-14,1460.0,0.556582017399047,True,False,0,-0.13041863919056906
양파,2026-07-15,1460.0,0.6310714777189359,True,False,0,-0.10547945205479448
양파,2026-07-16,1360.0,0.3011461923784571,True,False,0,-0.10909090909090913
양파,2026-07-17,1360.0,0.6223641946226031,True,False,0,-0.09850299401197604
양파,2026-07-18,1360.0,0.5830129410817557,True,False,0,-0.08770161290322576
양파,2026-07-19,1360.0,0.5854713751100398,True,False,0,-0.07668024439918542
양파,2026-07-20,1234.0,0.24010824429290556,True,False,0,-0.04002501563477179
양파,2026-07-21,1234.0,0.5181989585612382,True,False,0,0.0008539709649870719
양파,2026-07-22,1234.0,0.5059762369300199,True,False,0,0.04375410194705753
양파,2026-07-23,1234.0,0.2924013392264545,True,False,0,0.07752883762200535
양파,2026-07-24,1377.0,0.7877046410369307,True,False,0,0.08247536809476386
양파,2026-07-25,1377.0,0.5750142164234804,True,False,0,0.08740331491712716
양파,2026-07-26,1377.0,0.571834134374201,True,False,0,0.09231278261828613
양파,2026-07-27,1377.0,0.528260362366104,True,False,0,0.08686210640608039
양파,2026-07-28,1400.0,0.5967312745098545,True,False,0,0.07647184300341303
양파,2026-07-29,1400.0,0.4161486981638292,True,False,0,0.06644309369105006
양파,2026-07-30,1407.0,0.5112017801252388,True,True,0,0.0858466289243438
양파,2026-07-31,1440.0,0.5910780559617023,True,True,0,0.09756596440989962
양파,2026-08-01,1440.0,0.46096596176005783,True,True,1,0.10913525048267436
양파,2026-08-02,1440.0,0.4695427981523365,True,True,1,0.12055735056542805
양파,2026-08-03,1483.0,0.5551896787305006,True,True,1,0.12267732267732256
양파,2026-08-04,1483.0,0.4453585461844118,True,True,0,0.0999702764292083
양파,2026-08-05,1483.0,0.3455551049375141,True,True,0,0.07763364779874227
양파,2026-08-06,1780.0,0.5990387473593516,True,True,0,0.060669257749549566
양파,2026-08-07,1623.0,0.048037636536117596,False,True,0,0.04817368617219531
양파,2026-08-08,1623.0,0.05795050547329059,False,True,0,0.03609711406321581
양파,2026-08-09,1623.0,0.029771242856774686,False,True,0,0.024418814200756866
양파,2026-08-10,1623.0,0.01961984080408338,False,True,0,0.016995906744972533
양파,2026-08-11,1347.0,0.0045624705595766445,False,True,0,0.09754999099261408
양파,2026-08-12,1347.0,0.01691145880308421,False,True,1,0.1801021338683202
양파,2026-08-13,2003.0,0.3752020426468207,True,True,1,0.1664134417731702
양파,2026-08-14,1683.0,0.008200679896895935,False,False,1,0.19841763712329996
양파,2026-08-15,1683.0,0.042216949532043205,False,False,1,0.23008223538774408
양파,2026-08-16,1683.0,0.05776118855456222,False,False,1,0.26141261324654774
양파,2026-08-17,1683.0,0.05796089622991085,False,False,1,0.2743897103858606
양파,2026-08-18,2103.0,0.289175168701462,True,True,1,0.17972917521542864
양파,2026-08-19,2103.0,0.024656321829499755,False,True,0,0.09612858357159415
양파,2026-08-20,2113.0,0.023474782126073113,False,True,0,0.07156539728756428
양파,2026-08-21,2113.0,0.025460826901108517,False,True,0,0.02255025591573312
양파,2026-08-22,2113.0,0.013841449399329353,False,True,0,-0.02343469197038306
양파,2026-08-23,2113.0,0.014309266383032124,False,True,0,-0.0666620179903773
양파,2026-08-24,1907.0,0.003849162690747487,False,True,0,-0.08060418812221082
양파,2026-08-25,1913.0,0.015385464595476107,False,True,0,-0.06845217391304337
양파,2026-08-26,1913.0,0.015033814452873552,False,True,0,-0.05597462107860407
양파,2026-08-27,1913.0,0.014987326487035683,False,True,0,-0.06321058276725056
양파,2026-08-28,1913.0,0.01834296516843076,False,False,0,-0.07065651070003631
양파,2026-08-29,1913.0,0.0184737832810558,False,False,0,-0.07832167832167836
양파,2026-08-30,1913.0,0.01459321070518901,False,False,0,-0.08621591333582368
양파,2026-08-31,1913.0,0.016416390689378217,False,False,0,-0.10828168172653274
양파,2026-09-01,1913.0,0.024068770709652496,False,False,0,-0.12993801807183936
양파,2026-09-02,1913.0,0.029129548672736223,False,False,0,-0.15159435441714586
양파,2026-09-03,1623.0,0.007139762764546226,False,False,0,-0.14426379665674371
양파,2026-09-04,1623.0,0.03226569012954287,False,False,0,-0.14308016548278824
양파,2026-09-05,1623.0,0.0566405487219971,False,False,0,-0.1418417059340309
양파,2026-09-06,1623.0,0.0810944388150817,True,False,0,-0.14054451802796164
