item,date,price,normal_price
계란,2023-01-01,6586.0,
계란,2023-01-02,6586.0,6270.0
계란,2023-01-03,6586.0,6270.0
계란,2023-01-04,6586.0,6270.0
계란,2023-01-05,6586.0,6270.0
계란,2023-01-06,6541.0,6270.0
계란,2023-01-07,6541.0,6270.0
계란,2023-01-08,6541.0,6270.0
계란,2023-01-09,6541.0,6270.0
계란,2023-01-10,6541.0,6270.0
계란,2023-01-11,6541.0,6270.0
계란,2023-01-12,6541.0,6270.0
계란,2023-01-13,6541.0,6270.0
계란,2023-01-14,6541.0,6270.0
계란,2023-01-15,6541.0,6270.0
계란,2023-01-16,6541.0,6270.0
계란,2023-01-17,6541.0,6270.0
계란,2023-01-18,6541.0,6270.0
계란,2023-01-19,6541.0,6270.0
계란,2023-01-20,6625.0,6270.0
계란,2023-01-21,6625.0,6195.0
계란,2023-01-22,6625.0,6195.0
계란,2023-01-23,6625.0,6195.0
계란,2023-01-24,6625.0,6195.0
계란,2023-01-25,6580.0,6195.0
계란,2023-01-26,6580.0,6195.0
계란,2023-01-27,6580.0,6195.0
계란,2023-01-28,6580.0,6195.0
계란,2023-01-29,6580.0,6195.0
계란,2023-01-30,6580.0,6195.0
계란,2023-01-31,6580.0,5888.0
계란,2023-02-01,6580.0,6212.0
계란,2023-02-02,6580.0,6212.0
계란,2023-02-03,6580.0,6222.0
계란,2023-02-04,6580.0,6235.0
계란,2023-02-05,6580.0,6340.0
계란,2023-02-06,6580.0,6359.0
계란,2023-02-07,6580.0,6359.0
계란,2023-02-08,6580.0,6359.0
계란,2023-02-09,6580.0,6359.0
계란,2023-02-10,6269.0,6359.0
계란,2023-02-11,6269.0,6359.0
계란,2023-02-12,6269.0,6359.0
계란,2023-02-13,6313.0,6418.0
계란,2023-02-14,6536.0,6418.0
계란,2023-02-15,6536.0,6386.0
계란,2023-02-16,6536.0,
계란,2023-02-17,6536.0,
계란,2023-02-18,6536.0,
계란,2023-02-19,6536.0,
계란,2023-02-20,6491.0,
계란,2023-02-21,6491.0,
계란,2023-02-22,6491.0,
계란,2023-02-23,6491.0,
계란,2023-02-24,6203.0,
계란,2023-02-25,6203.0,
계란,2023-02-26,6203.0,
계란,2023-02-27,6203.0,
계란,2023-02-28,6203.0,
계란,2023-03-01,6203.0,
계란,2023-03-02,6203.0,
계란,2023-03-03,6203.0,
계란,2023-03-04,6203.0,
계란,2023-03-05,6203.0,
계란,2023-03-06,6203.0,
계란,2023-03-07,6203.0,
계란,2023-03-08,6203.0,
계란,2023-03-09,5940.0,
계란,2023-03-10,5940.0,
계란,2023-03-11,5940.0,
계란,2023-03-12,5940.0,
계란,2023-03-13,5940.0,
계란,2023-03-14,5940.0,
계란,2023-03-15,5940.0,
계란,2023-03-16,5940.0,
계란,2023-03-17,5940.0,
계란,2023-03-18,5940.0,
계란,2023-03-19,5940.0,
계란,2023-03-20,6203.0,
계란,2023-03-21,6203.0,
계란,2023-03-22,6203.0,
계란,2023-03-23,6203.0,
계란,2023-03-24,6203.0,
계란,2023-03-25,6203.0,
계란,2023-03-26,6203.0,
계란,2023-03-27,6203.0,
계란,2023-03-28,6203.0,
계란,2023-03-29,6203.0,
계란,2023-03-30,6203.0,
계란,2023-03-31,6203.0,
계란,2023-04-01,6203.0,
계란,2023-04-02,6203.0,
계란,2023-04-03,6381.0,
계란,2023-04-04,6381.0,
계란,2023-04-05,6381.0,
계란,2023-04-06,6425.0,
계란,2023-04-07,6425.0,
계란,2023-04-08,6425.0,
계란,2023-04-09,6630.0,
계란,2023-04-10,6630.0,
계란,2023-04-11,6630.0,
계란,2023-04-12,6630.0,
계란,2023-04-13,6630.0,
계란,2023-04-14,6630.0,
계란,2023-04-15,6630.0,
계란,2023-04-16,6630.0,
계란,2023-04-17,6630.0,
계란,2023-04-18,6630.0,
계란,2023-04-19,6630.0,
계란,2023-04-20,6630.0,
계란,2023-04-21,6630.0,
계란,2023-04-22,6630.0,
계란,2023-04-23,6630.0,
계란,2023-04-24,6630.0,
계란,2023-04-25,6630.0,
계란,2023-04-26,6630.0,
계란,2023-04-27,6630.0,
계란,2023-04-28,6630.0,6770.0
계란,2023-04-29,6630.0,
계란,2023-04-30,6630.0,
계란,2023-05-01,6630.0,
계란,2023-05-02,6630.0,
계란,2023-05-03,6630.0,
계란,2023-05-04,6630.0,
계란,2023-05-05,6630.0,
계란,2023-05-06,6708.0,
계란,2023-05-07,6708.0,
계란,2023-05-08,6708.0,
계란,2023-05-09,6708.0,
계란,2023-05-10,6708.0,
계란,2023-05-11,6708.0,
계란,2023-05-12,6714.0,6219.0
계란,2023-05-13,6714.0,6425.0
계란,2023-05-14,6714.0,6425.0
계란,2023-05-15,6714.0,6425.0
계란,2023-05-16,6714.0,6425.0
계란,2023-05-17,6714.0,6425.0
계란,2023-05-18,6819.0,6425.0
계란,2023-05-19,6953.0,6703.0
계란,2023-05-20,6953.0,6703.0
계란,2023-05-21,6953.0,6703.0
계란,2023-05-22,6953.0,6703.0
계란,2023-05-23,6953.0,6703.0
계란,2023-05-24,6953.0,6703.0
계란,2023-05-25,6953.0,6703.0
계란,2023-05-26,6953.0,6703.0
계란,2023-05-27,6953.0,6703.0
계란,2023-05-28,6953.0,6703.0
계란,2023-05-29,6953.0,6703.0
계란,2023-05-30,6953.0,6703.0
계란,2023-05-31,6953.0,6703.0
계란,2023-06-01,6953.0,6703.0
계란,2023-06-02,6953.0,6703.0
계란,2023-06-03,6953.0,6703.0
계란,2023-06-04,6953.0,6703.0
계란,2023-06-05,6953.0,6703.0
계란,2023-06-06,6953.0,6703.0
계란,2023-06-07,6953.0,6703.0
계란,2023-06-08,6953.0,6703.0
계란,2023-06-09,6374.0,6703.0
계란,2023-06-10,6374.0,6925.0
계란,2023-06-11,6374.0,6925.0
계란,2023-06-12,6258.0,6925.0
계란,2023-06-13,6258.0,6925.0
계란,2023-06-14,6258.0,6925.0
계란,2023-06-15,6258.0,6925.0
계란,2023-06-16,6258.0,6936.0
계란,2023-06-17,6258.0,6607.0
계란,2023-06-18,6258.0,6607.0
계란,2023-06-19,6258.0,6607.0
계란,2023-06-20,6258.0,6607.0
계란,2023-06-21,6258.0,6607.0
계란,2023-06-22,5936.0,6607.0
계란,2023-06-23,5936.0,6607.0
계란,2023-06-24,5936.0,6607.0
계란,2023-06-25,5936.0,6607.0
계란,2023-06-26,5936.0,6607.0
계란,2023-06-27,5936.0,6607.0
계란,2023-06-28,5936.0,6607.0
계란,2023-06-29,5936.0,6607.0
계란,2023-06-30,5936.0,6607.0
계란,2023-07-01,5936.0,6603.0
계란,2023-07-02,5936.0,6603.0
계란,2023-07-03,5936.0,6603.0
계란,2023-07-04,5936.0,6603.0
계란,2023-07-05,5936.0,6603.0
계란,2023-07-06,5936.0,6603.0
계란,2023-07-07,5936.0,6603.0
계란,2023-07-08,5936.0,6936.0
계란,2023-07-09,5936.0,6936.0
계란,2023-07-10,5936.0,6936.0
계란,2023-07-11,5936.0,6602.0
계란,2023-07-12,5980.0,6585.0
계란,2023-07-13,5980.0,6585.0
계란,2023-07-14,6029.0,6585.0
계란,2023-07-15,6029.0,6558.0
계란,2023-07-16,6029.0,6724.0
계란,2023-07-17,6559.0,6724.0
계란,2023-07-18,6559.0,6657.0
계란,2023-07-19,6559.0,6657.0
계란,2023-07-20,6559.0,6657.0
계란,2023-07-21,6559.0,6573.0
계란,2023-07-22,6559.0,6573.0
계란,2023-07-23,6559.0,6573.0
계란,2023-07-24,6559.0,6573.0
계란,2023-07-25,6559.0,6622.0
계란,2023-07-26,6429.0,6622.0
계란,2023-07-27,6429.0,6622.0
계란,2023-07-28,6429.0,6622.0
계란,2023-07-29,6429.0,6622.0
계란,2023-07-30,6429.0,6622.0
계란,2023-07-31,6429.0,6622.0
계란,2023-08-01,6429.0,6618.0
계란,2023-08-02,6429.0,6618.0
계란,2023-08-03,6429.0,6618.0
계란,2023-08-04,5909.0,6618.0
계란,2023-08-05,5909.0,6618.0
계란,2023-08-06,5909.0,6618.0
계란,2023-08-07,5781.0,6618.0
계란,2023-08-08,5781.0,6618.0
계란,2023-08-09,5781.0,6618.0
계란,2023-08-10,6302.0,6701.0
계란,2023-08-11,6302.0,6701.0
계란,2023-08-12,6302.0,6652.0
계란,2023-08-13,6302.0,6652.0
계란,2023-08-14,6302.0,6652.0
계란,2023-08-15,6302.0,6652.0
계란,2023-08-16,6302.0,6652.0
계란,2023-08-17,6302.0,6652.0
계란,2023-08-18,6302.0,6652.0
계란,2023-08-19,6302.0,6652.0
계란,2023-08-20,6302.0,6652.0
계란,2023-08-21,6302.0,6652.0
계란,2023-08-22,6189.0,6652.0
계란,2023-08-23,6189.0,6652.0
계란,2023-08-24,6189.0,6652.0
계란,2023-08-25,6286.0,6652.0
계란,2023-08-26,6286.0,6639.0
계란,2023-08-27,6286.0,6639.0
계란,2023-08-28,6286.0,6639.0
계란,2023-08-29,6286.0,6639.0
계란,2023-08-30,6286.0,6639.0
계란,2023-08-31,6286.0,6639.0
계란,2023-09-01,6286.0,6639.0
계란,2023-09-02,6286.0,6639.0
계란,2023-09-03,6286.0,6639.0
계란,2023-09-04,6286.0,6789.0
계란,2023-09-05,6286.0,6789.0
계란,2023-09-06,6286.0,6789.0
계란,2023-09-07,6286.0,6556.0
계란,2023-09-08,6286.0,6556.0
계란,2023-09-09,6286.0,6556.0
계란,2023-09-10,6286.0,6556.0
계란,2023-09-11,6286.0,6556.0
계란,2023-09-12,6286.0,6556.0
계란,2023-09-13,6286.0,6556.0
계란,2023-09-14,6286.0,6556.0
계란,2023-09-15,6286.0,6556.0
계란,2023-09-16,6286.0,6441.0
계란,2023-09-17,6286.0,6441.0
계란,2023-09-18,6433.0,6441.0
계란,2023-09-19,6433.0,6441.0
계란,2023-09-20,6627.0,6441.0
계란,2023-09-21,6433.0,6441.0
계란,2023-09-22,6098.0,6441.0
계란,2023-09-23,6098.0,6397.0
계란,2023-09-24,6098.0,6397.0
계란,2023-09-25,6126.0,6397.0
계란,2023-09-26,6126.0,6247.0
계란,2023-09-27,6098.0,6247.0
계란,2023-09-28,6098.0,6247.0
계란,2023-09-29,6098.0,6247.0
계란,2023-09-30,6098.0,6397.0
계란,2023-10-01,6098.0,6397.0
계란,2023-10-02,6098.0,6397.0
계란,2023-10-03,6098.0,6397.0
계란,2023-10-04,6098.0,6397.0
계란,2023-10-05,6098.0,6397.0
계란,2023-10-06,6500.0,6397.0
계란,2023-10-07,7095.0,6247.0
계란,2023-10-08,7095.0,6247.0
계란,2023-10-09,7095.0,6247.0
계란,2023-10-10,7095.0,6247.0
계란,2023-10-11,7095.0,6247.0
계란,2023-10-12,7095.0,6247.0
계란,2023-10-13,6732.0,6247.0
계란,2023-10-14,6732.0,6247.0
계란,2023-10-15,6732.0,6247.0
계란,2023-10-16,6732.0,6247.0
계란,2023-10-17,6732.0,6247.0
계란,2023-10-18,6732.0,6247.0
계란,2023-10-19,6732.0,6247.0
계란,2023-10-20,6836.0,6247.0
계란,2023-10-21,6836.0,6336.0
계란,2023-10-22,6836.0,6336.0
계란,2023-10-23,6836.0,6336.0
계란,2023-10-24,6836.0,6336.0
계란,2023-10-25,6836.0,6614.0
계란,2023-10-26,6836.0,6614.0
계란,2023-10-27,6953.0,6614.0
계란,2023-10-28,6953.0,6614.0
계란,2023-10-29,6953.0,6614.0
계란,2023-10-30,6953.0,6614.0
계란,2023-10-31,6953.0,6614.0
계란,2023-11-01,6953.0,6614.0
계란,2023-11-02,6978.0,6614.0
계란,2023-11-03,6642.0,6614.0
계란,2023-11-04,6642.0,6541.0
계란,2023-11-05,6642.0,6541.0
계란,2023-11-06,6642.0,6541.0
계란,2023-11-07,6642.0,6541.0
계란,2023-11-08,6642.0,6541.0
계란,2023-11-09,6642.0,6541.0
계란,2023-11-10,6306.0,6541.0
계란,2023-11-11,6642.0,6541.0
계란,2023-11-12,6642.0,6541.0
계란,2023-11-13,6642.0,6541.0
계란,2023-11-14,6642.0,6541.0
계란,2023-11-15,6642.0,6541.0
계란,2023-11-16,6642.0,6541.0
계란,2023-11-17,6900.0,6541.0
계란,2023-11-18,6900.0,6546.0
계란,2023-11-19,6900.0,6546.0
계란,2023-11-20,7212.0,6546.0
계란,2023-11-21,7212.0,6546.0
계란,2023-11-22,7212.0,6546.0
계란,2023-11-23,7212.0,6546.0
계란,2023-11-24,7176.0,6546.0
계란,2023-11-25,7176.0,6546.0
계란,2023-11-26,7176.0,6546.0
계란,2023-11-27,7176.0,6630.0
계란,2023-11-28,7176.0,6630.0
계란,2023-11-29,7176.0,6630.0
계란,2023-11-30,7176.0,6630.0
계란,2023-12-01,7176.0,6630.0
계란,2023-12-02,7176.0,6630.0
계란,2023-12-03,7176.0,6630.0
계란,2023-12-04,7176.0,6630.0
계란,2023-12-05,6932.0,6630.0
계란,2023-12-06,6932.0,6630.0
계란,2023-12-07,6932.0,6630.0
계란,2023-12-08,5842.0,6630.0
계란,2023-12-09,5842.0,6630.0
계란,2023-12-10,5842.0,6630.0
계란,2023-12-11,5842.0,6630.0
계란,2023-12-12,5842.0,6630.0
계란,2023-12-13,5842.0,6630.0
계란,2023-12-14,5842.0,6630.0
계란,2023-12-15,5842.0,6630.0
계란,2023-12-16,6488.0,6586.0
계란,2023-12-17,6488.0,6586.0
계란,2023-12-18,6489.0,6586.0
계란,2023-12-19,6489.0,6586.0
계란,2023-12-20,5843.0,6586.0
계란,2023-12-21,5843.0,6586.0
계란,2023-12-22,5981.0,6586.0
계란,2023-12-23,5984.0,6586.0
계란,2023-12-24,5984.0,6586.0
계란,2023-12-25,6963.0,6586.0
계란,2023-12-26,6627.0,6586.0
계란,2023-12-27,5988.0,6586.0
계란,2023-12-28,5988.0,6586.0
계란,2023-12-29,5991.0,6586.0
계란,2023-12-30,5991.0,6586.0
계란,2023-12-31,5991.0,6586.0
계란,2024-01-01,6517.0,6586.0
계란,2024-01-02,6344.0,6428.0
계란,2024-01-03,6344.0,6428.0
계란,2024-01-04,6344.0,6428.0
계란,2024-01-05,6932.0,6428.0
계란,2024-01-06,6932.0,6406.0
계란,2024-01-07,6932.0,6406.0
계란,2024-01-08,6932.0,6406.0
계란,2024-01-09,6932.0,6406.0
계란,2024-01-10,6932.0,6406.0
계란,2024-01-11,6312.0,6406.0
계란,2024-01-12,6311.0,6406.0
계란,2024-01-13,6311.0,6406.0
계란,2024-01-14,6311.0,6406.0
계란,2024-01-15,6311.0,6406.0
계란,2024-01-16,6311.0,6406.0
계란,2024-01-17,6311.0,6406.0
계란,2024-01-18,5717.0,6406.0
계란,2024-01-19,5717.0,6406.0
계란,2024-01-20,5717.0,6448.0
계란,2024-01-21,5717.0,6410.0
계란,2024-01-22,5717.0,6410.0
계란,2024-01-23,5717.0,6410.0
계란,2024-01-24,5717.0,6410.0
계란,2024-01-25,5717.0,6388.0
계란,2024-01-26,5717.0,6388.0
계란,2024-01-27,6666.0,6388.0
계란,2024-01-28,6666.0,6388.0
계란,2024-01-29,5717.0,6388.0
계란,2024-01-30,5717.0,6388.0
계란,2024-01-31,5717.0,6118.0
계란,2024-02-01,5717.0,6304.0
계란,2024-02-02,5717.0,6304.0
계란,2024-02-03,6666.0,6312.0
계란,2024-02-04,6666.0,6321.0
계란,2024-02-05,6666.0,6400.0
계란,2024-02-06,6666.0,6414.0
계란,2024-02-07,5717.0,6414.0
계란,2024-02-08,5717.0,6414.0
계란,2024-02-09,5717.0,6414.0
계란,2024-02-10,5717.0,6337.0
계란,2024-02-11,5717.0,6337.0
계란,2024-02-12,5717.0,6337.0
계란,2024-02-13,5717.0,6392.0
계란,2024-02-14,5717.0,6448.0
계란,2024-02-15,5717.0,6424.0
계란,2024-02-16,6571.0,6536.0
계란,2024-02-17,6571.0,6536.0
계란,2024-02-18,6571.0,6536.0
계란,2024-02-19,6571.0,6536.0
계란,2024-02-20,6571.0,6491.0
계란,2024-02-21,6571.0,6491.0
계란,2024-02-22,6454.0,6491.0
계란,2024-02-23,6338.0,6491.0
계란,2024-02-24,7287.0,6203.0
계란,2024-02-25,7287.0,6203.0
계란,2024-02-26,7287.0,6203.0
계란,2024-02-27,7287.0,6203.0
계란,2024-02-28,7287.0,6203.0
계란,2024-02-29,7284.0,
계란,2024-03-01,7284.0,6203.0
계란,2024-03-02,7284.0,6203.0
계란,2024-03-03,7284.0,6203.0
계란,2024-03-04,7284.0,6203.0
계란,2024-03-05,7284.0,6203.0
계란,2024-03-06,7284.0,6203.0
계란,2024-03-07,5984.0,6203.0
계란,2024-03-08,5984.0,6203.0
계란,2024-03-09,5984.0,5940.0
계란,2024-03-10,5984.0,5940.0
계란,2024-03-11,5984.0,5940.0
계란,2024-03-12,5984.0,5940.0
계란,2024-03-13,5984.0,5940.0
계란,2024-03-14,6161.0,5940.0
계란,2024-03-15,6161.0,5940.0
계란,2024-03-16,6161.0,5940.0
계란,2024-03-17,6161.0,5940.0
계란,2024-03-18,6161.0,5940.0
계란,2024-03-19,6161.0,5940.0
계란,2024-03-20,6161.0,6203.0
계란,2024-03-21,5980.0,6203.0
계란,2024-03-22,5980.0,6203.0
계란,2024-03-23,5980.0,6203.0
계란,2024-03-24,5980.0,6203.0
계란,2024-03-25,5980.0,6203.0
계란,2024-03-26,5980.0,6203.0
계란,2024-03-27,5980.0,6203.0
계란,2024-03-28,6161.0,6203.0
계란,2024-03-29,6157.0,6203.0
계란,2024-03-30,6157.0,6203.0
계란,2024-03-31,6157.0,6203.0
계란,2024-04-01,5834.0,6203.0
계란,2024-04-02,5834.0,6203.0
계란,2024-04-03,5834.0,6381.0
계란,2024-04-04,6480.0,6381.0
계란,2024-04-05,6480.0,6381.0
계란,2024-04-06,6480.0,6425.0
계란,2024-04-07,6480.0,6425.0
계란,2024-04-08,6480.0,6425.0
계란,2024-04-09,6803.0,6630.0
계란,2024-04-10,6803.0,6630.0
계란,2024-04-11,5984.0,6630.0
계란,2024-04-12,6157.0,6630.0
계란,2024-04-13,6157.0,6630.0
계란,2024-04-14,6157.0,6630.0
계란,2024-04-15,6157.0,6630.0
계란,2024-04-16,6157.0,6630.0
계란,2024-04-17,6157.0,6630.0
계란,2024-04-18,6157.0,6630.0
계란,2024-04-19,6157.0,6630.0
계란,2024-04-20,6157.0,6630.0
계란,2024-04-21,6493.0,6630.0
계란,2024-04-22,6493.0,6630.0
계란,2024-04-23,6319.0,6630.0
계란,2024-04-24,6157.0,6630.0
계란,2024-04-25,6157.0,6630.0
계란,2024-04-26,6511.0,6630.0
계란,2024-04-27,6511.0,6630.0
계란,2024-04-28,6511.0,6700.0
계란,2024-04-29,6511.0,6630.0
계란,2024-04-30,6511.0,6630.0
계란,2024-05-01,6511.0,6630.0
계란,2024-05-02,6511.0,6630.0
계란,2024-05-03,6511.0,6630.0
계란,2024-05-04,6511.0,6630.0
계란,2024-05-05,6511.0,6630.0
계란,2024-05-06,6511.0,6708.0
계란,2024-05-07,6511.0,6708.0
계란,2024-05-08,6511.0,6708.0
계란,2024-05-09,6338.0,6708.0
계란,2024-05-10,6673.0,6708.0
계란,2024-05-11,6670.0,6708.0
계란,2024-05-12,6670.0,6467.0
계란,2024-05-13,6496.0,6570.0
계란,2024-05-14,6670.0,6570.0
계란,2024-05-15,6670.0,6570.0
계란,2024-05-16,6670.0,6570.0
계란,2024-05-17,6847.0,6570.0
계란,2024-05-18,6847.0,6622.0
계란,2024-05-19,6847.0,6828.0
계란,2024-05-20,6847.0,6828.0
계란,2024-05-21,6847.0,6828.0
계란,2024-05-22,6847.0,6828.0
계란,2024-05-23,6493.0,6828.0
계란,2024-05-24,6153.0,6828.0
계란,2024-05-25,6153.0,6828.0
계란,2024-05-26,6153.0,6828.0
계란,2024-05-27,6153.0,6828.0
계란,2024-05-28,6153.0,6828.0
계란,2024-05-29,6153.0,6828.0
계란,2024-05-30,6670.0,6828.0
계란,2024-05-31,6330.0,6828.0
계란,2024-06-01,6330.0,6828.0
계란,2024-06-02,6330.0,6828.0
계란,2024-06-03,6330.0,6828.0
계란,2024-06-04,6330.0,6828.0
계란,2024-06-05,6330.0,6828.0
계란,2024-06-06,6157.0,6828.0
계란,2024-06-07,6157.0,6828.0
계란,2024-06-08,6157.0,6828.0
계란,2024-06-09,6157.0,6539.0
계란,2024-06-10,6330.0,6650.0
계란,2024-06-11,6330.0,6650.0
계란,2024-06-12,6330.0,6592.0
계란,2024-06-13,6366.0,6592.0
계란,2024-06-14,6330.0,6592.0
계란,2024-06-15,6330.0,6592.0
계란,2024-06-16,6330.0,6597.0
계란,2024-06-17,6330.0,6433.0
계란,2024-06-18,6330.0,6433.0
계란,2024-06-19,6330.0,6433.0
계란,2024-06-20,6330.0,6433.0
계란,2024-06-21,5900.0,6433.0
계란,2024-06-22,5900.0,6272.0
계란,2024-06-23,6366.0,6272.0
계란,2024-06-24,6366.0,6272.0
계란,2024-06-25,6366.0,6272.0
계란,2024-06-26,6366.0,6272.0
계란,2024-06-27,6366.0,6272.0
계란,2024-06-28,6366.0,6272.0
계란,2024-06-29,6366.0,6272.0
계란,2024-06-30,6366.0,6272.0
계란,2024-07-01,6546.0,6270.0
계란,2024-07-02,6546.0,6270.0
계란,2024-07-03,6546.0,6270.0
계란,2024-07-04,5984.0,6270.0
계란,2024-07-05,5984.0,6270.0
계란,2024-07-06,5984.0,6270.0
계란,2024-07-07,5984.0,6270.0
계란,2024-07-08,6546.0,6436.0
계란,2024-07-09,6546.0,6436.0
계란,2024-07-10,6546.0,6436.0
계란,2024-07-11,6546.0,6269.0
계란,2024-07-12,6882.0,6283.0
계란,2024-07-13,6882.0,6283.0
계란,2024-07-14,6882.0,6307.0
계란,2024-07-15,6882.0,6294.0
계란,2024-07-16,6882.0,6377.0
계란,2024-07-17,6882.0,6642.0
계란,2024-07-18,6882.0,6608.0
계란,2024-07-19,6882.0,6608.0
계란,2024-07-20,6882.0,6608.0
계란,2024-07-21,6882.0,6566.0
계란,2024-07-22,6882.0,6566.0
계란,2024-07-23,6882.0,6566.0
계란,2024-07-24,6882.0,6566.0
계란,2024-07-25,6546.0,6591.0
계란,2024-07-26,5984.0,6526.0
계란,2024-07-27,5984.0,6526.0
계란,2024-07-28,5984.0,6526.0
계란,2024-07-29,5984.0,6526.0
계란,2024-07-30,5984.0,6526.0
계란,2024-07-31,5984.0,6526.0
계란,2024-08-01,6546.0,6524.0
계란,2024-08-02,6546.0,6524.0
계란,2024-08-03,6882.0,6524.0
계란,2024-08-04,6882.0,6264.0
계란,2024-08-05,6882.0,6264.0
계란,2024-08-06,6882.0,6264.0
계란,2024-08-07,6882.0,6200.0
계란,2024-08-08,6496.0,6200.0
계란,2024-08-09,6161.0,6200.0
계란,2024-08-10,6161.0,6502.0
계란,2024-08-11,6161.0,6502.0
계란,2024-08-12,6161.0,6477.0
계란,2024-08-13,6161.0,6477.0
계란,2024-08-14,6161.0,6477.0
계란,2024-08-15,6546.0,6477.0
계란,2024-08-16,6338.0,6477.0
계란,2024-08-17,6673.0,6477.0
계란,2024-08-18,6673.0,6477.0
계란,2024-08-19,6673.0,6477.0
계란,2024-08-20,6673.0,6477.0
계란,2024-08-21,6673.0,6477.0
계란,2024-08-22,6673.0,6421.0
계란,2024-08-23,6673.0,6421.0
계란,2024-08-24,6673.0,6421.0
계란,2024-08-25,6673.0,6469.0
계란,2024-08-26,6673.0,6463.0
계란,2024-08-27,6673.0,6463.0
계란,2024-08-28,6673.0,6463.0
계란,2024-08-29,6680.0,6463.0
계란,2024-08-30,6775.0,6463.0
계란,2024-08-31,6775.0,6463.0
계란,2024-09-01,6775.0,6463.0
계란,2024-09-02,6775.0,6463.0
계란,2024-09-03,6775.0,6463.0
계란,2024-09-04,6775.0,6538.0
계란,2024-09-05,6485.0,6538.0
계란,2024-09-06,6434.0,6538.0
계란,2024-09-07,6434.0,6421.0
계란,2024-09-08,6434.0,6421.0
계란,2024-09-09,6434.0,6421.0
계란,2024-09-10,6434.0,6421.0
계란,2024-09-11,6434.0,6421.0
계란,2024-09-12,6317.0,6421.0
계란,2024-09-13,5987.0,6421.0
계란,2024-09-14,5987.0,6421.0
계란,2024-09-15,5987.0,6421.0
계란,2024-09-16,5987.0,6364.0
계란,2024-09-17,5987.0,6364.0
계란,2024-09-18,5987.0,6437.0
계란,2024-09-19,6604.0,6437.0
계란,2024-09-20,6604.0,6534.0
계란,2024-09-21,7237.0,6437.0
계란,2024-09-22,7237.0,6270.0
계란,2024-09-23,6933.0,6248.0
계란,2024-09-24,6933.0,6248.0
계란,2024-09-25,6933.0,6262.0
계란,2024-09-26,6604.0,6187.0
계란,2024-09-27,6351.0,6173.0
계란,2024-09-28,6351.0,6173.0
계란,2024-09-29,6351.0,6173.0
계란,2024-09-30,6775.0,6248.0
계란,2024-10-01,6775.0,6248.0
계란,2024-10-02,7028.0,6248.0
계란,2024-10-03,7028.0,6248.0
계란,2024-10-04,7028.0,6248.0
계란,2024-10-05,7028.0,6248.0
계란,2024-10-06,7376.0,6449.0
계란,2024-10-07,7123.0,6671.0
계란,2024-10-08,7123.0,6671.0
계란,2024-10-09,7123.0,6671.0
계란,2024-10-10,7123.0,6671.0
계란,2024-10-11,7123.0,6671.0
계란,2024-10-12,7123.0,6671.0
계란,2024-10-13,7123.0,6490.0
계란,2024-10-14,7123.0,6490.0
계란,2024-10-15,7123.0,6490.0
계란,2024-10-16,7028.0,6490.0
계란,2024-10-17,7028.0,6490.0
계란,2024-10-18,6933.0,6490.0
계란,2024-10-19,6933.0,6490.0
계란,2024-10-20,6933.0,6542.0
계란,2024-10-21,6933.0,6586.0
계란,2024-10-22,6933.0,6586.0
계란,2024-10-23,6933.0,6586.0
계란,2024-10-24,6933.0,6586.0
계란,2024-10-25,6718.0,6725.0
계란,2024-10-26,6718.0,6725.0
계란,2024-10-27,6718.0,6784.0
계란,2024-10-28,6718.0,6784.0
계란,2024-10-29,6604.0,6784.0
계란,2024-10-30,6604.0,6784.0
계란,2024-10-31,6604.0,6784.0
계란,2024-11-01,6351.0,6784.0
계란,2024-11-02,6351.0,6796.0
계란,2024-11-03,6351.0,6628.0
계란,2024-11-04,6351.0,6592.0
계란,2024-11-05,6351.0,6592.0
계란,2024-11-06,6351.0,6592.0
계란,2024-11-07,6604.0,6592.0
계란,2024-11-08,6927.0,6592.0
계란,2024-11-09,6927.0,6592.0
계란,2024-11-10,7028.0,6424.0
계란,2024-11-11,7028.0,6592.0
계란,2024-11-12,7028.0,6592.0
계란,2024-11-13,7028.0,6592.0
계란,2024-11-14,6933.0,6592.0
계란,2024-11-15,6313.0,6592.0
계란,2024-11-16,6313.0,6592.0
계란,2024-11-17,6313.0,6721.0
계란,2024-11-18,6313.0,6723.0
계란,2024-11-19,6313.0,6723.0
계란,2024-11-20,6313.0,6879.0
계란,2024-11-21,6933.0,6879.0
계란,2024-11-22,6933.0,6879.0
계란,2024-11-23,6933.0,6879.0
계란,2024-11-24,6933.0,6861.0
계란,2024-11-25,6933.0,6861.0
계란,2024-11-26,6933.0,6861.0
계란,2024-11-27,6933.0,6903.0
계란,2024-11-28,5971.0,6903.0
계란,2024-11-29,5971.0,6903.0
계란,2024-11-30,5971.0,6903.0
계란,2024-12-01,5971.0,6903.0
계란,2024-12-02,5971.0,6903.0
계란,2024-12-03,5971.0,6903.0
계란,2024-12-04,5971.0,6903.0
계란,2024-12-05,5971.0,6781.0
계란,2024-12-06,7142.0,6781.0
계란,2024-12-07,7300.0,6781.0
계란,2024-12-08,7300.0,6236.0
계란,2024-12-09,7300.0,6236.0
계란,2024-12-10,7300.0,6236.0
계란,2024-12-11,7142.0,6236.0
계란,2024-12-12,7142.0,6236.0
계란,2024-12-13,7028.0,6236.0
계란,2024-12-14,7028.0,6236.0
계란,2024-12-15,7028.0,6236.0
계란,2024-12-16,7028.0,6537.0
계란,2024-12-17,7028.0,6537.0
계란,2024-12-18,7028.0,6538.0
계란,2024-12-19,6775.0,6538.0
계란,2024-12-20,7028.0,6215.0
계란,2024-12-21,7237.0,6215.0
계란,2024-12-22,6604.0,6284.0
계란,2024-12-23,6604.0,6285.0
계란,2024-12-24,6604.0,6285.0
계란,2024-12-25,6604.0,6775.0
계란,2024-12-26,6351.0,6607.0
계란,2024-12-27,6351.0,6287.0
계란,2024-12-28,6933.0,6287.0
계란,2024-12-29,6933.0,6289.0
계란,2024-12-30,6933.0,6289.0
계란,2024-12-31,6933.0,6289.0
계란,2025-01-01,6562.0,6552.0
계란,2025-01-02,6404.0,6400.0
계란,2025-01-03,6404.0,6400.0
계란,2025-01-04,6404.0,6400.0
계란,2025-01-05,6404.0,6596.0
계란,2025-01-06,7028.0,6581.0
계란,2025-01-07,7028.0,6581.0
계란,2025-01-08,7028.0,6581.0
계란,2025-01-09,5984.0,6581.0
계란,2025-01-10,6131.0,6581.0
계란,2025-01-11,6131.0,6374.0
계란,2025-01-12,6131.0,6374.0
계란,2025-01-13,6131.0,6374.0
계란,2025-01-14,6131.0,6374.0
계란,2025-01-15,6131.0,6374.0
계란,2025-01-16,5984.0,6374.0
계란,2025-01-17,6534.0,6374.0
계란,2025-01-18,6534.0,6176.0
계란,2025-01-19,6534.0,6176.0
계란,2025-01-20,6040.0,6204.0
계란,2025-01-21,6040.0,6179.0
계란,2025-01-22,6040.0,6179.0
계란,2025-01-23,6040.0,6179.0
계란,2025-01-24,6351.0,6179.0
계란,2025-01-25,6351.0,6164.0
계란,2025-01-26,6351.0,6164.0
계란,2025-01-27,6351.0,6480.0
계란,2025-01-28,6351.0,6480.0
계란,2025-01-29,6351.0,6164.0
계란,2025-01-30,6604.0,6164.0
계란,2025-01-31,6604.0,6018.0
계란,2025-02-01,6604.0,6186.0
계란,2025-02-02,6604.0,6186.0
계란,2025-02-03,6604.0,6383.0
계란,2025-02-04,6604.0,6390.0
계란,2025-02-05,6604.0,6453.0
계란,2025-02-06,6604.0,6465.0
계란,2025-02-07,6604.0,6275.0
계란,2025-02-08,6604.0,6275.0
계란,2025-02-09,6604.0,6275.0
계란,2025-02-10,6167.0,6213.0
계란,2025-02-11,6167.0,6213.0
계란,2025-02-12,6167.0,6213.0
계란,2025-02-13,6167.0,6257.0
계란,2025-02-14,6604.0,6301.0
계란,2025-02-15,6604.0,6282.0
계란,2025-02-16,6604.0,6554.0
계란,2025-02-17,6604.0,6554.0
계란,2025-02-18,6604.0,6554.0
계란,2025-02-19,6604.0,6554.0
계란,2025-02-20,6531.0,6531.0
계란,2025-02-21,6531.0,6531.0
계란,2025-02-22,6531.0,6473.0
계란,2025-02-23,6531.0,6415.0
계란,2025-02-24,6531.0,6745.0
계란,2025-02-25,6531.0,6745.0
계란,2025-02-26,6531.0,6745.0
계란,2025-02-27,6531.0,6745.0
계란,2025-02-28,6531.0,6745.0
계란,2025-03-01,6531.0,6744.0
계란,2025-03-02,6531.0,6744.0
계란,2025-03-03,6531.0,6744.0
계란,2025-03-04,6531.0,6744.0
계란,2025-03-05,6531.0,6744.0
계란,2025-03-06,5984.0,6744.0
계란,2025-03-07,5984.0,6094.0
계란,2025-03-08,5984.0,6094.0
계란,2025-03-09,5984.0,5962.0
계란,2025-03-10,5984.0,5962.0
계란,2025-03-11,5984.0,5962.0
계란,2025-03-12,5984.0,5962.0
계란,2025-03-13,6531.0,5962.0
계란,2025-03-14,6319.0,6051.0
계란,2025-03-15,6319.0,6051.0
계란,2025-03-16,6319.0,6051.0
계란,2025-03-17,6319.0,6051.0
계란,2025-03-18,6319.0,6051.0
계란,2025-03-19,6319.0,6051.0
계란,2025-03-20,6499.0,6182.0
계란,2025-03-21,6567.0,6092.0
계란,2025-03-22,6567.0,6092.0
계란,2025-03-23,6567.0,6092.0
계란,2025-03-24,6567.0,6092.0
계란,2025-03-25,6567.0,6092.0
계란,2025-03-26,6567.0,6092.0
계란,2025-03-27,6567.0,6092.0
계란,2025-03-28,6567.0,6182.0
계란,2025-03-29,6567.0,6180.0
계란,2025-03-30,6567.0,6180.0
계란,2025-03-31,6567.0,6180.0
계란,2025-04-01,6567.0,6019.0
계란,2025-04-02,6567.0,6019.0
계란,2025-04-03,6567.0,6108.0
계란,2025-04-04,6092.0,6431.0
계란,2025-04-05,6092.0,6431.0
계란,2025-04-06,6092.0,6453.0
계란,2025-04-07,6718.0,6453.0
계란,2025-04-08,6714.0,6453.0
계란,2025-04-09,6714.0,6717.0
계란,2025-04-10,6790.0,6717.0
계란,2025-04-11,6790.0,6307.0
계란,2025-04-12,6790.0,6394.0
계란,2025-04-13,6790.0,6394.0
계란,2025-04-14,6790.0,6394.0
계란,2025-04-15,6790.0,6394.0
계란,2025-04-16,6790.0,6394.0
계란,2025-04-17,6790.0,6394.0
계란,2025-04-18,6790.0,6394.0
계란,2025-04-19,6790.0,6394.0
계란,2025-04-20,6794.0,6394.0
계란,2025-04-21,6794.0,6562.0
계란,2025-04-22,6794.0,6562.0
계란,2025-04-23,6794.0,6475.0
계란,2025-04-24,6794.0,6394.0
계란,2025-04-25,6790.0,6394.0
계란,2025-04-26,6790.0,6571.0
계란,2025-04-27,6790.0,6571.0
계란,2025-04-28,6790.0,6637.0
계란,2025-04-29,6790.0,6571.0
계란,2025-04-30,6790.0,6571.0
계란,2025-05-01,6790.0,6571.0
계란,2025-05-02,6790.0,6571.0
계란,2025-05-03,6790.0,6571.0
계란,2025-05-04,6790.0,6571.0
계란,2025-05-05,6790.0,6571.0
계란,2025-05-06,6790.0,6610.0
계란,2025-05-07,6790.0,6610.0
계란,2025-05-08,6790.0,6610.0
계란,2025-05-09,6790.0,6523.0
계란,2025-05-10,6790.0,6691.0
계란,2025-05-11,6790.0,6689.0
계란,2025-05-12,6790.0,6534.0
계란,2025-05-13,7012.0,6545.0
계란,2025-05-14,7012.0,6603.0
계란,2025-05-15,7012.0,6603.0
계란,2025-05-16,7012.0,6603.0
계란,2025-05-17,7012.0,6662.0
계란,2025-05-18,7012.0,6697.0
계란,2025-05-19,7012.0,6834.0
계란,2025-05-20,7012.0,6834.0
계란,2025-05-21,7012.0,6834.0
계란,2025-05-22,7012.0,6834.0
계란,2025-05-23,7012.0,6716.0
계란,2025-05-24,7012.0,6603.0
계란,2025-05-25,7015.0,6603.0
계란,2025-05-26,7012.0,6603.0
계란,2025-05-27,7012.0,6603.0
계란,2025-05-28,7012.0,6603.0
계란,2025-05-29,7012.0,6603.0
계란,2025-05-30,7012.0,6775.0
계란,2025-05-31,7012.0,6662.0
계란,2025-06-01,7012.0,6662.0
계란,2025-06-02,7012.0,6662.0
계란,2025-06-03,7012.0,6662.0
계란,2025-06-04,7012.0,6662.0
계란,2025-06-05,7012.0,6662.0
계란,2025-06-06,7012.0,6604.0
계란,2025-06-07,7012.0,6604.0
계란,2025-06-08,7012.0,6604.0
계란,2025-06-09,7012.0,6411.0
계란,2025-06-10,7012.0,6543.0
계란,2025-06-11,7012.0,6543.0
계란,2025-06-12,7012.0,6504.0
계란,2025-06-13,7012.0,6516.0
계란,2025-06-14,7012.0,6504.0
계란,2025-06-15,7015.0,6504.0
계란,2025-06-16,7015.0,6508.0
계란,2025-06-17,7015.0,6398.0
계란,2025-06-18,7015.0,6398.0
계란,2025-06-19,7012.0,6398.0
계란,2025-06-20,7012.0,6398.0
계란,2025-06-21,7012.0,6255.0
계란,2025-06-22,7012.0,6148.0
계란,2025-06-23,6984.0,6303.0
계란,2025-06-24,6984.0,6303.0
계란,2025-06-25,6984.0,6303.0
계란,2025-06-26,6984.0,6303.0
계란,2025-06-27,7167.0,6303.0
계란,2025-06-28,7167.0,6303.0
계란,2025-06-29,6534.0,6303.0
계란,2025-06-30,6534.0,6303.0
계란,2025-07-01,7167.0,6362.0
계란,2025-07-02,7167.0,6362.0
계란,2025-07-03,7167.0,6362.0
계란,2025-07-04,7167.0,6174.0
계란,2025-07-05,6984.0,6174.0
계란,2025-07-06,7167.0,6174.0
계란,2025-07-07,7347.0,6174.0
계란,2025-07-08,7347.0,6473.0
계란,2025-07-09,7347.0,6473.0
계란,2025-07-10,7347.0,6473.0
계란,2025-07-11,6853.0,6361.0
계란,2025-07-12,6490.0,6482.0
계란,2025-07-13,6853.0,6482.0
계란,2025-07-14,6490.0,6499.0
계란,2025-07-15,6490.0,6490.0
계란,2025-07-16,6490.0,6545.0
계란,2025-07-17,6490.0,6722.0
계란,2025-07-18,6680.0,6699.0
계란,2025-07-19,6680.0,6699.0
계란,2025-07-20,6680.0,6699.0
계란,2025-07-21,6680.0,6671.0
계란,2025-07-22,6680.0,6671.0
계란,2025-07-23,6680.0,6671.0
계란,2025-07-24,6680.0,6671.0
계란,2025-07-25,7186.0,6576.0
계란,2025-07-26,7186.0,6345.0
계란,2025-07-27,7186.0,6345.0
계란,2025-07-28,7186.0,6345.0
계란,2025-07-29,7186.0,6345.0
계란,2025-07-30,7186.0,6345.0
계란,2025-07-31,7186.0,6345.0
계란,2025-08-01,7550.0,6531.0
계란,2025-08-02,7708.0,6531.0
계란,2025-08-03,7550.0,6643.0
계란,2025-08-04,7550.0,6470.0
계란,2025-08-05,7550.0,6470.0
계란,2025-08-06,7550.0,6470.0
계란,2025-08-07,7043.0,6427.0
계란,2025-08-08,7043.0,6298.0
계란,2025-08-09,7043.0,6187.0
계란,2025-08-10,7043.0,6388.0
계란,2025-08-11,6680.0,6388.0
계란,2025-08-12,6680.0,6372.0
계란,2025-08-13,6680.0,6372.0
계란,2025-08-14,6680.0,6372.0
계란,2025-08-15,6680.0,6500.0
계란,2025-08-16,6680.0,6431.0
계란,2025-08-17,6680.0,6542.0
계란,2025-08-18,6680.0,6542.0
계란,2025-08-19,6680.0,6542.0
계란,2025-08-20,6680.0,6542.0
계란,2025-08-21,6680.0,6542.0
계란,2025-08-22,6680.0,6505.0
계란,2025-08-23,6680.0,6505.0
계란,2025-08-24,6680.0,6505.0
계란,2025-08-25,6680.0,6537.0
계란,2025-08-26,6680.0,6533.0
계란,2025-08-27,6680.0,6533.0
계란,2025-08-28,6680.0,6533.0
계란,2025-08-29,6680.0,6535.0
계란,2025-08-30,6680.0,6567.0
계란,2025-08-31,6680.0,6567.0
계란,2025-09-01,6863.0,6567.0
계란,2025-09-02,6863.0,6567.0
계란,2025-09-03,6863.0,6567.0
계란,2025-09-04,6643.0,6617.0
계란,2025-09-05,6643.0,6520.0
계란,2025-09-06,6643.0,6503.0
계란,2025-09-07,6643.0,6425.0
계란,2025-09-08,6680.0,6425.0
계란,2025-09-09,6680.0,6425.0
계란,2025-09-10,6680.0,6425.0
계란,2025-09-11,6460.0,6425.0
계란,2025-09-12,6143.0,6386.0
계란,2025-09-13,6143.0,6276.0
계란,2025-09-14,6143.0,6276.0
계란,2025-09-15,6144.0,6276.0
계란,2025-09-16,6144.0,6238.0
계란,2025-09-17,6144.0,6238.0
계란,2025-09-18,5907.0,6287.0
계란,2025-09-19,5274.0,6493.0
계란,2025-09-20,5274.0,6557.0
계란,2025-09-21,5274.0,6704.0
계란,2025-09-22,5510.0,6592.0
계란,2025-09-23,5510.0,6476.0
계란,2025-09-24,5510.0,6476.0
계란,2025-09-25,5510.0,6485.0
계란,2025-09-26,5510.0,6326.0
계란,2025-09-27,5510.0,6232.0
계란,2025-09-28,5510.0,6232.0
계란,2025-09-29,5510.0,6232.0
계란,2025-09-30,5510.0,6423.0
계란,2025-10-01,5510.0,6423.0
계란,2025-10-02,5510.0,6508.0
계란,2025-10-03,5510.0,6508.0
계란,2025-10-04,5510.0,6508.0
계란,2025-10-05,5510.0,6508.0
계란,2025-10-06,6097.0,6758.0
계란,2025-10-07,6097.0,6822.0
계란,2025-10-08,6097.0,6822.0
계란,2025-10-09,6097.0,6822.0
계란,2025-10-10,6097.0,6822.0
계란,2025-10-11,6097.0,6822.0
계란,2025-10-12,6097.0,6822.0
계란,2025-10-13,6097.0,6701.0
계란,2025-10-14,6097.0,6701.0
계란,2025-10-15,6097.0,6701.0
계란,2025-10-16,5694.0,6669.0
계란,2025-10-17,6390.0,6669.0
계란,2025-10-18,6390.0,6637.0
계란,2025-10-19,6390.0,6637.0
계란,2025-10-20,6794.0,6672.0
계란,2025-10-21,6794.0,6702.0
계란,2025-10-22,6794.0,6702.0
계란,2025-10-23,6794.0,6702.0
계란,2025-10-24,6857.0,6702.0
계란,2025-10-25,6857.0,6723.0
계란,2025-10-26,6857.0,6723.0
계란,2025-10-27,6857.0,6762.0
계란,2025-10-28,6857.0,6762.0
계란,2025-10-29,6857.0,6724.0
계란,2025-10-30,5904.0,6724.0
계란,2025-10-31,5904.0,6724.0
계란,2025-11-01,5904.0,6639.0
계란,2025-11-02,5904.0,6648.0
계란,2025-11-03,5904.0,6536.0
계란,2025-11-04,5904.0,6511.0
계란,2025-11-05,5904.0,6511.0
계란,2025-11-06,6270.0,6511.0
계란,2025-11-07,6195.0,6596.0
계란,2025-11-08,6195.0,6703.0
계란,2025-11-09,6195.0,6703.0
계란,2025-11-10,6195.0,6625.0
계란,2025-11-11,6195.0,6737.0
계란,2025-11-12,6195.0,6737.0
계란,2025-11-13,6195.0,6737.0
계란,2025-11-14,6017.0,6705.0
계란,2025-11-15,6017.0,6499.0
계란,2025-11-16,6017.0,6499.0
계란,2025-11-17,6017.0,6585.0
계란,2025-11-18,6017.0,6586.0
계란,2025-11-19,6017.0,6586.0
계란,2025-11-20,5498.0,6690.0
계란,2025-11-21,5498.0,6897.0
계란,2025-11-22,5498.0,6897.0
계란,2025-11-23,5498.0,6897.0
계란,2025-11-24,5498.0,6885.0
계란,2025-11-25,5498.0,6885.0
계란,2025-11-26,5498.0,6885.0
계란,2025-11-27,5931.0,6913.0
계란,2025-11-28,5931.0,6592.0
계란,2025-11-29,5931.0,6592.0
계란,2025-11-30,5931.0,6592.0
계란,2025-12-01,5931.0,6592.0
계란,2025-12-02,6448.0,6592.0
계란,2025-12-03,6448.0,6592.0
계란,2025-12-04,6667.0,6592.0
계란,2025-12-05,6351.0,6511.0
계란,2025-12-06,6351.0,6901.0
계란,2025-12-07,6351.0,6954.0
계란,2025-12-08,6351.0,6591.0
계란,2025-12-09,6351.0,6591.0
계란,2025-12-10,6351.0,6591.0
계란,2025-12-11,6351.0,6538.0
계란,2025-12-12,6806.0,6538.0
계란,2025-12-13,6806.0,6500.0
계란,2025-12-14,6806.0,6500.0
계란,2025-12-15,7173.0,6500.0
계란,2025-12-16,7173.0,6701.0
계란,2025-12-17,7173.0,6701.0
계란,2025-12-18,7173.0,6701.0
계란,2025-12-19,6718.0,6617.0
계란,2025-12-20,6718.0,6486.0
계란,2025-12-21,6718.0,6555.0
계란,2025-12-22,6718.0,6390.0
계란,2025-12-23,6718.0,6391.0
계란,2025-12-24,6534.0,6391.0
계란,2025-12-25,6534.0,6718.0
계란,2025-12-26,6484.0,6521.0
계란,2025-12-27,6484.0,6308.0
계란,2025-12-28,6484.0,6502.0
계란,2025-12-29,6484.0,6503.0
계란,2025-12-30,6484.0,6503.0
계란,2025-12-31,6667.0,6503.0
계란,2026-01-01,6667.0,6555.0
계란,2026-01-02,6857.0,6401.0
계란,2026-01-03,6857.0,6401.0
계란,2026-01-04,6857.0,6401.0
계란,2026-01-05,6857.0,6548.0
계란,2026-01-06,6857.0,6693.0
계란,2026-01-07,6857.0,6693.0
계란,2026-01-08,6857.0,6693.0
계란,2026-01-09,7047.0,6432.0
계란,2026-01-10,7047.0,6469.0
계란,2026-01-11,7047.0,6314.0
계란,2026-01-12,7047.0,6313.0
계란,2026-01-13,7047.0,6313.0
계란,2026-01-14,7047.0,6313.0
계란,2026-01-15,7047.0,6313.0
계란,2026-01-16,7047.0,6277.0
계란,2026-01-17,7047.0,6414.0
계란,2026-01-18,7047.0,6266.0
계란,2026-01-19,7047.0,6266.0
계란,2026-01-20,7047.0,6163.0
계란,2026-01-21,7047.0,6144.0
계란,2026-01-22,7047.0,6144.0
계란,2026-01-23,7047.0,6144.0
계란,2026-01-24,7047.0,6222.0
계란,2026-01-25,7047.0,6211.0
계란,2026-01-26,7047.0,6211.0
계란,2026-01-27,7047.0,6448.0
계란,2026-01-28,7047.0,6448.0
계란,2026-01-29,5942.0,6211.0
계란,2026-01-30,5784.0,6274.0
계란,2026-01-31,5784.0,6274.0
계란,2026-02-01,5784.0,6391.0
계란,2026-02-02,5784.0,6391.0
계란,2026-02-03,5784.0,6581.0
계란,2026-02-04,5784.0,6581.0
계란,2026-02-05,5831.0,6644.0
계란,2026-02-06,5546.0,6644.0
계란,2026-02-07,5546.0,6454.0
계란,2026-02-08,5546.0,6454.0
계란,2026-02-09,5546.0,6454.0
계란,2026-02-10,5546.0,6305.0
계란,2026-02-11,5546.0,6305.0
계란,2026-02-12,6600.0,6305.0
계란,2026-02-13,6600.0,6360.0
계란,2026-02-14,6600.0,6492.0
계란,2026-02-15,6600.0,6473.0
계란,2026-02-16,6600.0,6570.0
계란,2026-02-17,6600.0,6570.0
계란,2026-02-18,6600.0,6570.0
계란,2026-02-19,6233.0,6570.0
계란,2026-02-20,6727.0,6531.0
계란,2026-02-21,6727.0,6531.0
계란,2026-02-22,6727.0,6492.0
계란,2026-02-23,6961.0,6453.0
계란,2026-02-24,6961.0,6674.0
계란,2026-02-25,6961.0,6674.0
계란,2026-02-26,6961.0,6674.0
계란,2026-02-27,6676.0,6674.0
계란,2026-02-28,6676.0,6674.0
계란,2026-03-01,6676.0,6673.0
계란,2026-03-02,6676.0,6673.0
계란,2026-03-03,6676.0,6673.0
계란,2026-03-04,6676.0,6673.0
계란,2026-03-05,6676.0,6673.0
계란,2026-03-06,6676.0,6490.0
계란,2026-03-07,6676.0,6057.0
계란,2026-03-08,6676.0,6057.0
계란,2026-03-09,6676.0,5969.0
계란,2026-03-10,6676.0,5969.0
계란,2026-03-11,6334.0,5969.0
계란,2026-03-12,6334.0,5969.0
계란,2026-03-13,6334.0,6152.0
계란,2026-03-14,6334.0,6140.0
계란,2026-03-15,6334.0,6140.0
계란,2026-03-16,6676.0,6140.0
계란,2026-03-17,6676.0,6140.0
계란,2026-03-18,6676.0,6140.0
계란,2026-03-19,6676.0,6140.0
계란,2026-03-20,6347.0,6288.0
계란,2026-03-21,6347.0,6250.0
계란,2026-03-22,6347.0,6250.0
계란,2026-03-23,6347.0,6250.0
계란,2026-03-24,6347.0,6250.0
계란,2026-03-25,6347.0,6250.0
계란,2026-03-26,6347.0,6250.0
계란,2026-03-27,6739.0,6250.0
계란,2026-03-28,6739.0,6310.0
계란,2026-03-29,6739.0,6309.0
계란,2026-03-30,6739.0,6309.0
계란,2026-03-31,6739.0,6309.0
계란,2026-04-01,6739.0,6201.0
계란,2026-04-02,6739.0,6201.0
계란,2026-04-03,6727.0,6261.0
계란,2026-04-04,6727.0,6318.0
계란,2026-04-05,6727.0,6318.0
계란,2026-04-06,6727.0,6332.0
계란,2026-04-07,6727.0,6541.0
계란,2026-04-08,6727.0,6540.0
계란,2026-04-09,6727.0,6716.0
계란,2026-04-10,6727.0,6741.0
계란,2026-04-11,6727.0,6468.0
계란,2026-04-12,6739.0,6526.0
계란,2026-04-13,6739.0,6526.0
계란,2026-04-14,6739.0,6526.0
계란,2026-04-15,6739.0,6526.0
계란,2026-04-16,6739.0,6526.0
계란,2026-04-17,6739.0,6526.0
계란,2026-04-18,6739.0,6526.0
계란,2026-04-19,6739.0,6526.0
계란,2026-04-20,6739.0,6527.0
계란,2026-04-21,6739.0,6639.0
계란,2026-04-22,6739.0,6639.0
계란,2026-04-23,6727.0,6581.0
계란,2026-04-24,6347.0,6527.0
계란,2026-04-25,6347.0,6526.0
계란,2026-04-26,6347.0,6644.0
계란,2026-04-27,6347.0,6644.0
계란,2026-04-28,6347.0,6675.0
계란,2026-04-29,6347.0,6644.0
계란,2026-04-30,6347.0,6644.0
계란,2026-05-01,6727.0,6644.0
계란,2026-05-02,6980.0,6644.0
계란,2026-05-03,6980.0,6644.0
계란,2026-05-04,6980.0,6644.0
계란,2026-05-05,6980.0,6644.0
계란,2026-05-06,6980.0,6670.0
계란,2026-05-07,6980.0,6670.0
계란,2026-05-08,6980.0,6670.0
계란,2026-05-09,6980.0,6612.0
계란,2026-05-10,6980.0,6724.0
계란,2026-05-11,6727.0,6723.0
계란,2026-05-12,6727.0,6598.0
계란,2026-05-13,6727.0,6662.0
계란,2026-05-14,6727.0,6705.0
계란,2026-05-15,6676.0,6705.0
계란,2026-05-16,6676.0,6705.0
계란,2026-05-17,6676.0,6750.0
계란,2026-05-18,6676.0,6776.0
계란,2026-05-19,6676.0,6879.0
계란,2026-05-20,6676.0,6879.0
계란,2026-05-21,6676.0,6879.0
계란,2026-05-22,6676.0,6879.0
계란,2026-05-23,6676.0,6790.0
계란,2026-05-24,7246.0,6705.0
계란,2026-05-25,7246.0,6706.0
계란,2026-05-26,7246.0,6705.0
계란,2026-05-27,7246.0,6705.0
계란,2026-05-28,7246.0,6705.0
계란,2026-05-29,6727.0,6705.0
계란,2026-05-30,6727.0,6835.0
계란,2026-05-31,6727.0,6750.0
계란,2026-06-01,6727.0,6750.0
계란,2026-06-02,6727.0,6750.0
계란,2026-06-03,6727.0,6750.0
계란,2026-06-04,6727.0,6750.0
계란,2026-06-05,6493.0,6750.0
계란,2026-06-06,6493.0,6706.0
계란,2026-06-07,6493.0,6706.0
계란,2026-06-08,6493.0,6706.0
계란,2026-06-09,6493.0,6562.0
계란,2026-06-10,6493.0,6660.0
계란,2026-06-11,6493.0,6660.0
계란,2026-06-12,6493.0,6631.0
계란,2026-06-13,6493.0,6640.0
계란,2026-06-14,7316.0,6631.0
계란,2026-06-15,7316.0,6632.0
계란,2026-06-16,6746.0,6635.0
계란,2026-06-17,6746.0,6553.0
계란,2026-06-18,6674.0,6553.0
계란,2026-06-19,6674.0,6552.0
계란,2026-06-20,6674.0,6552.0
계란,2026-06-21,6674.0,6444.0
계란,2026-06-22,6674.0,6364.0
계란,2026-06-23,6674.0,6473.0
계란,2026-06-24,6674.0,6473.0
계란,2026-06-25,7047.0,6473.0
계란,2026-06-26,6421.0,6473.0
계란,2026-06-27,6421.0,6519.0
계란,2026-06-28,6421.0,6519.0
계란,2026-06-29,6421.0,6361.0
계란,2026-06-30,6421.0,6361.0
계란,2026-07-01,6421.0,6563.0
계란,2026-07-02,6457.0,6563.0
계란,2026-07-03,6457.0,6563.0
계란,2026-07-04,6457.0,6423.0
계란,2026-07-05,6457.0,6377.0
계란,2026-07-06,7204.0,6423.0
계란,2026-07-07,7204.0,6468.0
계란,2026-07-08,7204.0,6691.0
계란,2026-07-09,7058.0,6691.0
계란,2026-07-10,7058.0,6691.0
계란,2026-07-11,7058.0,6484.0
계란,2026-07-12,7058.0,6484.0
계란,2026-07-13,7058.0,6575.0
계란,2026-07-14,7058.0,6497.0
계란,2026-07-15,7058.0,6490.0
계란,2026-07-16,7058.0,6531.0
계란,2026-07-17,7058.0,6664.0
계란,2026-07-18,7058.0,6695.0
계란,2026-07-19,7058.0,6695.0
계란,2026-07-20,7058.0,6695.0
계란,2026-07-21,7058.0,6674.0
계란,2026-07-22,7058.0,6674.0
계란,2026-07-23,7058.0,6674.0
계란,2026-07-24,7058.0,6674.0
계란,2026-07-25,7058.0,6728.0
계란,2026-07-26,7058.0,6555.0
계란,2026-07-27,7058.0,6555.0
계란,2026-07-28,7058.0,6555.0
계란,2026-07-29,7058.0,6555.0
계란,2026-07-30,7058.0,6555.0
계란,2026-07-31,8273.0,6555.0
계란,2026-08-01,8273.0,6786.0
계란,2026-08-02,8273.0,6825.0
계란,2026-08-03,8273.0,6870.0
계란,2026-08-04,8273.0,6740.0
계란,2026-08-05,8273.0,6740.0
계란,2026-08-06,8273.0,6740.0
계란,2026-08-07,8273.0,6581.0
계란,2026-08-08,8273.0,6485.0
계란,2026-08-09,8273.0,6401.0
계란,2026-08-10,8273.0,6552.0
계란,2026-08-11,8273.0,6461.0
계란,2026-08-12,8273.0,6449.0
계란,2026-08-13,8273.0,6449.0
계란,2026-08-14,8273.0,6449.0
계란,2026-08-15,8273.0,6545.0
계란,2026-08-16,8273.0,6493.0
계란,2026-08-17,8273.0,6577.0
계란,2026-08-18,8273.0,6577.0
계란,2026-08-19,8273.0,6577.0
계란,2026-08-20,8273.0,6577.0
계란,2026-08-21,5984.0,6577.0
계란,2026-08-22,5984.0,6549.0
계란,2026-08-23,7247.0,6549.0
계란,2026-08-24,7247.0,6549.0
계란,2026-08-25,7830.0,6573.0
계란,2026-08-26,7830.0,6570.0
계란,2026-08-27,7830.0,6570.0
계란,2026-08-28,7830.0,6570.0
계란,2026-08-29,7830.0,6571.0
계란,2026-08-30,7830.0,6595.0
계란,2026-08-31,7830.0,6595.0
계란,2026-09-01,7830.0,6641.0
계란,2026-09-02,7247.0,6641.0
계란,2026-09-03,7247.0,6641.0
계란,2026-09-04,7830.0,6623.0
계란,2026-09-05,7830.0,6551.0
계란,2026-09-06,7830.0,6538.0
계란,2026-09-07,7830.0,6480.0
계란,2026-09-08,7830.0,6489.0
계란,2026-09-09,7247.0,6489.0
계란,2026-09-10,7247.0,6489.0
계란,2026-09-11,7247.0,6434.0
계란,2026-09-12,7247.0,6326.0
계란,2026-09-13,7247.0,6243.0
계란,2026-09-14,7247.0,6243.0
계란,2026-09-15,7247.0,6243.0
계란,2026-09-16,7830.0,6215.0
계란,2026-09-17,7830.0,6215.0
계란,2026-09-18,7830.0,6192.0
계란,2026-09-19,7830.0,6188.0
깐마늘,2023-01-02,12707.0,10068.0
깐마늘,2023-01-03,12707.0,10090.0
깐마늘,2023-01-04,13400.0,10111.0
깐마늘,2023-01-05,12707.0,10132.0
깐마늘,2023-01-06,12707.0,10132.0
깐마늘,2023-01-09,12707.0,10064.0
깐마늘,2023-01-10,12707.0,10075.0
깐마늘,2023-01-11,12707.0,10072.0
깐마늘,2023-01-12,12707.0,10051.0
깐마늘,2023-01-13,12707.0,10023.0
깐마늘,2023-01-16,12707.0,9862.0
깐마늘,2023-01-17,12707.0,9768.0
깐마늘,2023-01-18,12667.0,9735.0
깐마늘,2023-01-19,12030.0,9752.0
깐마늘,2023-01-20,12030.0,9829.0
깐마늘,2023-01-25,12030.0,10018.0
깐마늘,2023-01-26,12667.0,10003.0
깐마늘,2023-01-27,12667.0,9895.0
깐마늘,2023-01-30,12667.0,9728.0
깐마늘,2023-01-31,12667.0,9768.0
깐마늘,2023-02-01,12667.0,9807.0
깐마늘,2023-02-02,12667.0,9824.0
깐마늘,2023-02-03,12667.0,9892.0
깐마늘,2023-02-06,13360.0,10141.0
깐마늘,2023-02-07,13360.0,10144.0
깐마늘,2023-02-08,13360.0,10146.0
깐마늘,2023-02-09,13360.0,10137.0
깐마늘,2023-02-10,13360.0,10140.0
깐마늘,2023-02-13,13360.0,10173.0
깐마늘,2023-02-14,13360.0,10190.0
깐마늘,2023-02-15,13360.0,10207.0
깐마늘,2023-02-16,13360.0,10225.0
깐마늘,2023-02-17,13360.0,9977.0
깐마늘,2023-02-20,13360.0,9945.0
깐마늘,2023-02-21,13360.0,9945.0
깐마늘,2023-02-22,13360.0,9982.0
깐마늘,2023-02-23,13360.0,9982.0
깐마늘,2023-02-24,13360.0,9982.0
깐마늘,2023-02-27,13360.0,9876.0
깐마늘,2023-02-28,13360.0,9810.0
깐마늘,2023-03-02,13360.0,9766.0
깐마늘,2023-03-03,12697.0,9760.0
깐마늘,2023-03-06,12697.0,9690.0
깐마늘,2023-03-07,12697.0,9756.0
깐마늘,2023-03-08,12697.0,9823.0
깐마늘,2023-03-09,12780.0,9892.0
깐마늘,2023-03-10,12113.0,9920.0
깐마늘,2023-03-13,12113.0,10007.0
깐마늘,2023-03-14,12780.0,10024.0
깐마늘,2023-03-15,12780.0,10007.0
깐마늘,2023-03-16,12113.0,9991.0
깐마늘,2023-03-17,12113.0,9979.0
깐마늘,2023-03-20,12113.0,9976.0
깐마늘,2023-03-21,12113.0,9972.0
깐마늘,2023-03-22,12113.0,9990.0
깐마늘,2023-03-23,12780.0,10092.0
깐마늘,2023-03-24,12780.0,10136.0
깐마늘,2023-03-27,12780.0,10201.0
깐마늘,2023-03-28,12780.0,10184.0
깐마늘,2023-03-29,12780.0,10168.0
깐마늘,2023-03-30,12780.0,10173.0
깐마늘,2023-03-31,12780.0,10101.0
깐마늘,2023-04-03,13443.0,10173.0
깐마늘,2023-04-04,13443.0,10196.0
깐마늘,2023-04-05,13443.0,10239.0
깐마늘,2023-04-06,12113.0,10264.0
깐마늘,2023-04-07,12113.0,10367.0
깐마늘,2023-04-10,12113.0,10369.0
깐마늘,2023-04-11,12113.0,10369.0
깐마늘,2023-04-12,12113.0,10369.0
깐마늘,2023-04-13,12780.0,10397.0
깐마늘,2023-04-14,12780.0,10425.0
깐마늘,2023-04-17,12780.0,10564.0
깐마늘,2023-04-18,12780.0,10592.0
깐마늘,2023-04-19,12780.0,10620.0
깐마늘,2023-04-20,12780.0,10648.0
깐마늘,2023-04-21,12780.0,10648.0
깐마늘,2023-04-24,12780.0,10592.0
깐마늘,2023-04-25,12780.0,10553.0
깐마늘,2023-04-26,12780.0,10521.0
깐마늘,2023-04-27,12223.0,10493.0
깐마늘,2023-04-28,12223.0,10496.0
깐마늘,2023-05-02,12223.0,10313.0
깐마늘,2023-05-03,12223.0,10274.0
깐마늘,2023-05-04,11557.0,10224.0
깐마늘,2023-05-08,11557.0,10255.0
깐마늘,2023-05-09,11557.0,10244.0
깐마늘,2023-05-10,11557.0,10221.0
깐마늘,2023-05-11,11557.0,10199.0
깐마늘,2023-05-12,11557.0,10177.0
깐마늘,2023-05-15,11557.0,10249.0
깐마늘,2023-05-16,11557.0,10296.0
깐마늘,2023-05-17,11557.0,10342.0
깐마늘,2023-05-18,11557.0,10389.0
깐마늘,2023-05-19,11140.0,10408.0
깐마늘,2023-05-22,10847.0,10417.0
깐마늘,2023-05-23,10847.0,10421.0
깐마늘,2023-05-24,10847.0,10426.0
깐마늘,2023-05-25,10847.0,10436.0
깐마늘,2023-05-26,10847.0,10446.0
깐마늘,2023-05-30,10847.0,10467.0
깐마늘,2023-05-31,10847.0,10478.0
깐마늘,2023-06-01,10293.0,10484.0
깐마늘,2023-06-02,10293.0,10489.0
깐마늘,2023-06-05,10293.0,10467.0
깐마늘,2023-06-07,10293.0,10456.0
깐마늘,2023-06-08,10293.0,10404.0
깐마늘,2023-06-09,10293.0,10327.0
깐마늘,2023-06-12,10293.0,10310.0
깐마늘,2023-06-13,10293.0,10310.0
깐마늘,2023-06-14,10293.0,10354.0
깐마늘,2023-06-15,9920.0,10391.0
깐마늘,2023-06-16,9920.0,10374.0
깐마늘,2023-06-19,9920.0,10257.0
깐마늘,2023-06-20,9920.0,10209.0
깐마늘,2023-06-21,9920.0,10186.0
깐마늘,2023-06-22,10253.0,10142.0
깐마늘,2023-06-23,10253.0,10124.0
깐마늘,2023-06-26,10253.0,9986.0
깐마늘,2023-06-27,10253.0,10003.0
깐마늘,2023-06-28,10253.0,10019.0
깐마늘,2023-06-29,8490.0,10036.0
깐마늘,2023-06-30,8490.0,10053.0
깐마늘,2023-07-03,9823.0,10004.0
깐마늘,2023-07-04,9823.0,9968.0
깐마늘,2023-07-05,9823.0,9963.0
깐마늘,2023-07-06,9157.0,9973.0
깐마늘,2023-07-07,9157.0,9965.0
깐마늘,2023-07-10,9157.0,9858.0
깐마늘,2023-07-11,9157.0,9863.0
깐마늘,2023-07-12,9157.0,9863.0
깐마늘,2023-07-13,9490.0,9922.0
깐마늘,2023-07-14,9490.0,9975.0
깐마늘,2023-07-17,9490.0,10096.0
깐마늘,2023-07-18,9490.0,10082.0
깐마늘,2023-07-19,9490.0,10050.0
깐마늘,2023-07-20,8823.0,10025.0
깐마늘,2023-07-21,8823.0,10090.0
깐마늘,2023-07-24,8823.0,10116.0
깐마늘,2023-07-25,8823.0,10115.0
깐마늘,2023-07-26,8823.0,10105.0
깐마늘,2023-07-27,9490.0,10102.0
깐마늘,2023-07-28,9490.0,10104.0
깐마늘,2023-07-31,9490.0,10154.0
깐마늘,2023-08-01,9490.0,10168.0
깐마늘,2023-08-02,9490.0,10168.0
깐마늘,2023-08-03,9157.0,10156.0
깐마늘,2023-08-04,9157.0,10185.0
깐마늘,2023-08-07,9157.0,10248.0
깐마늘,2023-08-08,9157.0,10282.0
깐마늘,2023-08-09,9157.0,10279.0
깐마늘,2023-08-10,9290.0,10285.0
깐마늘,2023-08-11,9290.0,10305.0
깐마늘,2023-08-14,9290.0,10361.0
깐마늘,2023-08-16,9290.0,10372.0
깐마늘,2023-08-17,9157.0,10372.0
깐마늘,2023-08-18,9157.0,10372.0
깐마늘,2023-08-21,9157.0,10372.0
깐마늘,2023-08-22,9157.0,10372.0
깐마늘,2023-08-23,9157.0,10372.0
깐마늘,2023-08-24,9490.0,10372.0
깐마늘,2023-08-25,9490.0,10372.0
깐마늘,2023-08-28,9490.0,10372.0
깐마늘,2023-08-29,9490.0,10372.0
깐마늘,2023-08-30,9490.0,10372.0
깐마늘,2023-08-31,8070.0,10372.0
깐마늘,2023-09-01,8070.0,10389.0
깐마늘,2023-09-04,8070.0,10493.0
깐마늘,2023-09-05,8070.0,10508.0
깐마늘,2023-09-06,8070.0,10487.0
깐마늘,2023-09-07,8071.0,10472.0
깐마늘,2023-09-08,8071.0,10476.0
깐마늘,2023-09-11,8070.0,10455.0
깐마늘,2023-09-12,8070.0,10476.0
깐마늘,2023-09-13,8070.0,10497.0
깐마늘,2023-09-14,8153.0,10518.0
깐마늘,2023-09-15,8153.0,10580.0
깐마늘,2023-09-18,8153.0,10568.0
깐마늘,2023-09-19,8153.0,10555.0
깐마늘,2023-09-20,8153.0,10543.0
깐마늘,2023-09-21,8153.0,10530.0
깐마늘,2023-09-22,8153.0,10518.0
깐마늘,2023-09-23,8153.0,10518.0
깐마늘,2023-09-25,8153.0,10518.0
깐마늘,2023-09-26,8153.0,10518.0
깐마늘,2023-09-27,8153.0,10518.0
깐마늘,2023-10-04,9547.0,10518.0
깐마늘,2023-10-05,9547.0,10518.0
깐마늘,2023-10-06,9547.0,10518.0
깐마늘,2023-10-10,9547.0,10472.0
깐마늘,2023-10-11,9547.0,10461.0
깐마늘,2023-10-12,9707.0,10457.0
깐마늘,2023-10-13,9707.0,10448.0
깐마늘,2023-10-16,9707.0,10462.0
깐마늘,2023-10-17,9707.0,10462.0
깐마늘,2023-10-18,9707.0,10462.0
깐마늘,2023-10-19,9707.0,10462.0
깐마늘,2023-10-20,8707.0,10462.0
깐마늘,2023-10-23,8707.0,10379.0
깐마늘,2023-10-24,9790.0,10358.0
깐마늘,2023-10-25,9790.0,10358.0
깐마늘,2023-10-26,8660.0,10379.0
깐마늘,2023-10-27,8660.0,10379.0
깐마늘,2023-10-30,8660.0,10445.0
깐마늘,2023-10-31,8660.0,10450.0
깐마늘,2023-11-01,8660.0,10461.0
깐마늘,2023-11-02,8077.0,10475.0
깐마늘,2023-11-03,7810.0,10459.0
깐마늘,2023-11-06,7810.0,10338.0
깐마늘,2023-11-07,7810.0,10293.0
깐마늘,2023-11-08,7810.0,10189.0
깐마늘,2023-11-09,7117.0,10154.0
깐마늘,2023-11-10,7117.0,10092.0
깐마늘,2023-11-13,7117.0,9987.0
깐마늘,2023-11-14,7117.0,9987.0
깐마늘,2023-11-15,7117.0,9951.0
깐마늘,2023-11-16,7117.0,9906.0
깐마늘,2023-11-17,7117.0,9807.0
깐마늘,2023-11-20,7117.0,9444.0
깐마늘,2023-11-21,7117.0,9319.0
깐마늘,2023-11-22,7970.0,9281.0
깐마늘,2023-11-23,7117.0,9244.0
깐마늘,2023-11-24,7117.0,9244.0
깐마늘,2023-11-27,7117.0,9580.0
깐마늘,2023-11-28,7117.0,9591.0
깐마늘,2023-11-29,7117.0,9664.0
깐마늘,2023-11-30,8827.0,9792.0
깐마늘,2023-12-04,8827.0,9947.0
깐마늘,2023-12-05,8827.0,10012.0
깐마늘,2023-12-06,8827.0,10072.0
깐마늘,2023-12-07,8660.0,10088.0
깐마늘,2023-12-08,8660.0,10056.0
깐마늘,2023-12-11,8660.0,10061.0
깐마늘,2023-12-12,9990.0,10088.0
깐마늘,2023-12-13,9990.0,10148.0
깐마늘,2023-12-14,9857.0,10207.0
깐마늘,2023-12-15,9857.0,10222.0
깐마늘,2023-12-18,9857.0,10138.0
깐마늘,2023-12-19,9857.0,10080.0
깐마늘,2023-12-20,9857.0,10034.0
깐마늘,2023-12-21,9857.0,9988.0
깐마늘,2023-12-22,9857.0,9941.0
깐마늘,2023-12-26,9857.0,9988.0
깐마늘,2023-12-27,9857.0,10019.0
깐마늘,2023-12-28,9857.0,10073.0
깐마늘,2023-12-29,9857.0,10149.0
깐마늘,2024-01-02,9857.0,10346.0
깐마늘,2024-01-03,9857.0,10374.0
깐마늘,2024-01-04,8990.0,10401.0
깐마늘,2024-01-05,8990.0,10429.0
깐마늘,2024-01-08,8990.0,10340.0
깐마늘,2024-01-09,8990.0,10326.0
깐마늘,2024-01-10,8990.0,10337.0
깐마늘,2024-01-11,9657.0,10241.0
깐마늘,2024-01-12,9657.0,10125.0
깐마늘,2024-01-15,9657.0,9887.0
깐마늘,2024-01-16,9657.0,9815.0
깐마늘,2024-01-17,9657.0,9687.0
깐마늘,2024-01-18,9857.0,9620.0
깐마늘,2024-01-19,9857.0,9629.0
깐마늘,2024-01-22,9857.0,9809.0
깐마늘,2024-01-23,9857.0,9841.0
깐마늘,2024-01-24,9857.0,9974.0
깐마늘,2024-01-25,9857.0,10091.0
깐마늘,2024-01-26,9857.0,10133.0
깐마늘,2024-01-29,9990.0,9908.0
깐마늘,2024-01-30,9990.0,9892.0
깐마늘,2024-01-31,9990.0,9915.0
깐마늘,2024-02-01,9290.0,9938.0
깐마늘,2024-02-02,9290.0,9973.0
깐마늘,2024-02-05,9290.0,10433.0
깐마늘,2024-02-06,9290.0,10533.0
깐마늘,2024-02-07,9290.0,10567.0
깐마늘,2024-02-08,9990.0,10602.0
깐마늘,2024-02-13,9990.0,10592.0
깐마늘,2024-02-14,9990.0,10608.0
깐마늘,2024-02-15,9990.0,10568.0
깐마늘,2024-02-16,9990.0,10529.0
깐마늘,2024-02-19,9990.0,10216.0
깐마늘,2024-02-20,9990.0,10218.0
깐마늘,2024-02-21,10030.0,10218.0
깐마늘,2024-02-22,10157.0,10280.0
깐마늘,2024-02-23,10157.0,10343.0
깐마늘,2024-02-26,10157.0,10493.0
깐마늘,2024-02-27,10157.0,10454.0
깐마늘,2024-02-28,10157.0,10299.0
깐마늘,2024-02-29,9757.0,7087.0
깐마늘,2024-03-04,8757.0,9949.0
깐마늘,2024-03-05,8757.0,9876.0
깐마늘,2024-03-06,8757.0,9916.0
깐마늘,2024-03-07,9757.0,9926.0
깐마늘,2024-03-08,9757.0,9936.0
깐마늘,2024-03-11,9757.0,10022.0
깐마늘,2024-03-12,9590.0,10043.0
깐마늘,2024-03-13,9590.0,10059.0
깐마늘,2024-03-14,11480.0,10088.0
깐마늘,2024-03-15,11480.0,10171.0
깐마늘,2024-03-18,11480.0,10028.0
깐마늘,2024-03-19,11480.0,9969.0
깐마늘,2024-03-20,11480.0,9972.0
깐마늘,2024-03-21,11480.0,9985.0
깐마늘,2024-03-22,11480.0,10019.0
깐마늘,2024-03-25,11480.0,10447.0
깐마늘,2024-03-26,11480.0,10555.0
깐마늘,2024-03-27,12477.0,10581.0
깐마늘,2024-03-28,9320.0,10581.0
깐마늘,2024-03-29,9320.0,10581.0
깐마늘,2024-04-01,9320.0,10653.0
깐마늘,2024-04-02,9237.0,10676.0
깐마늘,2024-04-03,9237.0,10696.0
깐마늘,2024-04-04,7637.0,10663.0
깐마늘,2024-04-05,7637.0,10650.0
깐마늘,2024-04-08,7637.0,10533.0
깐마늘,2024-04-09,8970.0,10533.0
깐마늘,2024-04-11,8570.0,10567.0
깐마늘,2024-04-12,8570.0,10600.0
깐마늘,2024-04-15,8570.0,10784.0
깐마늘,2024-04-16,8570.0,10839.0
깐마늘,2024-04-17,8570.0,10895.0
깐마늘,2024-04-18,8570.0,10923.0
깐마늘,2024-04-19,8570.0,10951.0
깐마늘,2024-04-22,8570.0,10978.0
깐마늘,2024-04-23,8570.0,10951.0
깐마늘,2024-04-24,8570.0,10923.0
깐마늘,2024-04-25,9903.0,10884.0
깐마늘,2024-04-26,9903.0,10857.0
깐마늘,2024-04-29,9903.0,10642.0
깐마늘,2024-04-30,9903.0,10548.0
깐마늘,2024-05-02,8970.0,10421.0
깐마늘,2024-05-03,8970.0,10348.0
깐마늘,2024-05-07,8970.0,10397.0
깐마늘,2024-05-08,8970.0,10405.0
깐마늘,2024-05-09,8970.0,10402.0
깐마늘,2024-05-10,9137.0,10423.0
깐마늘,2024-05-13,9137.0,10423.0
깐마늘,2024-05-14,9137.0,10451.0
깐마늘,2024-05-16,9137.0,10508.0
깐마늘,2024-05-17,9137.0,10517.0
깐마늘,2024-05-20,9137.0,10459.0
깐마늘,2024-05-21,9137.0,10459.0
깐마늘,2024-05-22,9137.0,10447.0
깐마늘,2024-05-23,8737.0,10414.0
깐마늘,2024-05-24,8737.0,10403.0
깐마늘,2024-05-27,8737.0,10419.0
깐마늘,2024-05-28,8470.0,10422.0
깐마늘,2024-05-29,8470.0,10422.0
깐마늘,2024-05-30,9577.0,10395.0
깐마늘,2024-05-31,9577.0,10371.0
깐마늘,2024-06-03,10510.0,10288.0
깐마늘,2024-06-04,10510.0,10276.0
깐마늘,2024-06-05,10510.0,10265.0
깐마늘,2024-06-07,10510.0,10254.0
깐마늘,2024-06-10,10510.0,10123.0
깐마늘,2024-06-11,10510.0,10111.0
깐마늘,2024-06-12,10510.0,10109.0
깐마늘,2024-06-13,10510.0,10090.0
깐마늘,2024-06-14,10510.0,10103.0
깐마늘,2024-06-17,10510.0,10024.0
깐마늘,2024-06-18,10510.0,9976.0
깐마늘,2024-06-19,10510.0,9913.0
깐마늘,2024-06-20,10683.0,9880.0
깐마늘,2024-06-21,10017.0,9884.0
깐마늘,2024-06-24,10017.0,9859.0
깐마늘,2024-06-25,10017.0,9772.0
깐마늘,2024-06-26,10017.0,9765.0
깐마늘,2024-06-27,10017.0,9677.0
깐마늘,2024-06-28,10017.0,9589.0
깐마늘,2024-07-01,10017.0,9538.0
깐마늘,2024-07-02,10017.0,9526.0
깐마늘,2024-07-03,10017.0,9494.0
깐마늘,2024-07-04,9843.0,9447.0
깐마늘,2024-07-05,9843.0,9850.0
깐마늘,2024-07-08,9843.0,9612.0
깐마늘,2024-07-09,9843.0,9586.0
깐마늘,2024-07-10,9843.0,9558.0
깐마늘,2024-07-11,8510.0,9562.0
깐마늘,2024-07-12,8510.0,9576.0
깐마늘,2024-07-15,9177.0,9764.0
깐마늘,2024-07-16,9177.0,9800.0
깐마늘,2024-07-17,9177.0,9787.0
깐마늘,2024-07-18,9177.0,9708.0
깐마늘,2024-07-19,9177.0,9634.0
깐마늘,2024-07-22,9177.0,9697.0
깐마늘,2024-07-23,9177.0,9705.0
깐마늘,2024-07-24,9177.0,9718.0
깐마늘,2024-07-25,10510.0,9728.0
깐마늘,2024-07-26,10817.0,9753.0
깐마늘,2024-07-29,10817.0,9851.0
깐마늘,2024-07-30,10817.0,9861.0
깐마늘,2024-07-31,10817.0,9871.0
깐마늘,2024-08-01,8833.0,9896.0
깐마늘,2024-08-02,10510.0,9912.0
깐마늘,2024-08-05,10510.0,9933.0
깐마늘,2024-08-06,10510.0,9979.0
깐마늘,2024-08-07,10510.0,10034.0
깐마늘,2024-08-08,8740.0,10077.0
깐마늘,2024-08-09,8740.0,10091.0
깐마늘,2024-08-12,8740.0,10174.0
깐마늘,2024-08-13,8740.0,10190.0
깐마늘,2024-08-14,8740.0,10154.0
깐마늘,2024-08-16,9350.0,10101.0
깐마늘,2024-08-19,9350.0,9923.0
깐마늘,2024-08-20,9987.0,9907.0
깐마늘,2024-08-21,9987.0,9907.0
깐마늘,2024-08-22,9987.0,9947.0
깐마늘,2024-08-23,10320.0,9987.0
깐마늘,2024-08-26,10320.0,10107.0
깐마늘,2024-08-27,10683.0,10110.0
깐마늘,2024-08-28,10683.0,10113.0
깐마늘,2024-08-29,10017.0,9999.0
깐마늘,2024-08-30,10017.0,9885.0
깐마늘,2024-09-02,10017.0,9614.0
깐마늘,2024-09-03,10017.0,9658.0
깐마늘,2024-09-04,10017.0,9701.0
깐마늘,2024-09-05,9090.0,9737.0
깐마늘,2024-09-06,9090.0,9753.0
깐마늘,2024-09-09,9090.0,9837.0
깐마늘,2024-09-10,8963.0,9834.0
깐마늘,2024-09-11,8963.0,9831.0
깐마늘,2024-09-12,8717.0,9832.0
깐마늘,2024-09-13,8717.0,9834.0
깐마늘,2024-09-19,10517.0,9829.0
깐마늘,2024-09-20,10517.0,9829.0
깐마늘,2024-09-23,10517.0,9829.0
깐마늘,2024-09-24,10210.0,9829.0
깐마늘,2024-09-25,10210.0,9829.0
깐마늘,2024-09-26,10350.0,9922.0
깐마늘,2024-09-27,10350.0,10042.0
깐마늘,2024-09-30,10350.0,10117.0
깐마늘,2024-10-02,10350.0,10123.0
깐마늘,2024-10-04,10377.0,10180.0
깐마늘,2024-10-07,10377.0,10385.0
깐마늘,2024-10-08,10377.0,10385.0
깐마늘,2024-10-10,10243.0,10399.0
깐마늘,2024-10-11,10243.0,10416.0
깐마늘,2024-10-14,10243.0,10477.0
깐마늘,2024-10-15,10243.0,10498.0
깐마늘,2024-10-16,10243.0,10496.0
깐마늘,2024-10-17,10377.0,10494.0
깐마늘,2024-10-18,10377.0,10454.0
깐마늘,2024-10-21,10377.0,10381.0
깐마늘,2024-10-22,10377.0,10364.0
깐마늘,2024-10-23,10377.0,10370.0
깐마늘,2024-10-24,10350.0,10225.0
깐마늘,2024-10-25,10350.0,10133.0
깐마늘,2024-10-28,10350.0,9777.0
깐마늘,2024-10-29,10350.0,9793.0
깐마늘,2024-10-30,10350.0,9810.0
깐마늘,2024-10-31,10377.0,9809.0
깐마늘,2024-11-01,10377.0,9803.0
깐마늘,2024-11-04,10377.0,9718.0
깐마늘,2024-11-05,10377.0,9656.0
깐마늘,2024-11-06,10377.0,9639.0
깐마늘,2024-11-07,8057.0,9526.0
깐마늘,2024-11-08,8057.0,9383.0
깐마늘,2024-11-11,8057.0,9015.0
깐마늘,2024-11-12,9170.0,8975.0
깐마늘,2024-11-13,9293.0,8978.0
깐마늘,2024-11-14,7600.0,8942.0
깐마늘,2024-11-15,7600.0,8921.0
깐마늘,2024-11-18,7600.0,8689.0
깐마늘,2024-11-19,7600.0,8590.0
깐마늘,2024-11-20,7600.0,8609.0
깐마늘,2024-11-21,7867.0,8573.0
깐마늘,2024-11-22,7867.0,8552.0
깐마늘,2024-11-25,7867.0,8568.0
깐마늘,2024-11-26,7867.0,8660.0
깐마늘,2024-11-27,7867.0,8723.0
깐마늘,2024-11-28,8200.0,8811.0
깐마늘,2024-11-29,8200.0,8948.0
깐마늘,2024-12-02,8867.0,9357.0
깐마늘,2024-12-03,8867.0,9393.0
깐마늘,2024-12-04,8867.0,9420.0
깐마늘,2024-12-05,9533.0,9550.0
깐마늘,2024-12-09,9533.0,9749.0
깐마늘,2024-12-10,9530.0,9730.0
깐마늘,2024-12-11,9530.0,9855.0
깐마늘,2024-12-12,9530.0,10005.0
깐마늘,2024-12-13,9530.0,10180.0
깐마늘,2024-12-16,9530.0,10318.0
깐마늘,2024-12-17,9530.0,10316.0
깐마늘,2024-12-18,9530.0,10290.0
깐마늘,2024-12-19,9530.0,10261.0
깐마늘,2024-12-20,9530.0,10232.0
깐마늘,2024-12-23,9530.0,10169.0
깐마늘,2024-12-24,9530.0,10164.0
깐마늘,2024-12-26,9530.0,10171.0
깐마늘,2024-12-27,9530.0,10191.0
깐마늘,2024-12-30,9530.0,10327.0
깐마늘,2024-12-31,9530.0,10333.0
깐마늘,2025-01-02,8863.0,10263.0
깐마늘,2025-01-03,8197.0,10166.0
깐마늘,2025-01-06,8863.0,9914.0
깐마늘,2025-01-07,8863.0,9850.0
깐마늘,2025-01-08,8863.0,9833.0
깐마늘,2025-01-09,9530.0,9878.0
깐마늘,2025-01-10,9530.0,9932.0
깐마늘,2025-01-13,9530.0,9881.0
깐마늘,2025-01-14,9530.0,9861.0
깐마늘,2025-01-15,9530.0,9841.0
깐마늘,2025-01-16,7533.0,9892.0
깐마늘,2025-01-17,7533.0,9895.0
깐마늘,2025-01-20,7533.0,10035.0
깐마늘,2025-01-21,7533.0,10058.0
깐마늘,2025-01-22,7533.0,10077.0
깐마늘,2025-01-23,8533.0,10063.0
깐마늘,2025-01-24,8533.0,10086.0
깐마늘,2025-01-31,9837.0,9989.0
깐마늘,2025-02-03,11140.0,10124.0
깐마늘,2025-02-04,11140.0,10223.0
깐마늘,2025-02-05,11140.0,10308.0
깐마늘,2025-02-06,10833.0,10362.0
깐마늘,2025-02-07,10833.0,10408.0
깐마늘,2025-02-10,10917.0,10273.0
깐마늘,2025-02-11,10917.0,10273.0
깐마늘,2025-02-12,11000.0,10273.0
깐마늘,2025-02-13,12307.0,10280.0
깐마늘,2025-02-14,12307.0,10308.0
깐마늘,2025-02-17,12307.0,10149.0
깐마늘,2025-02-18,12307.0,10115.0
깐마늘,2025-02-19,12307.0,10083.0
깐마늘,2025-02-20,11640.0,10089.0
깐마늘,2025-02-21,11640.0,10094.0
깐마늘,2025-02-24,11640.0,10221.0
깐마늘,2025-02-25,11640.0,10259.0
깐마늘,2025-02-26,11640.0,10297.0
깐마늘,2025-02-27,11000.0,10249.0
깐마늘,2025-02-28,8683.0,10084.0
깐마늘,2025-03-04,8683.0,9703.0
깐마늘,2025-03-05,8683.0,9607.0
깐마늘,2025-03-06,11307.0,9602.0
깐마늘,2025-03-07,11307.0,9607.0
깐마늘,2025-03-10,11307.0,9626.0
깐마늘,2025-03-11,11307.0,9651.0
깐마늘,2025-03-12,11307.0,9875.0
깐마늘,2025-03-13,11307.0,10100.0
깐마늘,2025-03-14,11307.0,10323.0
깐마늘,2025-03-17,11307.0,10809.0
깐마늘,2025-03-18,11307.0,10743.0
깐마늘,2025-03-19,11433.0,10716.0
깐마늘,2025-03-20,11767.0,10725.0
깐마늘,2025-03-21,11767.0,10747.0
깐마늘,2025-03-24,11767.0,10945.0
깐마늘,2025-03-25,11767.0,11062.0
깐마늘,2025-03-26,11767.0,10800.0
깐마늘,2025-03-27,10767.0,10488.0
깐마늘,2025-03-28,10767.0,10161.0
깐마늘,2025-03-31,11767.0,9535.0
깐마늘,2025-04-01,11767.0,9564.0
깐마늘,2025-04-02,11767.0,9531.0
깐마늘,2025-04-03,12233.0,9499.0
깐마늘,2025-04-04,12273.0,9414.0
깐마늘,2025-04-07,12357.0,9519.0
깐마늘,2025-04-08,12357.0,9460.0
깐마늘,2025-04-09,12357.0,9478.0
깐마늘,2025-04-10,11253.0,9536.0
깐마늘,2025-04-11,11253.0,9538.0
깐마늘,2025-04-14,11253.0,9564.0
깐마늘,2025-04-15,11890.0,9608.0
깐마늘,2025-04-16,11967.0,9626.0
깐마늘,2025-04-17,12100.0,9639.0
깐마늘,2025-04-18,12100.0,9630.0
깐마늘,2025-04-21,12100.0,9630.0
깐마늘,2025-04-22,12100.0,9630.0
깐마늘,2025-04-23,12100.0,9790.0
깐마늘,2025-04-24,11300.0,9950.0
깐마늘,2025-04-25,11300.0,10093.0
깐마늘,2025-04-28,11300.0,10313.0
깐마늘,2025-04-29,11300.0,10132.0
깐마늘,2025-04-30,11467.0,9995.0
깐마늘,2025-05-02,11477.0,9833.0
깐마늘,2025-05-07,11477.0,9620.0
깐마늘,2025-05-08,13467.0,9630.0
깐마늘,2025-05-09,13700.0,9623.0
깐마늘,2025-05-12,13700.0,9739.0
깐마늘,2025-05-13,13700.0,9756.0
깐마늘,2025-05-14,13700.0,9777.0
깐마늘,2025-05-15,12063.0,9792.0
깐마늘,2025-05-16,12063.0,9789.0
깐마늘,2025-05-19,13467.0,9737.0
깐마늘,2025-05-20,13467.0,9726.0
깐마늘,2025-05-21,13467.0,9679.0
깐마늘,2025-05-22,12233.0,9623.0
깐마늘,2025-05-23,12233.0,9556.0
깐마늘,2025-05-26,12233.0,9457.0
깐마늘,2025-05-27,12300.0,9455.0
깐마늘,2025-05-28,12300.0,9582.0
깐마늘,2025-05-29,11320.0,9704.0
깐마늘,2025-05-30,11320.0,9900.0
깐마늘,2025-06-02,11320.0,10219.0
깐마늘,2025-06-04,11320.0,10286.0
깐마늘,2025-06-05,12400.0,10381.0
깐마늘,2025-06-09,12400.0,10281.0
깐마늘,2025-06-10,12400.0,10285.0
깐마늘,2025-06-11,12400.0,10289.0
깐마늘,2025-06-12,12400.0,10291.0
깐마늘,2025-06-13,12400.0,10280.0
깐마늘,2025-06-16,12400.0,10297.0
깐마늘,2025-06-17,12400.0,10289.0
깐마늘,2025-06-18,12400.0,10302.0
깐마늘,2025-06-19,11740.0,10195.0
깐마늘,2025-06-20,11740.0,10136.0
깐마늘,2025-06-23,11740.0,9945.0
깐마늘,2025-06-24,11740.0,9914.0
깐마늘,2025-06-25,11473.0,9809.0
깐마늘,2025-06-26,12700.0,9825.0
깐마늘,2025-06-27,12700.0,9792.0
깐마늘,2025-06-30,12700.0,9743.0
깐마늘,2025-07-01,12700.0,9743.0
깐마늘,2025-07-02,12700.0,9741.0
깐마늘,2025-07-03,12153.0,9735.0
깐마늘,2025-07-04,12153.0,9717.0
깐마늘,2025-07-07,12153.0,9610.0
깐마늘,2025-07-08,12153.0,9543.0
깐마늘,2025-07-09,12153.0,9471.0
깐마늘,2025-07-10,12487.0,9384.0
깐마늘,2025-07-11,12320.0,9424.0
깐마늘,2025-07-14,12320.0,9634.0
깐마늘,2025-07-15,12320.0,9774.0
깐마늘,2025-07-16,13987.0,9904.0
깐마늘,2025-07-17,13013.0,10031.0
깐마늘,2025-07-18,10813.0,10038.0
깐마늘,2025-07-21,10813.0,10193.0
깐마늘,2025-07-22,10813.0,10244.0
깐마늘,2025-07-23,10813.0,10321.0
깐마늘,2025-07-24,11653.0,10345.0
깐마늘,2025-07-25,11653.0,10409.0
깐마늘,2025-07-28,11653.0,10557.0
깐마늘,2025-07-29,11487.0,10574.0
깐마늘,2025-07-30,11487.0,10538.0
깐마늘,2025-07-31,12153.0,10551.0
깐마늘,2025-08-01,12153.0,10549.0
깐마늘,2025-08-04,12153.0,10523.0
깐마늘,2025-08-05,12153.0,10523.0
깐마늘,2025-08-06,12153.0,10497.0
깐마늘,2025-08-07,10837.0,10414.0
깐마늘,2025-08-08,10837.0,10344.0
깐마늘,2025-08-11,10837.0,10177.0
깐마늘,2025-08-12,10837.0,10203.0
깐마늘,2025-08-13,10837.0,10259.0
깐마늘,2025-08-14,10820.0,10278.0
깐마늘,2025-08-18,10820.0,10250.0
깐마늘,2025-08-19,10820.0,10247.0
깐마늘,2025-08-20,10820.0,10303.0
깐마늘,2025-08-21,11487.0,10361.0
깐마늘,2025-08-22,11487.0,10439.0
깐마늘,2025-08-25,11487.0,10541.0
깐마늘,2025-08-26,11487.0,10576.0
깐마늘,2025-08-27,11487.0,10571.0
깐마늘,2025-08-28,12387.0,10545.0
깐마늘,2025-08-29,12387.0,10475.0
깐마늘,2025-09-01,12387.0,10273.0
깐마늘,2025-09-02,13487.0,10301.0
깐마늘,2025-09-03,13487.0,10333.0
깐마늘,2025-09-04,10570.0,10365.0
깐마늘,2025-09-05,10570.0,10382.0
깐마늘,2025-09-08,10570.0,10433.0
깐마늘,2025-09-09,11653.0,10444.0
깐마늘,2025-09-10,11653.0,10426.0
깐마늘,2025-09-11,11220.0,10409.0
깐마늘,2025-09-12,11220.0,10482.0
깐마늘,2025-09-15,10320.0,10607.0
깐마늘,2025-09-16,9673.0,10601.0
깐마늘,2025-09-17,9673.0,10593.0
깐마늘,2025-09-18,9203.0,10593.0
깐마늘,2025-09-19,9203.0,10637.0
깐마늘,2025-09-22,9203.0,10799.0
깐마늘,2025-09-23,9043.0,10790.0
깐마늘,2025-09-24,9043.0,10787.0
깐마늘,2025-09-25,8397.0,10783.0
깐마늘,2025-09-26,8397.0,10824.0
깐마늘,2025-09-29,8397.0,10931.0
깐마늘,2025-09-30,9043.0,10940.0
깐마늘,2025-10-01,9043.0,10948.0
깐마늘,2025-10-02,9043.0,10949.0
깐마늘,2025-10-10,10563.0,11044.0
깐마늘,2025-10-13,10563.0,11078.0
깐마늘,2025-10-14,10563.0,11088.0
깐마늘,2025-10-15,10563.0,11110.0
깐마늘,2025-10-16,10820.0,11110.0
깐마늘,2025-10-17,10180.0,11110.0
깐마늘,2025-10-20,10820.0,11112.0
깐마늘,2025-10-21,10820.0,11090.0
깐마늘,2025-10-22,10820.0,11067.0
깐마늘,2025-10-23,11220.0,11045.0
깐마늘,2025-10-24,10580.0,10962.0
깐마늘,2025-10-27,10580.0,10784.0
깐마늘,2025-10-28,11220.0,10717.0
깐마늘,2025-10-29,11220.0,10739.0
깐마늘,2025-10-30,9160.0,10761.0
깐마늘,2025-10-31,9160.0,10774.0
깐마늘,2025-11-03,9160.0,10673.0
깐마늘,2025-11-04,9160.0,10622.0
깐마늘,2025-11-05,9160.0,10414.0
깐마늘,2025-11-06,9160.0,10264.0
깐마늘,2025-11-07,9160.0,10053.0
깐마늘,2025-11-10,9160.0,9595.0
깐마늘,2025-11-11,9160.0,9561.0
깐마늘,2025-11-12,9160.0,9501.0
깐마늘,2025-11-13,8637.0,9483.0
깐마늘,2025-11-14,8637.0,9465.0
깐마늘,2025-11-17,8917.0,9161.0
깐마늘,2025-11-18,8917.0,9051.0
깐마늘,2025-11-19,8917.0,8974.0
깐마늘,2025-11-20,10843.0,8962.0
깐마늘,2025-11-21,10843.0,8922.0
깐마늘,2025-11-24,10843.0,8918.0
깐마늘,2025-11-25,10843.0,8999.0
깐마늘,2025-11-26,9140.0,9128.0
깐마늘,2025-11-27,10767.0,9190.0
깐마늘,2025-11-28,10767.0,9270.0
깐마늘,2025-12-01,10900.0,9769.0
깐마늘,2025-12-02,10900.0,9792.0
깐마늘,2025-12-03,10900.0,9872.0
깐마늘,2025-12-04,11133.0,9947.0
깐마늘,2025-12-08,11133.0,10297.0
깐마늘,2025-12-09,11300.0,10291.0
깐마늘,2025-12-10,11300.0,10306.0
깐마늘,2025-12-11,11130.0,10365.0
깐마늘,2025-12-12,10463.0,10437.0
깐마늘,2025-12-15,11130.0,10614.0
깐마늘,2025-12-16,11130.0,10594.0
깐마늘,2025-12-17,11130.0,10583.0
깐마늘,2025-12-18,9010.0,10548.0
깐마늘,2025-12-19,9010.0,10511.0
깐마늘,2025-12-22,9010.0,10427.0
깐마늘,2025-12-23,9010.0,10437.0
깐마늘,2025-12-24,9797.0,10447.0
깐마늘,2025-12-26,11100.0,10464.0
깐마늘,2025-12-29,11100.0,10594.0
깐마늘,2025-12-30,11100.0,10614.0
깐마늘,2025-12-31,10933.0,10600.0
깐마늘,2026-01-02,10600.0,10542.0
깐마늘,2026-01-05,10600.0,10345.0
깐마늘,2026-01-06,10600.0,10320.0
깐마늘,2026-01-07,10600.0,10310.0
깐마늘,2026-01-08,10600.0,10355.0
깐마늘,2026-01-09,10600.0,10404.0
깐마늘,2026-01-12,10600.0,10361.0
깐마늘,2026-01-13,10600.0,10285.0
깐마늘,2026-01-14,10600.0,10171.0
깐마늘,2026-01-15,10133.0,10058.0
깐마늘,2026-01-16,10020.0,10020.0
깐마늘,2026-01-19,10020.0,9915.0
깐마늘,2026-01-20,10020.0,10023.0
깐마늘,2026-01-21,10020.0,10139.0
깐마늘,2026-01-22,9997.0,10244.0
깐마늘,2026-01-23,9997.0,10382.0
깐마늘,2026-01-26,9997.0,10644.0
깐마늘,2026-01-27,9997.0,10607.0
깐마늘,2026-01-28,9997.0,10565.0
깐마늘,2026-01-29,11320.0,10472.0
깐마늘,2026-01-30,11320.0,10385.0
깐마늘,2026-02-02,11320.0,10544.0
깐마늘,2026-02-03,11320.0,10713.0
깐마늘,2026-02-04,11320.0,10972.0
깐마늘,2026-02-05,9670.0,11139.0
깐마늘,2026-02-06,9670.0,11209.0
깐마늘,2026-02-09,9670.0,12053.0
깐마늘,2026-02-10,9670.0,12058.0
깐마늘,2026-02-11,9670.0,12129.0
깐마늘,2026-02-12,9683.0,12201.0
깐마늘,2026-02-13,9683.0,12269.0
깐마늘,2026-02-19,9680.0,11988.0
깐마늘,2026-02-20,9680.0,11965.0
깐마늘,2026-02-23,9680.0,12049.0
깐마늘,2026-02-24,9680.0,12118.0
깐마늘,2026-02-25,9680.0,12116.0
깐마늘,2026-02-26,9680.0,11998.0
깐마늘,2026-02-27,9680.0,11788.0
깐마늘,2026-03-03,12553.0,11025.0
깐마늘,2026-03-04,12553.0,11045.0
깐마늘,2026-03-05,12553.0,10980.0
깐마늘,2026-03-06,12553.0,11142.0
깐마늘,2026-03-09,12553.0,11384.0
깐마늘,2026-03-10,12553.0,11388.0
깐마늘,2026-03-11,12553.0,11459.0
깐마늘,2026-03-12,12553.0,11621.0
깐마늘,2026-03-13,12553.0,11780.0
깐마늘,2026-03-16,12553.0,12316.0
깐마늘,2026-03-17,12553.0,12293.0
깐마늘,2026-03-18,12553.0,12203.0
깐마늘,2026-03-19,13220.0,12167.0
깐마늘,2026-03-20,13220.0,12193.0
깐마늘,2026-03-23,13220.0,12424.0
깐마늘,2026-03-24,13220.0,12566.0
깐마늘,2026-03-25,13220.0,12632.0
깐마늘,2026-03-26,13887.0,12454.0
깐마늘,2026-03-27,13887.0,12243.0
깐마늘,2026-03-30,13887.0,11588.0
깐마늘,2026-03-31,13887.0,11591.0
깐마늘,2026-04-01,13887.0,11728.0
깐마늘,2026-04-02,12553.0,11852.0
깐마늘,2026-04-03,12553.0,11926.0
깐마늘,2026-04-06,12553.0,12047.0
깐마늘,2026-04-07,12553.0,12062.0
깐마늘,2026-04-08,12553.0,11923.0
깐마늘,2026-04-09,13620.0,11872.0
깐마늘,2026-04-10,13567.0,11842.0
깐마늘,2026-04-13,13567.0,11774.0
깐마늘,2026-04-14,13567.0,11863.0
깐마늘,2026-04-15,13567.0,11967.0
깐마늘,2026-04-16,12500.0,12036.0
깐마늘,2026-04-17,12500.0,12103.0
깐마늘,2026-04-20,12500.0,12116.0
깐마늘,2026-04-21,12500.0,12116.0
깐마늘,2026-04-22,12500.0,12059.0
깐마늘,2026-04-23,13567.0,12103.0
깐마늘,2026-04-24,13567.0,12146.0
깐마늘,2026-04-27,13567.0,12271.0
깐마늘,2026-04-28,13567.0,12177.0
깐마늘,2026-04-29,13567.0,12031.0
깐마늘,2026-04-30,13567.0,11950.0
깐마늘,2026-05-04,13567.0,11767.0
깐마늘,2026-05-06,13567.0,11825.0
깐마늘,2026-05-07,12500.0,11968.0
깐마늘,2026-05-08,12500.0,12082.0
깐마늘,2026-05-11,12500.0,12344.0
깐마늘,2026-05-12,12500.0,12344.0
깐마늘,2026-05-13,12500.0,12271.0
깐마늘,2026-05-14,12500.0,12197.0
깐마늘,2026-05-15,12500.0,12189.0
깐마늘,2026-05-18,12500.0,12088.0
깐마늘,2026-05-19,12500.0,12087.0
깐마늘,2026-05-20,12500.0,12048.0
깐마늘,2026-05-21,13567.0,11997.0
깐마늘,2026-05-22,13567.0,11870.0
깐마늘,2026-05-26,13567.0,11642.0
깐마늘,2026-05-27,13567.0,11597.0
깐마늘,2026-05-28,13567.0,11634.0
깐마늘,2026-05-29,13567.0,11663.0
깐마늘,2026-06-01,13567.0,11850.0
깐마늘,2026-06-02,13567.0,11811.0
깐마늘,2026-06-04,13567.0,11813.0
깐마늘,2026-06-05,13567.0,11917.0
깐마늘,2026-06-08,13567.0,11858.0
깐마늘,2026-06-09,13567.0,11794.0
깐마늘,2026-06-10,13567.0,11848.0
깐마늘,2026-06-11,13567.0,11848.0
깐마늘,2026-06-12,13567.0,11845.0
깐마늘,2026-06-15,13567.0,11980.0
깐마늘,2026-06-16,13567.0,12029.0
깐마늘,2026-06-17,13567.0,12035.0
깐마늘,2026-06-18,13567.0,12049.0
깐마늘,2026-06-19,13567.0,11945.0
깐마늘,2026-06-22,13567.0,11583.0
깐마늘,2026-06-23,13567.0,11525.0
깐마늘,2026-06-24,13567.0,11524.0
깐마늘,2026-06-25,13567.0,11486.0
깐마늘,2026-06-26,13567.0,11565.0
깐마늘,2026-06-29,13567.0,11683.0
깐마늘,2026-06-30,13567.0,11683.0
깐마늘,2026-07-01,13567.0,11683.0
깐마늘,2026-07-02,11707.0,11683.0
깐마늘,2026-07-03,11707.0,11652.0
깐마늘,2026-07-06,11707.0,11509.0
깐마늘,2026-07-07,11707.0,11456.0
깐마늘,2026-07-08,11707.0,11420.0
깐마늘,2026-07-09,12050.0,11317.0
깐마늘,2026-07-10,12050.0,11237.0
깐마늘,2026-07-13,12050.0,11473.0
깐마늘,2026-07-14,12050.0,11632.0
깐마늘,2026-07-15,12050.0,11686.0
깐마늘,2026-07-16,9260.0,11751.0
깐마늘,2026-07-20,9100.0,11753.0
깐마늘,2026-07-21,9100.0,11797.0
깐마늘,2026-07-22,9100.0,11812.0
깐마늘,2026-07-23,11227.0,11968.0
깐마늘,2026-07-24,11227.0,12021.0
깐마늘,2026-07-27,11227.0,12352.0
깐마늘,2026-07-28,11227.0,12368.0
깐마늘,2026-07-29,10893.0,12397.0
깐마늘,2026-07-30,10160.0,12361.0
깐마늘,2026-07-31,10160.0,12386.0
깐마늘,2026-08-03,10160.0,12380.0
깐마늘,2026-08-04,10160.0,12341.0
깐마늘,2026-08-05,10160.0,12236.0
깐마늘,2026-08-06,11227.0,12142.0
깐마늘,2026-08-07,11227.0,11965.0
깐마늘,2026-08-10,11227.0,11588.0
깐마늘,2026-08-11,11227.0,11595.0
깐마늘,2026-08-12,11227.0,11600.0
깐마늘,2026-08-13,9520.0,11630.0
깐마늘,2026-08-14,9520.0,11636.0
깐마늘,2026-08-18,9520.0,11534.0
깐마늘,2026-08-19,9520.0,11545.0
깐마늘,2026-08-20,11360.0,11601.0
깐마늘,2026-08-21,11360.0,11683.0
깐마늘,2026-08-24,11360.0,11885.0
깐마늘,2026-08-25,11360.0,11902.0
깐마늘,2026-08-26,11360.0,11981.0
깐마늘,2026-08-27,9387.0,12028.0
깐마늘,2026-08-28,9387.0,12058.0
깐마늘,2026-08-31,9387.0,11872.0
깐마늘,2026-09-01,9387.0,11834.0
깐마늘,2026-09-02,9387.0,11817.0
깐마늘,2026-09-03,11360.0,11760.0
깐마늘,2026-09-04,11360.0,11622.0
깐마늘,2026-09-07,11360.0,11335.0
깐마늘,2026-09-08,11360.0,11417.0
깐마늘,2026-09-09,11360.0,11476.0
깐마늘,2026-09-10,9280.0,11490.0
깐마늘,2026-09-11,9280.0,11459.0
깐마늘,2026-09-14,9280.0,11512.0
깐마늘,2026-09-15,9280.0,11450.0
깐마늘,2026-09-16,9280.0,11334.0
깐마늘,2026-09-17,10960.0,11218.0
깐마늘,2026-09-18,10960.0,11162.0
닭,2023-01-01,6210.0,
닭,2023-01-02,6210.0,
닭,2023-01-03,6210.0,
닭,2023-01-04,6210.0,
닭,2023-01-05,6210.0,
닭,2023-01-06,6474.0,
닭,2023-01-07,6474.0,
닭,2023-01-08,6474.0,
닭,2023-01-09,6474.0,
닭,2023-01-10,6474.0,
닭,2023-01-11,6474.0,
닭,2023-01-12,6474.0,
닭,2023-01-13,6474.0,5275.0
닭,2023-01-14,6474.0,5475.0
닭,2023-01-15,6474.0,5475.0
닭,2023-01-16,6474.0,5475.0
닭,2023-01-17,6474.0,5475.0
닭,2023-01-18,6474.0,5475.0
닭,2023-01-19,6474.0,5475.0
닭,2023-01-20,6591.0,5475.0
닭,2023-01-21,6591.0,5272.0
닭,2023-01-22,6591.0,5272.0
닭,2023-01-23,6591.0,5272.0
닭,2023-01-24,6591.0,5272.0
닭,2023-01-25,6591.0,5272.0
닭,2023-01-26,6591.0,5272.0
닭,2023-01-27,6591.0,5272.0
닭,2023-01-28,6557.0,5272.0
닭,2023-01-29,6557.0,5272.0
닭,2023-01-30,6557.0,5272.0
닭,2023-01-31,6557.0,5272.0
닭,2023-02-01,6557.0,5272.0
닭,2023-02-02,6461.0,5272.0
닭,2023-02-03,6341.0,5272.0
닭,2023-02-04,6341.0,5272.0
닭,2023-02-05,6341.0,5272.0
닭,2023-02-06,6341.0,5272.0
닭,2023-02-07,6341.0,5272.0
닭,2023-02-08,6341.0,5272.0
닭,2023-02-09,6438.0,5272.0
닭,2023-02-10,6438.0,5272.0
닭,2023-02-11,6234.0,5272.0
닭,2023-02-12,6234.0,5272.0
닭,2023-02-13,6234.0,6053.0
닭,2023-02-14,6234.0,6053.0
닭,2023-02-15,6234.0,6053.0
닭,2023-02-16,6370.0,
닭,2023-02-17,6370.0,
닭,2023-02-18,6370.0,
닭,2023-02-19,6370.0,
닭,2023-02-20,6370.0,
닭,2023-02-21,6370.0,
닭,2023-02-22,6370.0,
닭,2023-02-23,6370.0,
닭,2023-02-24,6370.0,
닭,2023-02-25,6370.0,
닭,2023-02-26,6370.0,
닭,2023-02-27,6370.0,
닭,2023-02-28,6370.0,
닭,2023-03-01,6212.0,
닭,2023-03-02,6212.0,
닭,2023-03-03,6212.0,
닭,2023-03-04,6212.0,
닭,2023-03-05,6212.0,
닭,2023-03-06,6212.0,
닭,2023-03-07,6212.0,
닭,2023-03-08,6212.0,
닭,2023-03-09,6212.0,
닭,2023-03-10,6212.0,
닭,2023-03-11,6212.0,
닭,2023-03-12,6212.0,
닭,2023-03-13,6212.0,
닭,2023-03-14,6212.0,
닭,2023-03-15,6212.0,
닭,2023-03-16,6212.0,
닭,2023-03-17,6212.0,
닭,2023-03-18,6212.0,
닭,2023-03-19,6212.0,
닭,2023-03-20,6212.0,
닭,2023-03-21,6212.0,
닭,2023-03-22,6212.0,
닭,2023-03-23,6212.0,
닭,2023-03-24,6212.0,
닭,2023-03-25,6212.0,
닭,2023-03-26,6212.0,
닭,2023-03-27,6225.0,
닭,2023-03-28,6225.0,
닭,2023-03-29,6225.0,
닭,2023-03-30,6225.0,
닭,2023-03-31,6225.0,
닭,2023-04-01,6225.0,
닭,2023-04-02,6225.0,
닭,2023-04-03,6445.0,
닭,2023-04-04,6445.0,
닭,2023-04-05,6445.0,
닭,2023-04-06,6445.0,
닭,2023-04-07,6445.0,
닭,2023-04-08,6445.0,
닭,2023-04-09,6445.0,
닭,2023-04-10,6445.0,
닭,2023-04-11,6445.0,
닭,2023-04-12,6445.0,
닭,2023-04-13,6445.0,
닭,2023-04-14,6445.0,
닭,2023-04-15,6445.0,
닭,2023-04-16,6445.0,
닭,2023-04-17,6445.0,
닭,2023-04-18,6445.0,
닭,2023-04-19,6445.0,
닭,2023-04-20,6445.0,
닭,2023-04-21,6445.0,
닭,2023-04-22,6445.0,
닭,2023-04-23,6445.0,
닭,2023-04-24,6445.0,
닭,2023-04-25,6445.0,
닭,2023-04-26,6445.0,
닭,2023-04-27,6445.0,
닭,2023-04-28,6445.0,7771.0
닭,2023-04-29,6445.0,
닭,2023-04-30,6445.0,
닭,2023-05-01,6445.0,
닭,2023-05-02,6445.0,
닭,2023-05-03,6445.0,
닭,2023-05-04,6445.0,
닭,2023-05-05,6445.0,
닭,2023-05-06,7409.0,
닭,2023-05-07,7409.0,
닭,2023-05-08,7409.0,
닭,2023-05-09,7409.0,
닭,2023-05-10,7409.0,
닭,2023-05-11,7409.0,
닭,2023-05-12,7409.0,7771.0
닭,2023-05-13,7409.0,7594.0
닭,2023-05-14,7409.0,7594.0
닭,2023-05-15,7409.0,7594.0
닭,2023-05-16,7409.0,7594.0
닭,2023-05-17,7409.0,7594.0
닭,2023-05-18,7409.0,7594.0
닭,2023-05-19,7409.0,7102.0
닭,2023-05-20,7409.0,7102.0
닭,2023-05-21,7409.0,7102.0
닭,2023-05-22,7409.0,7102.0
닭,2023-05-23,7409.0,7102.0
닭,2023-05-24,7409.0,7102.0
닭,2023-05-25,7409.0,7102.0
닭,2023-05-26,7409.0,7102.0
닭,2023-05-27,7409.0,7102.0
닭,2023-05-28,7409.0,7102.0
닭,2023-05-29,7409.0,7102.0
닭,2023-05-30,7409.0,7102.0
닭,2023-05-31,7409.0,7102.0
닭,2023-06-01,7409.0,7102.0
닭,2023-06-02,7409.0,7102.0
닭,2023-06-03,7409.0,7102.0
닭,2023-06-04,7409.0,7102.0
닭,2023-06-05,7409.0,7102.0
닭,2023-06-06,7409.0,7102.0
닭,2023-06-07,7409.0,7102.0
닭,2023-06-08,7409.0,7102.0
닭,2023-06-09,7409.0,7102.0
닭,2023-06-10,7455.0,7102.0
닭,2023-06-11,7455.0,7102.0
닭,2023-06-12,7455.0,7701.0
닭,2023-06-13,7455.0,7701.0
닭,2023-06-14,7455.0,7701.0
닭,2023-06-15,7455.0,7701.0
닭,2023-06-16,7455.0,7701.0
닭,2023-06-17,7455.0,7701.0
닭,2023-06-18,7455.0,7701.0
닭,2023-06-19,7455.0,7701.0
닭,2023-06-20,7455.0,7701.0
닭,2023-06-21,7455.0,7701.0
닭,2023-06-22,6555.0,7701.0
닭,2023-06-23,6555.0,7701.0
닭,2023-06-24,6555.0,7701.0
닭,2023-06-25,6555.0,7701.0
닭,2023-06-26,6199.0,7701.0
닭,2023-06-27,6199.0,7701.0
닭,2023-06-28,6199.0,7701.0
닭,2023-06-29,6199.0,7701.0
닭,2023-06-30,6310.0,7701.0
닭,2023-07-01,6310.0,7701.0
닭,2023-07-02,6310.0,7701.0
닭,2023-07-03,6310.0,7701.0
닭,2023-07-04,6310.0,7701.0
닭,2023-07-05,6310.0,7701.0
닭,2023-07-06,6555.0,6368.0
닭,2023-07-07,6555.0,6368.0
닭,2023-07-08,6555.0,6368.0
닭,2023-07-09,6555.0,6368.0
닭,2023-07-10,6555.0,6368.0
닭,2023-07-11,6555.0,6368.0
닭,2023-07-12,6555.0,6368.0
닭,2023-07-13,6555.0,6368.0
닭,2023-07-14,6555.0,6368.0
닭,2023-07-15,6555.0,6371.0
닭,2023-07-16,6555.0,6371.0
닭,2023-07-17,6555.0,6371.0
닭,2023-07-18,6555.0,6146.0
닭,2023-07-19,6555.0,6146.0
닭,2023-07-20,6419.0,6146.0
닭,2023-07-21,6419.0,6146.0
닭,2023-07-22,6419.0,6146.0
닭,2023-07-23,6419.0,6146.0
닭,2023-07-24,6419.0,6146.0
닭,2023-07-25,6419.0,6146.0
닭,2023-07-26,6419.0,6146.0
닭,2023-07-27,6419.0,5913.0
닭,2023-07-28,6419.0,5913.0
닭,2023-07-29,6419.0,5913.0
닭,2023-07-30,6419.0,5913.0
닭,2023-07-31,6419.0,5913.0
닭,2023-08-01,6273.0,5913.0
닭,2023-08-02,6111.0,5913.0
닭,2023-08-03,6111.0,5913.0
닭,2023-08-04,6111.0,5913.0
닭,2023-08-05,6111.0,5913.0
닭,2023-08-06,6111.0,5913.0
닭,2023-08-07,6000.0,5913.0
닭,2023-08-08,6000.0,5913.0
닭,2023-08-09,6000.0,5913.0
닭,2023-08-10,6000.0,5641.0
닭,2023-08-11,6000.0,5641.0
닭,2023-08-12,6000.0,5641.0
닭,2023-08-13,6000.0,5641.0
닭,2023-08-14,6000.0,5286.0
닭,2023-08-15,6000.0,5286.0
닭,2023-08-16,6000.0,5286.0
닭,2023-08-17,6000.0,5286.0
닭,2023-08-18,6000.0,5286.0
닭,2023-08-19,6000.0,5286.0
닭,2023-08-20,6000.0,5286.0
닭,2023-08-21,6000.0,5286.0
닭,2023-08-22,6000.0,5286.0
닭,2023-08-23,6000.0,5286.0
닭,2023-08-24,6000.0,5286.0
닭,2023-08-25,6000.0,5286.0
닭,2023-08-26,6000.0,5286.0
닭,2023-08-27,6000.0,5286.0
닭,2023-08-28,6000.0,5286.0
닭,2023-08-29,6000.0,5286.0
닭,2023-08-30,6000.0,5286.0
닭,2023-08-31,6000.0,5286.0
닭,2023-09-01,6000.0,5286.0
닭,2023-09-02,6000.0,5286.0
닭,2023-09-03,6000.0,5286.0
닭,2023-09-04,6000.0,5286.0
닭,2023-09-05,6000.0,5286.0
닭,2023-09-06,6000.0,5286.0
닭,2023-09-07,6000.0,5286.0
닭,2023-09-08,6000.0,5286.0
닭,2023-09-09,6000.0,5286.0
닭,2023-09-10,6000.0,5286.0
닭,2023-09-11,6000.0,5286.0
닭,2023-09-12,6000.0,5286.0
닭,2023-09-13,6000.0,5286.0
닭,2023-09-14,6000.0,5286.0
닭,2023-09-15,6000.0,5286.0
닭,2023-09-16,6000.0,5286.0
닭,2023-09-17,6000.0,5286.0
닭,2023-09-18,6000.0,5286.0
닭,2023-09-19,6000.0,5286.0
닭,2023-09-20,6000.0,5286.0
닭,2023-09-21,6000.0,5286.0
닭,2023-09-22,6137.0,5057.0
닭,2023-09-23,6137.0,5057.0
닭,2023-09-24,6137.0,5057.0
닭,2023-09-25,6137.0,5057.0
닭,2023-09-26,6137.0,5057.0
닭,2023-09-27,6137.0,5057.0
닭,2023-09-28,6137.0,5057.0
닭,2023-09-29,6137.0,5466.0
닭,2023-09-30,6137.0,5325.0
닭,2023-10-01,6137.0,5325.0
닭,2023-10-02,6137.0,5325.0
닭,2023-10-03,6137.0,5325.0
닭,2023-10-04,6137.0,5325.0
닭,2023-10-05,6137.0,5325.0
닭,2023-10-06,6137.0,5325.0
닭,2023-10-07,6137.0,5325.0
닭,2023-10-08,6137.0,5325.0
닭,2023-10-09,6137.0,5325.0
닭,2023-10-10,6137.0,5325.0
닭,2023-10-11,6137.0,5325.0
닭,2023-10-12,6137.0,5325.0
닭,2023-10-13,6137.0,5325.0
닭,2023-10-14,6137.0,5325.0
닭,2023-10-15,6137.0,5325.0
닭,2023-10-16,6137.0,5325.0
닭,2023-10-17,6125.0,5325.0
닭,2023-10-18,6125.0,5284.0
닭,2023-10-19,6125.0,5284.0
닭,2023-10-20,6125.0,5284.0
닭,2023-10-21,6125.0,5284.0
닭,2023-10-22,6125.0,5284.0
닭,2023-10-23,6125.0,5284.0
닭,2023-10-24,6125.0,5284.0
닭,2023-10-25,6125.0,5284.0
닭,2023-10-26,6125.0,5284.0
닭,2023-10-27,6125.0,5284.0
닭,2023-10-28,6125.0,5284.0
닭,2023-10-29,6125.0,5284.0
닭,2023-10-30,6125.0,5284.0
닭,2023-10-31,6125.0,5284.0
닭,2023-11-01,6125.0,5284.0
닭,2023-11-02,6125.0,5284.0
닭,2023-11-03,6125.0,5284.0
닭,2023-11-04,6125.0,5284.0
닭,2023-11-05,6125.0,5284.0
닭,2023-11-06,6125.0,5284.0
닭,2023-11-07,5763.0,5284.0
닭,2023-11-08,5763.0,5284.0
닭,2023-11-09,5763.0,5284.0
닭,2023-11-10,5763.0,5284.0
닭,2023-11-11,5763.0,5284.0
닭,2023-11-12,5763.0,5859.0
닭,2023-11-13,5763.0,5859.0
닭,2023-11-14,5763.0,5859.0
닭,2023-11-15,5763.0,5859.0
닭,2023-11-16,5763.0,5859.0
닭,2023-11-17,5250.0,5859.0
닭,2023-11-18,5250.0,5937.0
닭,2023-11-19,5250.0,5937.0
닭,2023-11-20,5250.0,5937.0
닭,2023-11-21,5250.0,5937.0
닭,2023-11-22,5250.0,5937.0
닭,2023-11-23,5250.0,6164.0
닭,2023-11-24,5250.0,6164.0
닭,2023-11-25,5250.0,6164.0
닭,2023-11-26,5250.0,6164.0
닭,2023-11-27,5250.0,6164.0
닭,2023-11-28,5250.0,6164.0
닭,2023-11-29,5250.0,6164.0
닭,2023-11-30,5250.0,6164.0
닭,2023-12-01,5250.0,6164.0
닭,2023-12-02,5250.0,6164.0
닭,2023-12-03,5250.0,6164.0
닭,2023-12-04,5250.0,6164.0
닭,2023-12-05,5250.0,6164.0
닭,2023-12-06,5388.0,6164.0
닭,2023-12-07,5388.0,6164.0
닭,2023-12-08,5388.0,6164.0
닭,2023-12-09,5388.0,6164.0
닭,2023-12-10,5388.0,6164.0
닭,2023-12-11,5388.0,6164.0
닭,2023-12-12,5388.0,6164.0
닭,2023-12-13,5438.0,6210.0
닭,2023-12-14,5438.0,6210.0
닭,2023-12-15,5438.0,6210.0
닭,2023-12-16,5438.0,6210.0
닭,2023-12-17,5438.0,6210.0
닭,2023-12-18,5438.0,6210.0
닭,2023-12-19,5438.0,6210.0
닭,2023-12-20,5438.0,6210.0
닭,2023-12-21,5438.0,6210.0
닭,2023-12-22,5438.0,6210.0
닭,2023-12-23,5438.0,6210.0
닭,2023-12-24,5438.0,6210.0
닭,2023-12-25,5438.0,6210.0
닭,2023-12-26,5438.0,6210.0
닭,2023-12-27,5250.0,6210.0
닭,2023-12-28,5250.0,6210.0
닭,2023-12-29,5250.0,6210.0
닭,2023-12-30,5250.0,6210.0
닭,2023-12-31,5250.0,6210.0
닭,2024-01-01,5250.0,6210.0
닭,2024-01-02,5250.0,6210.0
닭,2024-01-03,5250.0,6210.0
닭,2024-01-04,5250.0,6210.0
닭,2024-01-05,5250.0,6210.0
닭,2024-01-06,5438.0,6474.0
닭,2024-01-07,5438.0,6474.0
닭,2024-01-08,4671.0,6474.0
닭,2024-01-09,4671.0,6474.0
닭,2024-01-10,4671.0,6474.0
닭,2024-01-11,4671.0,6474.0
닭,2024-01-12,4671.0,6474.0
닭,2024-01-13,4671.0,5875.0
닭,2024-01-14,4671.0,5975.0
닭,2024-01-15,4671.0,5975.0
닭,2024-01-16,4671.0,5975.0
닭,2024-01-17,4671.0,5975.0
닭,2024-01-18,5386.0,5975.0
닭,2024-01-19,5386.0,5975.0
닭,2024-01-20,5386.0,6033.0
닭,2024-01-21,5386.0,5932.0
닭,2024-01-22,5386.0,5932.0
닭,2024-01-23,5386.0,5932.0
닭,2024-01-24,5386.0,5932.0
닭,2024-01-25,5386.0,5932.0
닭,2024-01-26,5386.0,5932.0
닭,2024-01-27,5386.0,5932.0
닭,2024-01-28,5386.0,5915.0
닭,2024-01-29,5386.0,5915.0
닭,2024-01-30,5386.0,5915.0
닭,2024-01-31,5386.0,5915.0
닭,2024-02-01,5386.0,5915.0
닭,2024-02-02,5386.0,5867.0
닭,2024-02-03,5386.0,5807.0
닭,2024-02-04,5386.0,5807.0
닭,2024-02-05,5386.0,5807.0
닭,2024-02-06,5386.0,5807.0
닭,2024-02-07,5386.0,5807.0
닭,2024-02-08,5386.0,5807.0
닭,2024-02-09,5386.0,5855.0
닭,2024-02-10,5386.0,5855.0
닭,2024-02-11,5386.0,5753.0
닭,2024-02-12,5386.0,5753.0
닭,2024-02-13,5386.0,6144.0
닭,2024-02-14,5386.0,6144.0
닭,2024-02-15,5716.0,6144.0
닭,2024-02-16,5716.0,6370.0
닭,2024-02-17,5716.0,6370.0
닭,2024-02-18,5716.0,6370.0
닭,2024-02-19,5716.0,6370.0
닭,2024-02-20,5716.0,6370.0
닭,2024-02-21,5716.0,6370.0
닭,2024-02-22,5716.0,6370.0
닭,2024-02-23,5716.0,6370.0
닭,2024-02-24,5716.0,6370.0
닭,2024-02-25,5716.0,6370.0
닭,2024-02-26,5716.0,6370.0
닭,2024-02-27,5716.0,6370.0
닭,2024-02-28,5716.0,6370.0
닭,2024-02-29,5716.0,
닭,2024-03-01,5716.0,6212.0
닭,2024-03-02,5716.0,6212.0
닭,2024-03-03,5716.0,6212.0
닭,2024-03-04,5716.0,6212.0
닭,2024-03-05,5716.0,6212.0
닭,2024-03-06,5716.0,6212.0
닭,2024-03-07,5716.0,6212.0
닭,2024-03-08,5716.0,6212.0
닭,2024-03-09,5716.0,6212.0
닭,2024-03-10,5716.0,6212.0
닭,2024-03-11,5574.0,6212.0
닭,2024-03-12,5574.0,6212.0
닭,2024-03-13,5574.0,6212.0
닭,2024-03-14,5511.0,6212.0
닭,2024-03-15,5511.0,6212.0
닭,2024-03-16,5563.0,6212.0
닭,2024-03-17,5705.0,6212.0
닭,2024-03-18,5705.0,6212.0
닭,2024-03-19,5705.0,6212.0
닭,2024-03-20,5490.0,6212.0
닭,2024-03-21,5695.0,6212.0
닭,2024-03-22,5695.0,6212.0
닭,2024-03-23,5695.0,6212.0
닭,2024-03-24,5695.0,6212.0
닭,2024-03-25,5695.0,6212.0
닭,2024-03-26,5695.0,6212.0
닭,2024-03-27,5695.0,6225.0
닭,2024-03-28,5695.0,6225.0
닭,2024-03-29,5450.0,6225.0
닭,2024-03-30,5450.0,6225.0
닭,2024-03-31,5450.0,6225.0
닭,2024-04-01,5450.0,6225.0
닭,2024-04-02,5450.0,6225.0
닭,2024-04-03,5450.0,6445.0
닭,2024-04-04,5450.0,6445.0
닭,2024-04-05,5450.0,6445.0
닭,2024-04-06,5450.0,6445.0
닭,2024-04-07,5450.0,6445.0
닭,2024-04-08,6132.0,6445.0
닭,2024-04-09,6132.0,6445.0
닭,2024-04-10,6132.0,6445.0
닭,2024-04-11,6132.0,6445.0
닭,2024-04-12,6132.0,6445.0
닭,2024-04-13,6132.0,6445.0
닭,2024-04-14,6132.0,6445.0
닭,2024-04-15,6132.0,6445.0
닭,2024-04-16,6132.0,6445.0
닭,2024-04-17,5851.0,6445.0
닭,2024-04-18,5851.0,6445.0
닭,2024-04-19,5851.0,6445.0
닭,2024-04-20,5851.0,6445.0
닭,2024-04-21,5851.0,6445.0
닭,2024-04-22,5851.0,6445.0
닭,2024-04-23,5851.0,6445.0
닭,2024-04-24,5851.0,6445.0
닭,2024-04-25,5851.0,6445.0
닭,2024-04-26,5851.0,6445.0
닭,2024-04-27,6132.0,6445.0
닭,2024-04-28,6132.0,7108.0
닭,2024-04-29,6132.0,6445.0
닭,2024-04-30,6132.0,6445.0
닭,2024-05-01,6132.0,6445.0
닭,2024-05-02,6091.0,6445.0
닭,2024-05-03,6091.0,6445.0
닭,2024-05-04,6546.0,6445.0
닭,2024-05-05,6546.0,6445.0
닭,2024-05-06,6546.0,7409.0
닭,2024-05-07,6546.0,7409.0
닭,2024-05-08,6546.0,7409.0
닭,2024-05-09,6546.0,7409.0
닭,2024-05-10,6818.0,7409.0
닭,2024-05-16,5792.0,7502.0
닭,2024-05-17,5792.0,7502.0
닭,2024-05-18,5792.0,7502.0
닭,2024-05-20,5990.0,7256.0
닭,2024-05-21,6404.0,7256.0
닭,2024-05-22,6404.0,7256.0
닭,2024-05-23,6404.0,7256.0
닭,2024-05-24,6409.0,7256.0
닭,2024-05-25,6409.0,7256.0
닭,2024-05-26,6409.0,7256.0
닭,2024-05-27,6409.0,7256.0
닭,2024-05-28,6409.0,7256.0
닭,2024-05-29,6409.0,7256.0
닭,2024-05-30,5621.0,7256.0
닭,2024-05-31,5621.0,7256.0
닭,2024-06-01,5621.0,7256.0
닭,2024-06-02,6346.0,7256.0
닭,2024-06-03,5996.0,7256.0
닭,2024-06-04,5996.0,7256.0
닭,2024-06-05,6346.0,7256.0
닭,2024-06-06,6346.0,7256.0
닭,2024-06-07,6346.0,7256.0
닭,2024-06-11,7182.0,7279.0
닭,2024-06-12,7182.0,7578.0
닭,2024-06-13,7046.0,7578.0
닭,2024-06-14,7046.0,7578.0
닭,2024-06-15,7046.0,7578.0
닭,2024-06-16,7046.0,7578.0
닭,2024-06-17,6175.0,7578.0
닭,2024-06-18,5309.0,7578.0
닭,2024-06-19,5309.0,7578.0
닭,2024-06-20,5309.0,7578.0
닭,2024-06-21,5309.0,7578.0
닭,2024-06-22,5309.0,7128.0
닭,2024-06-23,5309.0,7128.0
닭,2024-06-24,6579.0,7128.0
닭,2024-06-25,6579.0,7128.0
닭,2024-06-26,6579.0,6950.0
닭,2024-06-27,7046.0,6950.0
닭,2024-06-28,6555.0,6950.0
닭,2024-06-29,6555.0,6950.0
닭,2024-06-30,6555.0,7006.0
닭,2024-07-01,6555.0,7006.0
닭,2024-07-02,6555.0,7006.0
닭,2024-07-03,6555.0,7006.0
닭,2024-07-04,6550.0,7006.0
닭,2024-07-05,6550.0,7006.0
닭,2024-07-06,6550.0,6462.0
닭,2024-07-07,6550.0,6462.0
닭,2024-07-08,6175.0,6462.0
닭,2024-07-09,6175.0,6462.0
닭,2024-07-10,6175.0,6462.0
닭,2024-07-11,6175.0,6462.0
닭,2024-07-12,6000.0,6462.0
닭,2024-07-13,6000.0,6462.0
닭,2024-07-14,6000.0,6462.0
닭,2024-07-15,7025.0,6463.0
닭,2024-07-16,6142.0,6463.0
닭,2024-07-17,6006.0,6463.0
닭,2024-07-18,6006.0,6351.0
닭,2024-07-19,6006.0,6351.0
닭,2024-07-20,6006.0,6283.0
닭,2024-07-21,6006.0,6283.0
닭,2024-07-22,6006.0,6283.0
닭,2024-07-23,6006.0,6283.0
닭,2024-07-24,6006.0,6283.0
닭,2024-07-25,5862.0,6283.0
닭,2024-07-26,6134.0,6283.0
닭,2024-07-27,6162.0,6166.0
닭,2024-07-28,6162.0,6166.0
닭,2024-07-29,6162.0,6166.0
닭,2024-07-30,6162.0,6166.0
닭,2024-07-31,6162.0,6166.0
닭,2024-08-01,6162.0,6093.0
닭,2024-08-02,6162.0,6012.0
닭,2024-08-03,6758.0,6012.0
닭,2024-08-08,6641.0,5957.0
닭,2024-08-09,5884.0,5957.0
닭,2024-08-10,5884.0,5821.0
닭,2024-08-11,5884.0,5821.0
닭,2024-08-12,5884.0,5821.0
닭,2024-08-13,5884.0,5821.0
닭,2024-08-14,5471.0,5643.0
닭,2024-08-15,5471.0,5643.0
닭,2024-08-16,5471.0,5643.0
닭,2024-08-17,5471.0,5643.0
닭,2024-08-18,5471.0,5643.0
닭,2024-08-19,6388.0,5643.0
닭,2024-08-20,6088.0,5643.0
닭,2024-08-21,6088.0,5643.0
닭,2024-08-22,5504.0,5643.0
닭,2024-08-23,5504.0,5643.0
닭,2024-08-24,6317.0,5643.0
닭,2024-08-25,6317.0,5643.0
닭,2024-08-26,6317.0,5643.0
닭,2024-08-27,6317.0,5643.0
닭,2024-08-28,6033.0,5643.0
닭,2024-08-29,6033.0,5643.0
닭,2024-08-30,6033.0,5643.0
닭,2024-08-31,6033.0,5643.0
닭,2024-09-01,6758.0,5643.0
닭,2024-09-02,6758.0,5643.0
닭,2024-09-03,6758.0,5643.0
닭,2024-09-04,6758.0,5643.0
닭,2024-09-05,6332.0,5643.0
닭,2024-09-06,6332.0,5643.0
닭,2024-09-07,6615.0,5643.0
닭,2024-09-08,6615.0,5643.0
닭,2024-09-09,6260.0,5643.0
닭,2024-09-10,6260.0,5643.0
닭,2024-09-11,5615.0,5643.0
닭,2024-09-12,5615.0,5643.0
닭,2024-09-13,5615.0,5643.0
닭,2024-09-14,5615.0,5643.0
닭,2024-09-15,5615.0,5643.0
닭,2024-09-16,5615.0,5643.0
닭,2024-09-17,5615.0,5643.0
닭,2024-09-18,5615.0,5643.0
닭,2024-09-19,6758.0,5643.0
닭,2024-09-20,6394.0,5643.0
닭,2024-09-21,6394.0,5643.0
닭,2024-09-22,6394.0,5597.0
닭,2024-09-23,6353.0,5597.0
닭,2024-09-24,6353.0,5597.0
닭,2024-09-25,6220.0,5597.0
닭,2024-09-26,6220.0,5597.0
닭,2024-09-27,6220.0,5597.0
닭,2024-09-28,6220.0,5597.0
닭,2024-09-29,6220.0,5802.0
닭,2024-09-30,6220.0,5731.0
닭,2024-10-01,6220.0,5731.0
닭,2024-10-02,6220.0,5731.0
닭,2024-10-03,6220.0,5731.0
닭,2024-10-04,6220.0,5731.0
닭,2024-10-05,6617.0,5731.0
닭,2024-10-06,6758.0,5731.0
닭,2024-10-07,5875.0,5731.0
닭,2024-10-08,5875.0,5731.0
닭,2024-10-09,5875.0,5731.0
닭,2024-10-10,5845.0,5731.0
닭,2024-10-11,5845.0,5731.0
닭,2024-10-12,5845.0,5731.0
닭,2024-10-13,5845.0,5731.0
닭,2024-10-14,6220.0,5731.0
닭,2024-10-15,6220.0,5731.0
닭,2024-10-16,6220.0,5731.0
닭,2024-10-17,6220.0,5725.0
닭,2024-10-18,6220.0,5705.0
닭,2024-10-19,6220.0,5705.0
닭,2024-10-20,6262.0,5705.0
닭,2024-10-21,6262.0,5705.0
닭,2024-10-22,6262.0,5705.0
닭,2024-10-23,6262.0,5705.0
닭,2024-10-24,5807.0,5705.0
닭,2024-10-25,5432.0,5705.0
닭,2024-10-26,5432.0,5705.0
닭,2024-10-27,5432.0,5705.0
닭,2024-10-28,5432.0,5705.0
닭,2024-10-29,5432.0,5705.0
닭,2024-10-30,5432.0,5705.0
닭,2024-10-31,5432.0,5705.0
닭,2024-11-01,5432.0,5705.0
닭,2024-11-02,5432.0,5705.0
닭,2024-11-03,5432.0,5705.0
닭,2024-11-04,5549.0,5705.0
닭,2024-11-05,5549.0,5705.0
닭,2024-11-06,5549.0,5705.0
닭,2024-11-07,5549.0,5524.0
닭,2024-11-08,5549.0,5524.0
닭,2024-11-09,5591.0,5524.0
닭,2024-11-10,5807.0,5524.0
닭,2024-11-11,5807.0,5524.0
닭,2024-11-12,5807.0,5811.0
닭,2024-11-13,5807.0,5811.0
닭,2024-11-14,5807.0,5811.0
닭,2024-11-15,5136.0,5811.0
닭,2024-11-16,5136.0,5811.0
닭,2024-11-17,5136.0,5555.0
닭,2024-11-18,5136.0,5594.0
닭,2024-11-19,5136.0,5594.0
닭,2024-11-20,5136.0,5594.0
닭,2024-11-21,5136.0,5594.0
닭,2024-11-22,5136.0,5594.0
닭,2024-11-23,5136.0,5707.0
닭,2024-11-24,5136.0,5707.0
닭,2024-11-25,5549.0,5707.0
닭,2024-11-26,5549.0,5707.0
닭,2024-11-27,5549.0,5707.0
닭,2024-11-28,4728.0,5707.0
닭,2024-11-29,4728.0,5707.0
닭,2024-11-30,4962.0,5707.0
닭,2024-12-01,4962.0,5707.0
닭,2024-12-02,4962.0,5707.0
닭,2024-12-03,4962.0,5707.0
닭,2024-12-04,4650.0,5707.0
닭,2024-12-05,4650.0,5707.0
닭,2024-12-06,5521.0,5776.0
닭,2024-12-07,5521.0,5776.0
닭,2024-12-08,5521.0,5776.0
닭,2024-12-09,5521.0,5776.0
닭,2024-12-10,5471.0,5776.0
닭,2024-12-11,5471.0,5776.0
닭,2024-12-12,5471.0,5776.0
닭,2024-12-13,5471.0,5824.0
닭,2024-12-14,5471.0,5824.0
닭,2024-12-15,5471.0,5824.0
닭,2024-12-16,5471.0,5824.0
닭,2024-12-17,5471.0,5824.0
닭,2024-12-18,5471.0,5824.0
닭,2024-12-19,5729.0,5824.0
닭,2024-12-20,6262.0,5824.0
닭,2024-12-21,6262.0,5824.0
닭,2024-12-22,6262.0,5824.0
닭,2024-12-23,6262.0,5824.0
닭,2024-12-24,6262.0,5824.0
닭,2024-12-25,6262.0,5824.0
닭,2024-12-26,6262.0,5824.0
닭,2024-12-27,6262.0,5730.0
닭,2024-12-28,6262.0,5730.0
닭,2024-12-29,6262.0,5730.0
닭,2024-12-30,5992.0,5730.0
닭,2024-12-31,5992.0,5730.0
닭,2025-01-01,5992.0,5730.0
닭,2025-01-02,5992.0,5730.0
닭,2025-01-03,5992.0,5730.0
닭,2025-01-04,5992.0,5730.0
닭,2025-01-05,5992.0,5730.0
닭,2025-01-06,6292.0,5956.0
닭,2025-01-07,6292.0,5956.0
닭,2025-01-08,6071.0,5573.0
닭,2025-01-09,6071.0,5573.0
닭,2025-01-10,6071.0,5573.0
닭,2025-01-11,6071.0,5573.0
닭,2025-01-12,6071.0,5573.0
닭,2025-01-13,6071.0,5473.0
닭,2025-01-14,6071.0,5540.0
닭,2025-01-15,6071.0,5540.0
닭,2025-01-16,6071.0,5540.0
닭,2025-01-17,6071.0,5540.0
닭,2025-01-18,6292.0,5778.0
닭,2025-01-19,6292.0,5778.0
닭,2025-01-20,6292.0,5817.0
닭,2025-01-21,6292.0,5750.0
닭,2025-01-22,6292.0,5750.0
닭,2025-01-23,5537.0,5750.0
닭,2025-01-24,5537.0,5750.0
닭,2025-01-25,5537.0,5750.0
닭,2025-01-26,5537.0,5750.0
닭,2025-01-27,5537.0,5750.0
닭,2025-01-28,5537.0,5738.0
닭,2025-01-29,5537.0,5738.0
닭,2025-01-30,5537.0,5738.0
닭,2025-01-31,5537.0,5738.0
닭,2025-02-01,5537.0,5738.0
닭,2025-02-02,6617.0,5706.0
닭,2025-02-03,7167.0,5666.0
닭,2025-02-04,6292.0,5666.0
닭,2025-02-05,6292.0,5666.0
닭,2025-02-06,6262.0,5666.0
닭,2025-02-07,6262.0,5666.0
닭,2025-02-08,6262.0,5666.0
닭,2025-02-09,6262.0,5699.0
닭,2025-02-10,6303.0,5699.0
닭,2025-02-11,6303.0,5631.0
닭,2025-02-12,6303.0,5631.0
닭,2025-02-13,6303.0,5891.0
닭,2025-02-14,6303.0,5891.0
닭,2025-02-15,6303.0,6001.0
닭,2025-02-16,6909.0,6043.0
닭,2025-02-17,6909.0,6043.0
닭,2025-02-18,6153.0,6043.0
닭,2025-02-19,6153.0,6043.0
닭,2025-02-20,6153.0,6043.0
닭,2025-02-21,6142.0,6043.0
닭,2025-02-22,6142.0,6043.0
닭,2025-02-23,6142.0,6043.0
닭,2025-02-24,6142.0,6043.0
닭,2025-02-25,6262.0,6043.0
닭,2025-02-26,6262.0,6043.0
닭,2025-02-27,6262.0,6043.0
닭,2025-02-28,6262.0,6043.0
닭,2025-03-01,6262.0,5964.0
닭,2025-03-02,6262.0,5964.0
닭,2025-03-03,6262.0,5964.0
닭,2025-03-04,6262.0,5964.0
닭,2025-03-05,6262.0,5964.0
닭,2025-03-06,6262.0,5964.0
닭,2025-03-07,6262.0,5964.0
닭,2025-03-08,6262.0,5964.0
닭,2025-03-09,6262.0,5964.0
닭,2025-03-10,6262.0,5964.0
닭,2025-03-11,6262.0,5893.0
닭,2025-03-12,6262.0,5893.0
닭,2025-03-13,6262.0,5893.0
닭,2025-03-14,6262.0,5862.0
닭,2025-03-15,6262.0,5862.0
닭,2025-03-16,6262.0,5888.0
닭,2025-03-17,6262.0,5959.0
닭,2025-03-18,6262.0,5959.0
닭,2025-03-19,6262.0,5959.0
닭,2025-03-20,6262.0,5851.0
닭,2025-03-21,6262.0,5954.0
닭,2025-03-22,6262.0,5954.0
닭,2025-03-23,6262.0,5954.0
닭,2025-03-24,6262.0,5954.0
닭,2025-03-25,6262.0,5954.0
닭,2025-03-26,6262.0,5954.0
닭,2025-03-27,6262.0,5960.0
닭,2025-03-28,6262.0,5960.0
닭,2025-03-29,6262.0,5838.0
닭,2025-03-30,6262.0,5838.0
닭,2025-03-31,6262.0,5838.0
닭,2025-04-01,6262.0,5838.0
닭,2025-04-02,6262.0,5838.0
닭,2025-04-03,6262.0,5948.0
닭,2025-04-04,6262.0,5948.0
닭,2025-04-05,6262.0,5948.0
닭,2025-04-06,6262.0,5948.0
닭,2025-04-07,6262.0,5948.0
닭,2025-04-08,6262.0,6289.0
닭,2025-04-09,6262.0,6289.0
닭,2025-04-10,6262.0,6289.0
닭,2025-04-11,6262.0,6289.0
닭,2025-04-12,6262.0,6289.0
닭,2025-04-13,6262.0,6289.0
닭,2025-04-14,6262.0,6289.0
닭,2025-04-15,6262.0,6289.0
닭,2025-04-16,6262.0,6289.0
닭,2025-04-17,6262.0,6148.0
닭,2025-04-18,6262.0,6148.0
닭,2025-04-19,6262.0,6148.0
닭,2025-04-20,6262.0,6148.0
닭,2025-04-21,6262.0,6148.0
닭,2025-04-22,6262.0,6148.0
닭,2025-04-23,6262.0,6148.0
닭,2025-04-24,6262.0,6148.0
닭,2025-04-25,6262.0,6148.0
닭,2025-04-26,6462.0,6148.0
닭,2025-04-27,6462.0,6289.0
닭,2025-04-28,6387.0,6783.0
닭,2025-04-29,6387.0,6289.0
닭,2025-04-30,6387.0,6289.0
닭,2025-05-01,6387.0,6289.0
닭,2025-05-02,6262.0,6268.0
닭,2025-05-03,6262.0,6268.0
닭,2025-05-04,6262.0,6496.0
닭,2025-05-05,6262.0,6496.0
닭,2025-05-06,6262.0,6978.0
닭,2025-05-07,6262.0,6978.0
닭,2025-05-08,6262.0,6978.0
닭,2025-05-09,6262.0,6978.0
닭,2025-05-10,6262.0,7114.0
닭,2025-05-11,6262.0,7409.0
닭,2025-05-12,6262.0,7590.0
닭,2025-05-13,6262.0,7502.0
닭,2025-05-14,6262.0,7502.0
닭,2025-05-15,6262.0,7502.0
닭,2025-05-16,6262.0,6932.0
닭,2025-05-17,6262.0,6932.0
닭,2025-05-18,6262.0,6932.0
닭,2025-05-19,6262.0,7256.0
닭,2025-05-20,6262.0,6834.0
닭,2025-05-21,6262.0,6972.0
닭,2025-05-22,6262.0,6972.0
닭,2025-05-23,6262.0,6972.0
닭,2025-05-24,6262.0,6973.0
닭,2025-05-25,6262.0,6973.0
닭,2025-05-26,6262.0,6973.0
닭,2025-05-27,6262.0,6973.0
닭,2025-05-28,6262.0,6973.0
닭,2025-05-29,6262.0,6973.0
닭,2025-05-30,6262.0,6711.0
닭,2025-05-31,6262.0,6711.0
닭,2025-06-01,6262.0,6711.0
닭,2025-06-02,6262.0,6952.0
닭,2025-06-03,6262.0,6836.0
닭,2025-06-04,6262.0,6836.0
닭,2025-06-05,5209.0,6952.0
닭,2025-06-06,5209.0,6952.0
닭,2025-06-07,5209.0,6952.0
닭,2025-06-08,5209.0,7256.0
닭,2025-06-09,5209.0,7256.0
닭,2025-06-10,5209.0,7279.0
닭,2025-06-11,5209.0,7246.0
닭,2025-06-12,5209.0,7446.0
닭,2025-06-13,6209.0,7401.0
닭,2025-06-14,6209.0,7401.0
닭,2025-06-15,6209.0,7401.0
닭,2025-06-16,6209.0,7401.0
닭,2025-06-17,6209.0,7110.0
닭,2025-06-18,6209.0,6822.0
닭,2025-06-19,6209.0,6822.0
닭,2025-06-20,6209.0,6822.0
닭,2025-06-21,6262.0,6822.0
닭,2025-06-22,6262.0,6522.0
닭,2025-06-23,6262.0,6522.0
닭,2025-06-24,6262.0,6945.0
닭,2025-06-25,6262.0,6945.0
닭,2025-06-26,6262.0,6826.0
닭,2025-06-27,5912.0,6982.0
닭,2025-06-28,5912.0,6818.0
닭,2025-06-29,5912.0,6818.0
닭,2025-06-30,5912.0,6855.0
닭,2025-07-01,5912.0,6855.0
닭,2025-07-02,5912.0,6855.0
닭,2025-07-03,5912.0,6855.0
닭,2025-07-04,6375.0,6854.0
닭,2025-07-05,7292.0,6854.0
닭,2025-07-06,7292.0,6491.0
닭,2025-07-07,7125.0,6491.0
닭,2025-07-08,7125.0,6366.0
닭,2025-07-09,7125.0,6366.0
닭,2025-07-10,6875.0,6366.0
닭,2025-07-11,6146.0,6366.0
닭,2025-07-12,6146.0,6308.0
닭,2025-07-13,6146.0,6308.0
닭,2025-07-14,6146.0,6308.0
닭,2025-07-15,6146.0,6650.0
닭,2025-07-16,6146.0,6356.0
닭,2025-07-17,6146.0,6311.0
닭,2025-07-18,6500.0,6236.0
닭,2025-07-19,6500.0,6236.0
닭,2025-07-20,6500.0,6190.0
닭,2025-07-21,6500.0,6190.0
닭,2025-07-22,6500.0,6190.0
닭,2025-07-23,6500.0,6190.0
닭,2025-07-24,6500.0,6190.0
닭,2025-07-25,5936.0,6142.0
닭,2025-07-26,6019.0,6233.0
닭,2025-07-27,6019.0,6165.0
닭,2025-07-28,6019.0,6165.0
닭,2025-07-29,6019.0,6165.0
닭,2025-07-30,6019.0,6165.0
닭,2025-07-31,6019.0,6165.0
닭,2025-08-01,6670.0,6116.0
닭,2025-08-02,6920.0,6062.0
닭,2025-08-03,6019.0,6261.0
닭,2025-08-04,6019.0,6012.0
닭,2025-08-05,6019.0,6012.0
닭,2025-08-06,6019.0,6012.0
닭,2025-08-07,6019.0,5957.0
닭,2025-08-08,6275.0,6185.0
닭,2025-08-09,6275.0,5932.0
닭,2025-08-10,6275.0,5842.0
닭,2025-08-11,6275.0,5842.0
닭,2025-08-12,6275.0,5842.0
닭,2025-08-13,6275.0,5842.0
닭,2025-08-14,6275.0,5586.0
닭,2025-08-15,6597.0,5586.0
닭,2025-08-16,6864.0,5586.0
닭,2025-08-17,7322.0,5586.0
닭,2025-08-18,5582.0,5586.0
닭,2025-08-19,5582.0,5891.0
닭,2025-08-20,5582.0,5791.0
닭,2025-08-21,5582.0,5791.0
닭,2025-08-22,5582.0,5597.0
닭,2025-08-23,5582.0,5597.0
닭,2025-08-24,5582.0,5868.0
닭,2025-08-25,5582.0,5868.0
닭,2025-08-26,5582.0,5868.0
닭,2025-08-27,5582.0,5868.0
닭,2025-08-28,5582.0,5773.0
닭,2025-08-29,5582.0,5773.0
닭,2025-08-30,5582.0,5773.0
닭,2025-08-31,5582.0,5773.0
닭,2025-09-01,5582.0,6015.0
닭,2025-09-02,5582.0,6015.0
닭,2025-09-03,5582.0,6015.0
닭,2025-09-04,5582.0,6015.0
닭,2025-09-05,5636.0,5873.0
닭,2025-09-06,5636.0,5873.0
닭,2025-09-07,5636.0,5967.0
닭,2025-09-08,5636.0,5967.0
닭,2025-09-09,5686.0,5849.0
닭,2025-09-10,5686.0,5849.0
닭,2025-09-11,5686.0,5634.0
닭,2025-09-12,5603.0,5634.0
닭,2025-09-13,5603.0,5634.0
닭,2025-09-14,5603.0,5634.0
닭,2025-09-15,5603.0,5634.0
닭,2025-09-16,5603.0,5634.0
닭,2025-09-17,5603.0,5634.0
닭,2025-09-18,5603.0,5634.0
닭,2025-09-19,4928.0,6015.0
닭,2025-09-20,4928.0,5893.0
닭,2025-09-21,4928.0,5893.0
닭,2025-09-22,4928.0,5863.0
닭,2025-09-23,4928.0,5849.0
닭,2025-09-24,4928.0,5849.0
닭,2025-09-25,4928.0,5805.0
닭,2025-09-26,4400.0,5805.0
닭,2025-09-27,4400.0,5805.0
닭,2025-09-28,4400.0,5805.0
닭,2025-09-29,4400.0,5941.0
닭,2025-09-30,4400.0,5894.0
닭,2025-10-01,4400.0,5894.0
닭,2025-10-02,4400.0,5894.0
닭,2025-10-03,3782.0,5894.0
닭,2025-10-04,3782.0,5894.0
닭,2025-10-05,3782.0,6026.0
닭,2025-10-06,3782.0,6073.0
닭,2025-10-07,3782.0,5779.0
닭,2025-10-08,3782.0,5779.0
닭,2025-10-09,3782.0,5779.0
닭,2025-10-10,3782.0,5769.0
닭,2025-10-11,3782.0,5769.0
닭,2025-10-12,3782.0,5769.0
닭,2025-10-13,3782.0,5769.0
닭,2025-10-14,3782.0,5894.0
닭,2025-10-15,5603.0,5894.0
닭,2025-10-16,5603.0,5894.0
닭,2025-10-17,5457.0,5890.0
닭,2025-10-18,5457.0,5876.0
닭,2025-10-19,5457.0,5876.0
닭,2025-10-20,5457.0,5890.0
닭,2025-10-21,5457.0,5890.0
닭,2025-10-22,5457.0,5890.0
닭,2025-10-23,5457.0,5890.0
닭,2025-10-24,5457.0,5739.0
닭,2025-10-25,5457.0,5614.0
닭,2025-10-26,5457.0,5614.0
닭,2025-10-27,5457.0,5614.0
닭,2025-10-28,5457.0,5614.0
닭,2025-10-29,5457.0,5614.0
닭,2025-10-30,5457.0,5614.0
닭,2025-10-31,5457.0,5614.0
닭,2025-11-01,5457.0,5614.0
닭,2025-11-02,5457.0,5614.0
닭,2025-11-03,5457.0,5614.0
닭,2025-11-04,5457.0,5653.0
닭,2025-11-05,5457.0,5653.0
닭,2025-11-06,5457.0,5653.0
닭,2025-11-07,5124.0,5532.0
닭,2025-11-08,5124.0,5532.0
닭,2025-11-09,5124.0,5546.0
닭,2025-11-10,5124.0,5618.0
닭,2025-11-11,5124.0,5618.0
닭,2025-11-12,5124.0,5810.0
닭,2025-11-13,5124.0,5810.0
닭,2025-11-14,5561.0,5810.0
닭,2025-11-15,5561.0,5586.0
닭,2025-11-16,5561.0,5586.0
닭,2025-11-17,5561.0,5415.0
닭,2025-11-18,5561.0,5441.0
닭,2025-11-19,5561.0,5441.0
닭,2025-11-20,5519.0,5441.0
닭,2025-11-21,5519.0,5441.0
닭,2025-11-22,5519.0,5441.0
닭,2025-11-23,5519.0,5517.0
닭,2025-11-24,5519.0,5517.0
닭,2025-11-25,5519.0,5654.0
닭,2025-11-26,5519.0,5654.0
닭,2025-11-27,4819.0,5654.0
닭,2025-11-28,4566.0,5381.0
닭,2025-11-29,4566.0,5381.0
닭,2025-11-30,4566.0,5459.0
닭,2025-12-01,4819.0,5459.0
닭,2025-12-02,4819.0,5459.0
닭,2025-12-03,4819.0,5459.0
닭,2025-12-04,4819.0,5355.0
닭,2025-12-05,5375.0,5355.0
닭,2025-12-06,5375.0,5691.0
닭,2025-12-07,5375.0,5691.0
닭,2025-12-08,5375.0,5691.0
닭,2025-12-09,5375.0,5691.0
닭,2025-12-10,5375.0,5674.0
닭,2025-12-11,5375.0,5674.0
닭,2025-12-12,5415.0,5674.0
닭,2025-12-13,5415.0,5706.0
닭,2025-12-14,5415.0,5706.0
닭,2025-12-15,5415.0,5706.0
닭,2025-12-16,5415.0,5706.0
닭,2025-12-17,5415.0,5706.0
닭,2025-12-18,5415.0,5706.0
닭,2025-12-19,5878.0,5792.0
닭,2025-12-20,5878.0,5970.0
닭,2025-12-21,5878.0,5970.0
닭,2025-12-22,5878.0,5970.0
닭,2025-12-23,5878.0,5970.0
닭,2025-12-24,5878.0,5970.0
닭,2025-12-25,5878.0,5970.0
닭,2025-12-26,5773.0,5970.0
닭,2025-12-27,5773.0,5907.0
닭,2025-12-28,5773.0,5907.0
닭,2025-12-29,5773.0,5907.0
닭,2025-12-30,5773.0,5817.0
닭,2025-12-31,5773.0,5817.0
닭,2026-01-01,5773.0,5817.0
닭,2026-01-02,5850.0,5817.0
닭,2026-01-03,5850.0,5817.0
닭,2026-01-04,5850.0,5817.0
닭,2026-01-05,5850.0,5817.0
닭,2026-01-06,5850.0,6068.0
닭,2026-01-07,5850.0,6068.0
닭,2026-01-08,5850.0,5739.0
닭,2026-01-09,5850.0,5739.0
닭,2026-01-10,5978.0,5739.0
닭,2026-01-11,5978.0,5739.0
닭,2026-01-12,5978.0,5739.0
닭,2026-01-13,5978.0,5623.0
닭,2026-01-14,5978.0,5673.0
닭,2026-01-15,5978.0,5673.0
닭,2026-01-16,5603.0,5673.0
닭,2026-01-17,5603.0,5673.0
닭,2026-01-18,5603.0,5907.0
닭,2026-01-19,5603.0,5907.0
닭,2026-01-20,5603.0,5936.0
닭,2026-01-21,5603.0,5885.0
닭,2026-01-22,5603.0,5885.0
닭,2026-01-23,5478.0,5697.0
닭,2026-01-24,5478.0,5697.0
닭,2026-01-25,5478.0,5697.0
닭,2026-01-26,5478.0,5697.0
닭,2026-01-27,5478.0,5697.0
닭,2026-01-28,5478.0,5688.0
닭,2026-01-29,5478.0,5688.0
닭,2026-01-30,5811.0,5688.0
닭,2026-01-31,5811.0,5688.0
닭,2026-02-01,5811.0,5688.0
닭,2026-02-02,5811.0,5934.0
닭,2026-02-03,5718.0,6042.0
닭,2026-02-04,5718.0,5823.0
닭,2026-02-05,5718.0,5823.0
닭,2026-02-06,5455.0,5815.0
닭,2026-02-07,5455.0,5815.0
닭,2026-02-08,5455.0,5815.0
닭,2026-02-09,5455.0,5840.0
닭,2026-02-10,5455.0,5850.0
닭,2026-02-11,5455.0,5799.0
닭,2026-02-12,5455.0,5799.0
닭,2026-02-13,4364.0,5994.0
닭,2026-02-14,4364.0,5994.0
닭,2026-02-15,4364.0,6077.0
닭,2026-02-16,4364.0,6332.0
닭,2026-02-17,4364.0,6332.0
닭,2026-02-18,4364.0,6080.0
닭,2026-02-19,4364.0,6080.0
닭,2026-02-20,4910.0,6080.0
닭,2026-02-21,5482.0,6076.0
닭,2026-02-22,5482.0,6076.0
닭,2026-02-23,5432.0,6076.0
닭,2026-02-24,5422.0,6076.0
닭,2026-02-25,5422.0,6116.0
닭,2026-02-26,5422.0,6116.0
닭,2026-02-27,5455.0,6116.0
닭,2026-02-28,5455.0,6116.0
닭,2026-03-01,5790.0,6063.0
닭,2026-03-02,5790.0,6063.0
닭,2026-03-03,5790.0,6063.0
닭,2026-03-04,5790.0,6063.0
닭,2026-03-05,5790.0,6063.0
닭,2026-03-06,6250.0,6063.0
닭,2026-03-07,6250.0,6063.0
닭,2026-03-08,6250.0,6063.0
닭,2026-03-09,6250.0,6063.0
닭,2026-03-10,6250.0,6063.0
닭,2026-03-11,6250.0,6016.0
닭,2026-03-12,6250.0,6016.0
닭,2026-03-13,6500.0,6016.0
닭,2026-03-14,6600.0,5995.0
닭,2026-03-15,6600.0,5995.0
닭,2026-03-16,6600.0,6012.0
닭,2026-03-17,6600.0,6060.0
닭,2026-03-18,6600.0,6060.0
닭,2026-03-19,6700.0,6060.0
닭,2026-03-20,6205.0,5988.0
닭,2026-03-21,6405.0,6056.0
닭,2026-03-22,6405.0,6056.0
닭,2026-03-23,6405.0,6056.0
닭,2026-03-24,6405.0,6056.0
닭,2026-03-25,6405.0,6056.0
닭,2026-03-26,6405.0,6056.0
닭,2026-03-27,6405.0,6061.0
닭,2026-03-28,6405.0,6061.0
닭,2026-03-29,6405.0,5979.0
닭,2026-03-30,6605.0,5979.0
닭,2026-03-31,6605.0,5979.0
닭,2026-04-01,6605.0,5979.0
닭,2026-04-02,6605.0,5979.0
닭,2026-04-03,6605.0,6052.0
닭,2026-04-04,6605.0,6052.0
닭,2026-04-05,6605.0,6052.0
닭,2026-04-06,6605.0,6052.0
닭,2026-04-07,6605.0,6052.0
닭,2026-04-08,6605.0,6280.0
닭,2026-04-09,6605.0,6280.0
닭,2026-04-10,5545.0,6280.0
닭,2026-04-11,5545.0,6280.0
닭,2026-04-12,5545.0,6280.0
닭,2026-04-13,5545.0,6280.0
닭,2026-04-14,5545.0,6280.0
닭,2026-04-15,5545.0,6280.0
닭,2026-04-16,5545.0,6280.0
닭,2026-04-17,5772.0,6186.0
닭,2026-04-18,6308.0,6186.0
닭,2026-04-19,6308.0,6186.0
닭,2026-04-20,6568.0,6186.0
닭,2026-04-21,6568.0,6186.0
닭,2026-04-22,6568.0,6186.0
닭,2026-04-23,6568.0,6186.0
닭,2026-04-24,5727.0,6186.0
닭,2026-04-25,5727.0,6186.0
닭,2026-04-26,5727.0,6253.0
닭,2026-04-27,5727.0,6346.0
닭,2026-04-28,5727.0,6684.0
닭,2026-04-29,5727.0,6321.0
닭,2026-04-30,5727.0,6321.0
닭,2026-05-01,5545.0,6321.0
닭,2026-05-02,5545.0,6266.0
닭,2026-05-03,5545.0,6266.0
닭,2026-05-04,5545.0,6418.0
닭,2026-05-05,5545.0,6418.0
닭,2026-05-06,5545.0,6739.0
닭,2026-05-07,5545.0,6739.0
닭,2026-05-08,5800.0,6739.0
닭,2026-05-09,5800.0,6739.0
닭,2026-05-10,6927.0,6830.0
닭,2026-05-11,6927.0,6836.0
닭,2026-05-12,6927.0,7147.0
닭,2026-05-13,6927.0,7088.0
닭,2026-05-14,6927.0,7088.0
닭,2026-05-15,4855.0,7088.0
닭,2026-05-16,4855.0,6764.0
닭,2026-05-17,4855.0,6764.0
닭,2026-05-18,4855.0,6764.0
닭,2026-05-19,4855.0,6924.0
닭,2026-05-20,4855.0,6691.0
닭,2026-05-21,4855.0,6794.0
닭,2026-05-22,4855.0,6794.0
닭,2026-05-23,4855.0,6794.0
닭,2026-05-24,4855.0,6796.0
닭,2026-05-25,4855.0,6796.0
닭,2026-05-26,4855.0,6796.0
닭,2026-05-27,4855.0,6796.0
닭,2026-05-28,4855.0,6796.0
닭,2026-05-29,6394.0,6796.0
닭,2026-05-30,6927.0,6599.0
닭,2026-05-31,6927.0,6599.0
닭,2026-06-01,6927.0,6599.0
닭,2026-06-02,6927.0,6780.0
닭,2026-06-03,6927.0,6692.0
닭,2026-06-04,6927.0,6692.0
닭,2026-06-05,4855.0,6517.0
닭,2026-06-06,4855.0,6517.0
닭,2026-06-07,4855.0,6517.0
닭,2026-06-08,4855.0,6573.0
닭,2026-06-09,4855.0,6573.0
닭,2026-06-10,4855.0,6589.0
닭,2026-06-11,4855.0,6737.0
닭,2026-06-12,4855.0,6887.0
닭,2026-06-13,4855.0,7103.0
닭,2026-06-14,6023.0,7103.0
닭,2026-06-15,6000.0,7103.0
닭,2026-06-16,6000.0,7103.0
닭,2026-06-17,6000.0,6885.0
닭,2026-06-18,6000.0,6669.0
닭,2026-06-19,6000.0,6669.0
닭,2026-06-20,6000.0,6669.0
닭,2026-06-21,6000.0,6682.0
닭,2026-06-22,6695.0,6457.0
닭,2026-06-23,6695.0,6457.0
닭,2026-06-24,6445.0,6774.0
닭,2026-06-25,6445.0,6774.0
닭,2026-06-26,4855.0,6685.0
닭,2026-06-27,4855.0,6715.0
닭,2026-06-28,4855.0,6592.0
닭,2026-06-29,4855.0,6592.0
닭,2026-06-30,4855.0,6620.0
닭,2026-07-01,4855.0,6620.0
닭,2026-07-02,4855.0,6620.0
닭,2026-07-03,3818.0,6620.0
닭,2026-07-04,3818.0,6734.0
닭,2026-07-05,3818.0,6963.0
닭,2026-07-06,3818.0,6691.0
닭,2026-07-07,3818.0,6650.0
닭,2026-07-08,3818.0,6556.0
닭,2026-07-09,3818.0,6556.0
닭,2026-07-10,5000.0,6493.0
닭,2026-07-11,5000.0,6311.0
닭,2026-07-12,5000.0,6267.0
닭,2026-07-13,5000.0,6267.0
닭,2026-07-14,5000.0,6267.0
닭,2026-07-15,5000.0,6524.0
닭,2026-07-16,5000.0,6304.0
닭,2026-07-17,5750.0,6270.0
닭,2026-07-18,5750.0,6302.0
닭,2026-07-19,5750.0,6302.0
닭,2026-07-20,5306.0,6268.0
닭,2026-07-21,5306.0,6268.0
닭,2026-07-22,5306.0,6268.0
닭,2026-07-23,5306.0,6268.0
닭,2026-07-24,4769.0,6268.0
닭,2026-07-25,4769.0,6091.0
닭,2026-07-26,4769.0,6180.0
닭,2026-07-27,4769.0,6128.0
닭,2026-07-28,4769.0,6128.0
닭,2026-07-29,4769.0,6128.0
닭,2026-07-30,4962.0,6128.0
닭,2026-07-31,5726.0,6128.0
닭,2026-08-01,5955.0,6255.0
닭,2026-08-02,5955.0,6277.0
닭,2026-08-03,5955.0,6200.0
닭,2026-08-04,5955.0,6014.0
닭,2026-08-05,5955.0,6014.0
닭,2026-08-06,6000.0,6014.0
닭,2026-08-07,5650.0,5977.0
닭,2026-08-08,5650.0,6207.0
닭,2026-08-09,5650.0,6018.0
닭,2026-08-10,5276.0,5950.0
닭,2026-08-11,5276.0,5950.0
닭,2026-08-12,5276.0,5950.0
닭,2026-08-13,5276.0,5950.0
닭,2026-08-14,4671.0,5758.0
닭,2026-08-15,4671.0,5839.0
닭,2026-08-16,4671.0,5905.0
닭,2026-08-17,4671.0,6020.0
닭,2026-08-18,4671.0,5585.0
닭,2026-08-19,4571.0,5814.0
닭,2026-08-20,4571.0,5739.0
닭,2026-08-21,4582.0,5739.0
닭,2026-08-22,4582.0,5593.0
닭,2026-08-23,4582.0,5593.0
닭,2026-08-24,4582.0,5796.0
닭,2026-08-25,4582.0,5796.0
닭,2026-08-26,4582.0,5796.0
닭,2026-08-27,4582.0,5796.0
닭,2026-08-28,4582.0,5725.0
닭,2026-08-29,4582.0,5725.0
닭,2026-08-30,4582.0,5725.0
닭,2026-08-31,4582.0,5725.0
닭,2026-09-01,4582.0,5907.0
닭,2026-09-02,4582.0,5907.0
닭,2026-09-03,4582.0,5907.0
닭,2026-09-04,4455.0,5907.0
닭,2026-09-05,4455.0,5814.0
닭,2026-09-06,4455.0,5814.0
닭,2026-09-07,4455.0,5884.0
닭,2026-09-08,4455.0,5884.0
닭,2026-09-09,4455.0,5808.0
닭,2026-09-10,4455.0,5808.0
닭,2026-09-11,4269.0,5647.0
닭,2026-09-12,4269.0,5626.0
닭,2026-09-13,4269.0,5626.0
닭,2026-09-14,4269.0,5626.0
닭,2026-09-15,4269.0,5626.0
닭,2026-09-16,4269.0,5626.0
닭,2026-09-17,4269.0,5626.0
닭,2026-09-18,4455.0,5626.0
닭,2026-09-19,4455.0,5743.0
대파,2023-01-02,3423.0,2994.0
대파,2023-01-03,3423.0,2994.0
대파,2023-01-04,3480.0,2997.0
대파,2023-01-05,3693.0,3002.0
대파,2023-01-06,3693.0,3017.0
대파,2023-01-09,3693.0,3053.0
대파,2023-01-10,3693.0,3051.0
대파,2023-01-11,3693.0,3051.0
대파,2023-01-12,3527.0,3052.0
대파,2023-01-13,3150.0,3055.0
대파,2023-01-16,3450.0,3038.0
대파,2023-01-17,3450.0,3012.0
대파,2023-01-18,3357.0,2992.0
대파,2023-01-19,3303.0,2975.0
대파,2023-01-20,3287.0,2982.0
대파,2023-01-25,3287.0,2988.0
대파,2023-01-26,3333.0,2993.0
대파,2023-01-27,3333.0,2991.0
대파,2023-01-30,3333.0,3049.0
대파,2023-01-31,3390.0,3042.0
대파,2023-02-01,3390.0,3043.0
대파,2023-02-02,3440.0,3057.0
대파,2023-02-03,3440.0,3072.0
대파,2023-02-06,3440.0,3076.0
대파,2023-02-07,3440.0,3089.0
대파,2023-02-08,3440.0,3117.0
대파,2023-02-09,3360.0,2983.0
대파,2023-02-10,3360.0,3033.0
대파,2023-02-13,3360.0,3059.0
대파,2023-02-14,3360.0,3040.0
대파,2023-02-15,3360.0,3021.0
대파,2023-02-16,3260.0,3003.0
대파,2023-02-17,3290.0,3314.0
대파,2023-02-20,3290.0,3301.0
대파,2023-02-21,3290.0,3258.0
대파,2023-02-22,3233.0,3228.0
대파,2023-02-23,3583.0,3213.0
대파,2023-02-24,3583.0,3221.0
대파,2023-02-27,3583.0,3231.0
대파,2023-02-28,3583.0,3238.0
대파,2023-03-02,3560.0,3231.0
대파,2023-03-03,3560.0,3215.0
대파,2023-03-06,3670.0,3150.0
대파,2023-03-07,3727.0,3145.0
대파,2023-03-08,3727.0,3129.0
대파,2023-03-09,4120.0,3116.0
대파,2023-03-10,4120.0,3108.0
대파,2023-03-13,4120.0,3065.0
대파,2023-03-14,4063.0,3038.0
대파,2023-03-15,4063.0,2988.0
대파,2023-03-16,4063.0,2937.0
대파,2023-03-17,4010.0,2891.0
대파,2023-03-20,3843.0,2847.0
대파,2023-03-21,3843.0,2839.0
대파,2023-03-22,3843.0,2832.0
대파,2023-03-23,3777.0,2829.0
대파,2023-03-24,3777.0,2833.0
대파,2023-03-27,3777.0,2811.0
대파,2023-03-28,3777.0,2805.0
대파,2023-03-29,3777.0,2797.0
대파,2023-03-30,3340.0,2788.0
대파,2023-03-31,3183.0,2775.0
대파,2023-04-03,3340.0,2743.0
대파,2023-04-04,3340.0,2734.0
대파,2023-04-05,3380.0,2723.0
대파,2023-04-06,3187.0,2708.0
대파,2023-04-07,3187.0,2694.0
대파,2023-04-10,3187.0,2672.0
대파,2023-04-11,3187.0,2678.0
대파,2023-04-12,3187.0,2685.0
대파,2023-04-13,3160.0,2694.0
대파,2023-04-14,3120.0,2689.0
대파,2023-04-17,3120.0,2711.0
대파,2023-04-18,3077.0,2717.0
대파,2023-04-19,3077.0,2721.0
대파,2023-04-20,3097.0,2721.0
대파,2023-04-21,3097.0,2723.0
대파,2023-04-24,3097.0,2700.0
대파,2023-04-25,3097.0,2696.0
대파,2023-04-26,3097.0,2689.0
대파,2023-04-27,2540.0,2682.0
대파,2023-04-28,2540.0,2674.0
대파,2023-05-02,2540.0,2590.0
대파,2023-05-03,2840.0,2570.0
대파,2023-05-04,2840.0,2533.0
대파,2023-05-08,2983.0,2506.0
대파,2023-05-09,3067.0,2513.0
대파,2023-05-10,3067.0,2537.0
대파,2023-05-11,3737.0,2563.0
대파,2023-05-12,3737.0,2584.0
대파,2023-05-15,3637.0,2625.0
대파,2023-05-16,3593.0,2624.0
대파,2023-05-17,3510.0,2619.0
대파,2023-05-18,3357.0,2599.0
대파,2023-05-19,3317.0,2585.0
대파,2023-05-22,3317.0,2611.0
대파,2023-05-23,3273.0,2636.0
대파,2023-05-24,3273.0,2645.0
대파,2023-05-25,3077.0,2659.0
대파,2023-05-26,3077.0,2670.0
대파,2023-05-30,3160.0,2685.0
대파,2023-05-31,3160.0,2704.0
대파,2023-06-01,3093.0,2731.0
대파,2023-06-02,3170.0,2757.0
대파,2023-06-05,3170.0,2805.0
대파,2023-06-07,3170.0,2807.0
대파,2023-06-08,3203.0,2797.0
대파,2023-06-09,3203.0,2768.0
대파,2023-06-12,3203.0,2701.0
대파,2023-06-13,3203.0,2697.0
대파,2023-06-14,3163.0,2705.0
대파,2023-06-15,2823.0,2707.0
대파,2023-06-16,2823.0,2700.0
대파,2023-06-19,2997.0,2721.0
대파,2023-06-20,2997.0,2728.0
대파,2023-06-21,2997.0,2732.0
대파,2023-06-22,2900.0,2719.0
대파,2023-06-23,2727.0,2724.0
대파,2023-06-26,2767.0,2712.0
대파,2023-06-27,2967.0,2690.0
대파,2023-06-28,2967.0,2659.0
대파,2023-06-29,3263.0,2618.0
대파,2023-06-30,3263.0,2576.0
대파,2023-07-03,3887.0,2555.0
대파,2023-07-04,3887.0,2562.0
대파,2023-07-05,3847.0,2570.0
대파,2023-07-06,3703.0,2563.0
대파,2023-07-07,3703.0,2561.0
대파,2023-07-10,3703.0,2532.0
대파,2023-07-11,3660.0,2520.0
대파,2023-07-12,3660.0,2520.0
대파,2023-07-13,3627.0,2515.0
대파,2023-07-14,3493.0,2527.0
대파,2023-07-17,3570.0,2610.0
대파,2023-07-18,3610.0,2631.0
대파,2023-07-19,3610.0,2649.0
대파,2023-07-20,3343.0,2674.0
대파,2023-07-21,3343.0,2695.0
대파,2023-07-24,3343.0,2706.0
대파,2023-07-25,3343.0,2683.0
대파,2023-07-26,3343.0,2656.0
대파,2023-07-27,3344.0,2630.0
대파,2023-07-28,3425.0,2607.0
대파,2023-07-31,3505.0,2598.0
대파,2023-08-01,3505.0,2617.0
대파,2023-08-02,3505.0,2634.0
대파,2023-08-03,4090.0,2657.0
대파,2023-08-04,4090.0,2686.0
대파,2023-08-07,4090.0,2791.0
대파,2023-08-08,4107.0,2824.0
대파,2023-08-09,4117.0,2855.0
대파,2023-08-10,4083.0,2879.0
대파,2023-08-11,4083.0,2936.0
대파,2023-08-14,4067.0,2995.0
대파,2023-08-16,4050.0,3014.0
대파,2023-08-17,4180.0,3037.0
대파,2023-08-18,4157.0,3052.0
대파,2023-08-21,4157.0,3074.0
대파,2023-08-22,4157.0,3074.0
대파,2023-08-23,4157.0,3075.0
대파,2023-08-24,3867.0,3123.0
대파,2023-08-25,3867.0,3145.0
대파,2023-08-28,3857.0,3253.0
대파,2023-08-29,3857.0,3317.0
대파,2023-08-30,3933.0,3415.0
대파,2023-08-31,3933.0,3425.0
대파,2023-09-01,3933.0,3406.0
대파,2023-09-04,3783.0,3457.0
대파,2023-09-05,3783.0,3479.0
대파,2023-09-06,3783.0,3490.0
대파,2023-09-07,3680.0,3506.0
대파,2023-09-08,3760.0,3548.0
대파,2023-09-11,3760.0,3609.0
대파,2023-09-12,3760.0,3635.0
대파,2023-09-13,3760.0,3622.0
대파,2023-09-14,3645.0,3592.0
대파,2023-09-15,3157.0,3565.0
대파,2023-09-18,3113.0,3473.0
대파,2023-09-19,3113.0,3441.0
대파,2023-09-20,3113.0,3422.0
대파,2023-09-21,3793.0,3418.0
대파,2023-09-22,3837.0,3419.0
대파,2023-09-23,3723.0,3432.0
대파,2023-09-25,3723.0,3480.0
대파,2023-09-26,3787.0,3487.0
대파,2023-09-27,3787.0,3463.0
대파,2023-10-04,4023.0,3432.0
대파,2023-10-05,4203.0,3438.0
대파,2023-10-06,4203.0,3450.0
대파,2023-10-10,4203.0,3411.0
대파,2023-10-11,4203.0,3397.0
대파,2023-10-12,4370.0,3389.0
대파,2023-10-13,4137.0,3402.0
대파,2023-10-16,4367.0,3368.0
대파,2023-10-17,4367.0,3363.0
대파,2023-10-18,4367.0,3359.0
대파,2023-10-19,4457.0,3354.0
대파,2023-10-20,4057.0,3311.0
대파,2023-10-23,4057.0,3299.0
대파,2023-10-24,4057.0,3272.0
대파,2023-10-25,4077.0,3242.0
대파,2023-10-26,4590.0,3219.0
대파,2023-10-27,4697.0,3204.0
대파,2023-10-30,4697.0,3216.0
대파,2023-10-31,4740.0,3224.0
대파,2023-11-01,4740.0,3232.0
대파,2023-11-02,3600.0,3238.0
대파,2023-11-03,3600.0,3246.0
대파,2023-11-06,3600.0,3234.0
대파,2023-11-07,3600.0,3245.0
대파,2023-11-08,3600.0,3257.0
대파,2023-11-09,3787.0,3265.0
대파,2023-11-10,3787.0,3260.0
대파,2023-11-13,3787.0,3262.0
대파,2023-11-14,3743.0,3248.0
대파,2023-11-15,3743.0,3229.0
대파,2023-11-16,3943.0,3211.0
대파,2023-11-17,3943.0,3216.0
대파,2023-11-20,3943.0,3266.0
대파,2023-11-21,3943.0,3268.0
대파,2023-11-22,3943.0,3272.0
대파,2023-11-23,3910.0,3265.0
대파,2023-11-24,3837.0,3258.0
대파,2023-11-27,3837.0,3263.0
대파,2023-11-28,3837.0,3235.0
대파,2023-11-29,3837.0,3217.0
대파,2023-11-30,4433.0,3200.0
대파,2023-12-04,4433.0,3177.0
대파,2023-12-05,4433.0,3208.0
대파,2023-12-06,4433.0,3226.0
대파,2023-12-07,3817.0,3229.0
대파,2023-12-08,3817.0,3210.0
대파,2023-12-11,3817.0,3126.0
대파,2023-12-12,3817.0,3109.0
대파,2023-12-13,3817.0,3099.0
대파,2023-12-14,4187.0,3088.0
대파,2023-12-15,4187.0,3072.0
대파,2023-12-18,3737.0,3068.0
대파,2023-12-19,3780.0,3079.0
대파,2023-12-20,3863.0,3091.0
대파,2023-12-21,4760.0,3100.0
대파,2023-12-22,5067.0,3120.0
대파,2023-12-26,5150.0,3108.0
대파,2023-12-27,5150.0,3094.0
대파,2023-12-28,5653.0,3092.0
대파,2023-12-29,5653.0,3084.0
대파,2024-01-02,6300.0,3069.0
대파,2024-01-03,6300.0,3103.0
대파,2024-01-04,5277.0,3121.0
대파,2024-01-05,4493.0,3142.0
대파,2024-01-08,4493.0,3214.0
대파,2024-01-09,4493.0,3227.0
대파,2024-01-10,4493.0,3217.0
대파,2024-01-11,4213.0,3191.0
대파,2024-01-12,4213.0,3182.0
대파,2024-01-15,4213.0,3161.0
대파,2024-01-16,4213.0,3145.0
대파,2024-01-17,4130.0,3112.0
대파,2024-01-18,3753.0,3105.0
대파,2024-01-19,3753.0,3086.0
대파,2024-01-22,3753.0,3081.0
대파,2024-01-23,3713.0,3071.0
대파,2024-01-24,3713.0,3066.0
대파,2024-01-25,4050.0,3061.0
대파,2024-01-26,4133.0,3057.0
대파,2024-01-29,4133.0,3096.0
대파,2024-01-30,4133.0,3119.0
대파,2024-01-31,4133.0,3117.0
대파,2024-02-01,3900.0,3126.0
대파,2024-02-02,3900.0,3148.0
대파,2024-02-05,3900.0,3168.0
대파,2024-02-06,3900.0,3144.0
대파,2024-02-07,3900.0,3115.0
대파,2024-02-08,3900.0,3102.0
대파,2024-02-13,6120.0,2866.0
대파,2024-02-14,5727.0,2842.0
대파,2024-02-15,5320.0,2819.0
대파,2024-02-16,5103.0,2798.0
대파,2024-02-19,5203.0,2991.0
대파,2024-02-20,5160.0,2965.0
대파,2024-02-21,5160.0,2955.0
대파,2024-02-22,5090.0,2953.0
대파,2024-02-23,5050.0,2961.0
대파,2024-02-26,4750.0,3013.0
대파,2024-02-27,4750.0,3019.0
대파,2024-02-28,4750.0,3033.0
대파,2024-02-29,4093.0,2190.0
대파,2024-03-04,3790.0,3025.0
대파,2024-03-05,3790.0,3009.0
대파,2024-03-06,4050.0,3012.0
대파,2024-03-07,4628.0,3057.0
대파,2024-03-08,4793.0,3084.0
대파,2024-03-11,4793.0,3139.0
대파,2024-03-12,4627.0,3137.0
대파,2024-03-13,4627.0,3132.0
대파,2024-03-14,3333.0,3127.0
대파,2024-03-15,3413.0,3103.0
대파,2024-03-18,3310.0,3026.0
대파,2024-03-19,3307.0,3028.0
대파,2024-03-20,3307.0,3023.0
대파,2024-03-21,3120.0,3008.0
대파,2024-03-22,3163.0,2997.0
대파,2024-03-25,3120.0,2984.0
대파,2024-03-26,3120.0,2973.0
대파,2024-03-27,2913.0,2963.0
대파,2024-03-28,3170.0,2937.0
대파,2024-03-29,3170.0,2908.0
대파,2024-04-01,3170.0,2837.0
대파,2024-04-02,2960.0,2824.0
대파,2024-04-03,3337.0,2822.0
대파,2024-04-04,3250.0,2807.0
대파,2024-04-05,3250.0,2793.0
대파,2024-04-08,3250.0,2721.0
대파,2024-04-09,3250.0,2714.0
대파,2024-04-11,3093.0,2739.0
대파,2024-04-12,2927.0,2752.0
대파,2024-04-15,2927.0,2765.0
대파,2024-04-16,2927.0,2775.0
대파,2024-04-17,2927.0,2771.0
대파,2024-04-18,2253.0,2766.0
대파,2024-04-19,2253.0,2761.0
대파,2024-04-22,2253.0,2744.0
대파,2024-04-23,2253.0,2739.0
대파,2024-04-24,2253.0,2736.0
대파,2024-04-25,2760.0,2708.0
대파,2024-04-26,2760.0,2677.0
대파,2024-04-29,2760.0,2588.0
대파,2024-04-30,2760.0,2566.0
대파,2024-05-02,3120.0,2562.0
대파,2024-05-03,3013.0,2565.0
대파,2024-05-07,3130.0,2548.0
대파,2024-05-08,3173.0,2562.0
대파,2024-05-09,3237.0,2605.0
대파,2024-05-10,3183.0,2665.0
대파,2024-05-13,3183.0,2806.0
대파,2024-05-14,3183.0,2837.0
대파,2024-05-16,3247.0,2819.0
대파,2024-05-17,3050.0,2799.0
대파,2024-05-20,3247.0,2740.0
대파,2024-05-21,3247.0,2747.0
대파,2024-05-22,3247.0,2758.0
대파,2024-05-23,3247.0,2762.0
대파,2024-05-24,3323.0,2760.0
대파,2024-05-27,3280.0,2746.0
대파,2024-05-28,3317.0,2741.0
대파,2024-05-29,3317.0,2743.0
대파,2024-05-30,2983.0,2763.0
대파,2024-05-31,2640.0,2777.0
대파,2024-06-03,2873.0,2852.0
대파,2024-06-04,2873.0,2872.0
대파,2024-06-05,2873.0,2880.0
대파,2024-06-07,3297.0,2883.0
대파,2024-06-10,3297.0,2845.0
대파,2024-06-11,3453.0,2832.0
대파,2024-06-12,3453.0,2820.0
대파,2024-06-13,3370.0,2798.0
대파,2024-06-14,3370.0,2777.0
대파,2024-06-17,3370.0,2731.0
대파,2024-06-18,3370.0,2737.0
대파,2024-06-19,3370.0,2751.0
대파,2024-06-20,2553.0,2761.0
대파,2024-06-21,2553.0,2762.0
대파,2024-06-24,2513.0,2755.0
대파,2024-06-25,2517.0,2748.0
대파,2024-06-26,2513.0,2747.0
대파,2024-06-27,2517.0,2757.0
대파,2024-06-28,3013.0,2765.0
대파,2024-07-01,3013.0,2671.0
대파,2024-07-02,3013.0,2622.0
대파,2024-07-03,3013.0,2597.0
대파,2024-07-04,3517.0,2582.0
대파,2024-07-05,3517.0,2972.0
대파,2024-07-08,3517.0,2944.0
대파,2024-07-09,3517.0,2950.0
대파,2024-07-10,3517.0,2956.0
대파,2024-07-11,3450.0,2951.0
대파,2024-07-12,3450.0,2948.0
대파,2024-07-15,3450.0,2952.0
대파,2024-07-16,3450.0,2964.0
대파,2024-07-17,3450.0,2979.0
대파,2024-07-18,3043.0,2939.0
대파,2024-07-19,2937.0,2897.0
대파,2024-07-22,2937.0,2754.0
대파,2024-07-23,3237.0,2756.0
대파,2024-07-24,3237.0,2749.0
대파,2024-07-25,3233.0,2781.0
대파,2024-07-26,3233.0,2815.0
대파,2024-07-29,3233.0,2935.0
대파,2024-07-30,3233.0,2928.0
대파,2024-07-31,3233.0,2930.0
대파,2024-08-01,3253.0,2986.0
대파,2024-08-02,3253.0,3038.0
대파,2024-08-05,3253.0,3194.0
대파,2024-08-06,3253.0,3223.0
대파,2024-08-07,3253.0,3253.0
대파,2024-08-08,2927.0,3259.0
대파,2024-08-09,2973.0,3259.0
대파,2024-08-12,2973.0,3313.0
대파,2024-08-13,3567.0,3345.0
대파,2024-08-14,3567.0,3401.0
대파,2024-08-16,3060.0,3433.0
대파,2024-08-19,3350.0,3530.0
대파,2024-08-20,3350.0,3542.0
대파,2024-08-21,3350.0,3553.0
대파,2024-08-22,3095.0,3518.0
대파,2024-08-23,2973.0,3485.0
대파,2024-08-26,2973.0,3388.0
대파,2024-08-27,3683.0,3379.0
대파,2024-08-28,3683.0,3372.0
대파,2024-08-29,3727.0,3371.0
대파,2024-08-30,3430.0,3371.0
대파,2024-09-02,3727.0,3362.0
대파,2024-09-03,3727.0,3376.0
대파,2024-09-04,3727.0,3394.0
대파,2024-09-05,3610.0,3409.0
대파,2024-09-06,3197.0,3423.0
대파,2024-09-09,3197.0,3478.0
대파,2024-09-10,3197.0,3498.0
대파,2024-09-11,3197.0,3505.0
대파,2024-09-12,3963.0,3455.0
대파,2024-09-13,3963.0,3379.0
대파,2024-09-19,4237.0,3131.0
대파,2024-09-20,3853.0,3191.0
대파,2024-09-23,4237.0,3387.0
대파,2024-09-24,4237.0,3398.0
대파,2024-09-25,4233.0,3413.0
대파,2024-09-26,4280.0,3424.0
대파,2024-09-27,4280.0,3437.0
대파,2024-09-30,4197.0,3427.0
대파,2024-10-02,4197.0,3426.0
대파,2024-10-04,3803.0,3449.0
대파,2024-10-07,3803.0,3538.0
대파,2024-10-08,3803.0,3538.0
대파,2024-10-10,3973.0,3545.0
대파,2024-10-11,3930.0,3546.0
대파,2024-10-14,3930.0,3590.0
대파,2024-10-15,3930.0,3604.0
대파,2024-10-16,3930.0,3599.0
대파,2024-10-17,3670.0,3616.0
대파,2024-10-18,3670.0,3601.0
대파,2024-10-21,3670.0,3519.0
대파,2024-10-22,3670.0,3519.0
대파,2024-10-23,3670.0,3508.0
대파,2024-10-24,3983.0,3506.0
대파,2024-10-25,3983.0,3555.0
대파,2024-10-28,3983.0,3735.0
대파,2024-10-29,4063.0,3732.0
대파,2024-10-30,4063.0,3738.0
대파,2024-10-31,4153.0,3674.0
대파,2024-11-01,4153.0,3595.0
대파,2024-11-04,4153.0,3347.0
대파,2024-11-05,4113.0,3347.0
대파,2024-11-06,4113.0,3348.0
대파,2024-11-07,3053.0,3363.0
대파,2024-11-08,3053.0,3379.0
대파,2024-11-11,3053.0,3390.0
대파,2024-11-12,3053.0,3385.0
대파,2024-11-13,3010.0,3376.0
대파,2024-11-14,3483.0,3373.0
대파,2024-11-15,3483.0,3376.0
대파,2024-11-18,3483.0,3455.0
대파,2024-11-19,3483.0,3467.0
대파,2024-11-20,3483.0,3478.0
대파,2024-11-21,3253.0,3478.0
대파,2024-11-22,3253.0,3480.0
대파,2024-11-25,3250.0,3485.0
대파,2024-11-26,3250.0,3490.0
대파,2024-11-27,3377.0,3488.0
대파,2024-11-28,3607.0,3508.0
대파,2024-11-29,3607.0,3531.0
대파,2024-12-02,3840.0,3568.0
대파,2024-12-03,3840.0,3553.0
대파,2024-12-04,3840.0,3546.0
대파,2024-12-05,4320.0,3545.0
대파,2024-12-09,4320.0,3401.0
대파,2024-12-10,4320.0,3374.0
대파,2024-12-11,4320.0,3363.0
대파,2024-12-12,4400.0,3362.0
대파,2024-12-13,4440.0,3370.0
대파,2024-12-16,4400.0,3348.0
대파,2024-12-17,4317.0,3337.0
대파,2024-12-18,4317.0,3329.0
대파,2024-12-19,4317.0,3360.0
대파,2024-12-20,4317.0,3424.0
대파,2024-12-23,4357.0,3636.0
대파,2024-12-24,4220.0,3634.0
대파,2024-12-26,4337.0,3685.0
대파,2024-12-27,4337.0,3756.0
대파,2024-12-30,4140.0,3928.0
대파,2024-12-31,4140.0,3915.0
대파,2025-01-02,3820.0,3842.0
대파,2025-01-03,3820.0,3807.0
대파,2025-01-06,3820.0,3624.0
대파,2025-01-07,3820.0,3648.0
대파,2025-01-08,3820.0,3662.0
대파,2025-01-09,3737.0,3616.0
대파,2025-01-10,3737.0,3580.0
대파,2025-01-13,3737.0,3495.0
대파,2025-01-14,3737.0,3496.0
대파,2025-01-15,3737.0,3505.0
대파,2025-01-16,3343.0,3480.0
대파,2025-01-17,3343.0,3437.0
대파,2025-01-20,3343.0,3386.0
대파,2025-01-21,3343.0,3393.0
대파,2025-01-22,3343.0,3394.0
대파,2025-01-23,3420.0,3405.0
대파,2025-01-24,3420.0,3420.0
대파,2025-01-31,3773.0,3495.0
대파,2025-02-03,3793.0,3585.0
대파,2025-02-04,3793.0,3600.0
대파,2025-02-05,3793.0,3615.0
대파,2025-02-06,4140.0,3601.0
대파,2025-02-07,3930.0,3717.0
대파,2025-02-10,3970.0,3620.0
대파,2025-02-11,4163.0,3609.0
대파,2025-02-12,4163.0,3602.0
대파,2025-02-13,4297.0,3623.0
대파,2025-02-14,4297.0,3705.0
대파,2025-02-17,4297.0,3770.0
대파,2025-02-18,4297.0,3780.0
대파,2025-02-19,4297.0,3791.0
대파,2025-02-20,4503.0,3777.0
대파,2025-02-21,4503.0,3779.0
대파,2025-02-24,4503.0,3718.0
대파,2025-02-25,4503.0,3748.0
대파,2025-02-26,4463.0,3743.0
대파,2025-02-27,3890.0,3690.0
대파,2025-02-28,3500.0,3610.0
대파,2025-03-04,3540.0,3505.0
대파,2025-03-05,3583.0,3487.0
대파,2025-03-06,4420.0,3510.0
대파,2025-03-07,4420.0,3584.0
대파,2025-03-10,4420.0,3730.0
대파,2025-03-11,4377.0,3746.0
대파,2025-03-12,4377.0,3661.0
대파,2025-03-13,4377.0,3580.0
대파,2025-03-14,4377.0,3484.0
대파,2025-03-17,4377.0,3224.0
대파,2025-03-18,4377.0,3201.0
대파,2025-03-19,4377.0,3176.0
대파,2025-03-20,4503.0,3140.0
대파,2025-03-21,4503.0,3118.0
대파,2025-03-24,4463.0,3082.0
대파,2025-03-25,4463.0,3069.0
대파,2025-03-26,4463.0,3075.0
대파,2025-03-27,3510.0,3078.0
대파,2025-03-28,3510.0,3068.0
대파,2025-03-31,2837.0,3011.0
대파,2025-04-01,2837.0,2996.0
대파,2025-04-02,2837.0,2993.0
대파,2025-04-03,2920.0,2996.0
대파,2025-04-04,2573.0,2991.0
대파,2025-04-07,3653.0,2964.0
대파,2025-04-08,3693.0,2941.0
대파,2025-04-09,3693.0,2921.0
대파,2025-04-10,3413.0,2916.0
대파,2025-04-11,3413.0,2907.0
대파,2025-04-14,3413.0,2890.0
대파,2025-04-15,3413.0,2891.0
대파,2025-04-16,3413.0,2855.0
대파,2025-04-17,3073.0,2827.0
대파,2025-04-18,2990.0,2804.0
대파,2025-04-21,2990.0,2757.0
대파,2025-04-22,2990.0,2762.0
대파,2025-04-23,2990.0,2773.0
대파,2025-04-24,2430.0,2784.0
대파,2025-04-25,2430.0,2776.0
대파,2025-04-28,2430.0,2763.0
대파,2025-04-29,2930.0,2786.0
대파,2025-04-30,2930.0,2818.0
대파,2025-05-02,2193.0,2860.0
대파,2025-05-07,2150.0,2924.0
대파,2025-05-08,2310.0,2934.0
대파,2025-05-09,2333.0,2981.0
대파,2025-05-12,2333.0,3061.0
대파,2025-05-13,2333.0,3061.0
대파,2025-05-14,2333.0,3047.0
대파,2025-05-15,2770.0,3030.0
대파,2025-05-16,2770.0,3012.0
대파,2025-05-19,2770.0,2899.0
대파,2025-05-20,2770.0,2898.0
대파,2025-05-21,2770.0,2886.0
대파,2025-05-22,2473.0,2902.0
대파,2025-05-23,2473.0,2916.0
대파,2025-05-26,2473.0,2919.0
대파,2025-05-27,2473.0,2906.0
대파,2025-05-28,2473.0,2892.0
대파,2025-05-29,2040.0,2855.0
대파,2025-05-30,2040.0,2819.0
대파,2025-06-02,2040.0,2768.0
대파,2025-06-04,2040.0,2853.0
대파,2025-06-05,2457.0,2916.0
대파,2025-06-09,2457.0,3027.0
대파,2025-06-10,2457.0,3031.0
대파,2025-06-11,2457.0,3081.0
대파,2025-06-12,2613.0,3073.0
대파,2025-06-13,2587.0,3061.0
대파,2025-06-16,2770.0,3011.0
대파,2025-06-17,2770.0,2990.0
대파,2025-06-18,2853.0,2900.0
대파,2025-06-19,2943.0,2825.0
대파,2025-06-20,2943.0,2759.0
대파,2025-06-23,2983.0,2604.0
대파,2025-06-24,3027.0,2603.0
대파,2025-06-25,3027.0,2603.0
대파,2025-06-26,3223.0,2667.0
대파,2025-06-27,3223.0,2739.0
대파,2025-06-30,3223.0,2798.0
대파,2025-07-01,3223.0,2778.0
대파,2025-07-02,3223.0,2832.0
대파,2025-07-03,2773.0,2860.0
대파,2025-07-04,2773.0,2893.0
대파,2025-07-07,2820.0,3018.0
대파,2025-07-08,2820.0,3016.0
대파,2025-07-09,2820.0,3008.0
대파,2025-07-10,2803.0,3002.0
대파,2025-07-11,2803.0,2991.0
대파,2025-07-14,2803.0,2978.0
대파,2025-07-15,2803.0,2985.0
대파,2025-07-16,2803.0,2974.0
대파,2025-07-17,2433.0,2961.0
대파,2025-07-18,2433.0,2926.0
대파,2025-07-21,3067.0,2846.0
대파,2025-07-22,3067.0,2836.0
대파,2025-07-23,3067.0,2846.0
대파,2025-07-24,3253.0,2851.0
대파,2025-07-25,3253.0,2869.0
대파,2025-07-28,3253.0,2906.0
대파,2025-07-29,3210.0,2916.0
대파,2025-07-30,3210.0,2915.0
대파,2025-07-31,3307.0,2924.0
대파,2025-08-01,3307.0,2960.0
대파,2025-08-04,3350.0,3062.0
대파,2025-08-05,3390.0,3097.0
대파,2025-08-06,3390.0,3097.0
대파,2025-08-07,4037.0,3099.0
대파,2025-08-08,4080.0,3095.0
대파,2025-08-11,4080.0,3142.0
대파,2025-08-12,4080.0,3190.0
대파,2025-08-13,4080.0,3225.0
대파,2025-08-14,3793.0,3277.0
대파,2025-08-18,3793.0,3348.0
대파,2025-08-19,3793.0,3359.0
대파,2025-08-20,3793.0,3373.0
대파,2025-08-21,3793.0,3388.0
대파,2025-08-22,3793.0,3364.0
대파,2025-08-25,3793.0,3343.0
대파,2025-08-26,3793.0,3362.0
대파,2025-08-27,3793.0,3371.0
대파,2025-08-28,3657.0,3384.0
대파,2025-08-29,3613.0,3415.0
대파,2025-09-01,3613.0,3404.0
대파,2025-09-02,3613.0,3415.0
대파,2025-09-03,3613.0,3428.0
대파,2025-09-04,2713.0,3432.0
대파,2025-09-05,2713.0,3413.0
대파,2025-09-08,2713.0,3401.0
대파,2025-09-09,3130.0,3428.0
대파,2025-09-10,3130.0,3463.0
대파,2025-09-11,3203.0,3517.0
대파,2025-09-12,3203.0,3553.0
대파,2025-09-15,3523.0,3501.0
대파,2025-09-16,3523.0,3458.0
대파,2025-09-17,3523.0,3445.0
대파,2025-09-18,3483.0,3429.0
대파,2025-09-19,3527.0,3432.0
대파,2025-09-22,3527.0,3553.0
대파,2025-09-23,3527.0,3595.0
대파,2025-09-24,3527.0,3603.0
대파,2025-09-25,3610.0,3636.0
대파,2025-09-26,3610.0,3645.0
대파,2025-09-29,3610.0,3642.0
대파,2025-09-30,3610.0,3617.0
대파,2025-10-01,3610.0,3605.0
대파,2025-10-02,3610.0,3593.0
대파,2025-10-10,3610.0,3631.0
대파,2025-10-13,3610.0,3666.0
대파,2025-10-14,3697.0,3679.0
대파,2025-10-15,3697.0,3689.0
대파,2025-10-16,4083.0,3680.0
대파,2025-10-17,3793.0,3683.0
대파,2025-10-20,4043.0,3640.0
대파,2025-10-21,4043.0,3632.0
대파,2025-10-22,4043.0,3647.0
대파,2025-10-23,4143.0,3658.0
대파,2025-10-24,3793.0,3674.0
대파,2025-10-27,3793.0,3795.0
대파,2025-10-28,4000.0,3832.0
대파,2025-10-29,4000.0,3839.0
대파,2025-10-30,2450.0,3852.0
대파,2025-10-31,2450.0,3821.0
대파,2025-11-03,3403.0,3681.0
대파,2025-11-04,3403.0,3626.0
대파,2025-11-05,3403.0,3572.0
대파,2025-11-06,3277.0,3518.0
대파,2025-11-07,3210.0,3472.0
대파,2025-11-10,3210.0,3405.0
대파,2025-11-11,3210.0,3401.0
대파,2025-11-12,3210.0,3426.0
대파,2025-11-13,3363.0,3448.0
대파,2025-11-14,3363.0,3476.0
대파,2025-11-17,3363.0,3592.0
대파,2025-11-18,3363.0,3621.0
대파,2025-11-19,3363.0,3623.0
대파,2025-11-20,3903.0,3624.0
대파,2025-11-21,3947.0,3609.0
대파,2025-11-24,3947.0,3589.0
대파,2025-11-25,3860.0,3596.0
대파,2025-11-26,3860.0,3617.0
대파,2025-11-27,3207.0,3631.0
대파,2025-11-28,3207.0,3665.0
대파,2025-12-01,3207.0,3753.0
대파,2025-12-02,3207.0,3748.0
대파,2025-12-03,3247.0,3748.0
대파,2025-12-04,3197.0,3775.0
대파,2025-12-08,3197.0,3709.0
대파,2025-12-09,3863.0,3646.0
대파,2025-12-10,3863.0,3632.0
대파,2025-12-11,3900.0,3616.0
대파,2025-12-12,3900.0,3614.0
대파,2025-12-15,4223.0,3598.0
대파,2025-12-16,4223.0,3595.0
대파,2025-12-17,4223.0,3586.0
대파,2025-12-18,4307.0,3580.0
대파,2025-12-19,4307.0,3603.0
대파,2025-12-22,4307.0,3756.0
대파,2025-12-23,4267.0,3787.0
대파,2025-12-24,4267.0,3789.0
대파,2025-12-26,3820.0,3803.0
대파,2025-12-29,3820.0,3896.0
대파,2025-12-30,3820.0,3907.0
대파,2025-12-31,3903.0,3881.0
대파,2026-01-02,4170.0,3829.0
대파,2026-01-05,4170.0,3784.0
대파,2026-01-06,4170.0,3764.0
대파,2026-01-07,4210.0,3808.0
대파,2026-01-08,3710.0,3849.0
대파,2026-01-09,3710.0,3835.0
대파,2026-01-12,3670.0,3814.0
대파,2026-01-13,3670.0,3809.0
대파,2026-01-14,3710.0,3787.0
대파,2026-01-15,3657.0,3775.0
대파,2026-01-16,3657.0,3733.0
대파,2026-01-19,3657.0,3639.0
대파,2026-01-20,3657.0,3649.0
대파,2026-01-21,3657.0,3663.0
대파,2026-01-22,3660.0,3662.0
대파,2026-01-23,3660.0,3675.0
대파,2026-01-26,3660.0,3729.0
대파,2026-01-27,3660.0,3750.0
대파,2026-01-28,3660.0,3774.0
대파,2026-01-29,3393.0,3796.0
대파,2026-01-30,3393.0,3807.0
대파,2026-02-02,3393.0,3900.0
대파,2026-02-03,3393.0,3958.0
대파,2026-02-04,3393.0,4049.0
대파,2026-02-05,3427.0,4115.0
대파,2026-02-06,3427.0,4157.0
대파,2026-02-09,3427.0,4213.0
대파,2026-02-10,3427.0,4215.0
대파,2026-02-11,3427.0,4218.0
대파,2026-02-12,3997.0,4236.0
대파,2026-02-13,3997.0,4275.0
대파,2026-02-19,3943.0,4413.0
대파,2026-02-20,3943.0,4408.0
대파,2026-02-23,3943.0,4426.0
대파,2026-02-24,3943.0,4435.0
대파,2026-02-25,3943.0,4424.0
대파,2026-02-26,3723.0,4365.0
대파,2026-02-27,3723.0,4260.0
대파,2026-03-03,3943.0,3996.0
대파,2026-03-04,3943.0,4044.0
대파,2026-03-05,3987.0,4076.0
대파,2026-03-06,3947.0,4173.0
대파,2026-03-09,3947.0,4537.0
대파,2026-03-10,3947.0,4560.0
대파,2026-03-11,3947.0,4584.0
대파,2026-03-12,4080.0,4518.0
대파,2026-03-13,4080.0,4448.0
대파,2026-03-16,4037.0,4226.0
대파,2026-03-17,4037.0,4196.0
대파,2026-03-18,4037.0,4174.0
대파,2026-03-19,4037.0,4165.0
대파,2026-03-20,4037.0,4141.0
대파,2026-03-23,4037.0,4110.0
대파,2026-03-24,4037.0,4105.0
대파,2026-03-25,4037.0,4018.0
대파,2026-03-26,3507.0,3932.0
대파,2026-03-27,3467.0,3818.0
대파,2026-03-30,3467.0,3531.0
대파,2026-03-31,3467.0,3486.0
대파,2026-04-01,3467.0,3435.0
대파,2026-04-02,3690.0,3418.0
대파,2026-04-03,3690.0,3489.0
대파,2026-04-06,3690.0,3563.0
대파,2026-04-07,3690.0,3581.0
대파,2026-04-08,3607.0,3600.0
대파,2026-04-09,3827.0,3631.0
대파,2026-04-10,3827.0,3607.0
대파,2026-04-13,3827.0,3538.0
대파,2026-04-14,3827.0,3536.0
대파,2026-04-15,3827.0,3507.0
대파,2026-04-16,3607.0,3454.0
대파,2026-04-17,3580.0,3403.0
대파,2026-04-20,3580.0,3276.0
대파,2026-04-21,3580.0,3277.0
대파,2026-04-22,3580.0,3243.0
대파,2026-04-23,3137.0,3216.0
대파,2026-04-24,3137.0,3200.0
대파,2026-04-27,3137.0,3186.0
대파,2026-04-28,3120.0,3167.0
대파,2026-04-29,3120.0,3163.0
대파,2026-04-30,3343.0,3174.0
대파,2026-05-04,3343.0,3297.0
대파,2026-05-06,3427.0,3276.0
대파,2026-05-07,3470.0,3245.0
대파,2026-05-08,3470.0,3234.0
대파,2026-05-11,3403.0,3353.0
대파,2026-05-12,3403.0,3350.0
대파,2026-05-13,3387.0,3386.0
대파,2026-05-14,3430.0,3381.0
대파,2026-05-15,3430.0,3359.0
대파,2026-05-18,3430.0,3236.0
대파,2026-05-19,3430.0,3199.0
대파,2026-05-20,3430.0,3161.0
대파,2026-05-21,3477.0,3113.0
대파,2026-05-22,3477.0,3087.0
대파,2026-05-26,3520.0,3022.0
대파,2026-05-27,3520.0,3007.0
대파,2026-05-28,3240.0,2983.0
대파,2026-05-29,3240.0,2941.0
대파,2026-06-01,3240.0,2893.0
대파,2026-06-02,3365.0,2921.0
대파,2026-06-04,3500.0,2996.0
대파,2026-06-05,3500.0,3062.0
대파,2026-06-08,3500.0,3149.0
대파,2026-06-09,3500.0,3133.0
대파,2026-06-10,3500.0,3144.0
대파,2026-06-11,3365.0,3163.0
대파,2026-06-12,3365.0,3154.0
대파,2026-06-15,3300.0,3095.0
대파,2026-06-16,3300.0,3063.0
대파,2026-06-17,3300.0,3035.0
대파,2026-06-18,3300.0,2965.0
대파,2026-06-19,3300.0,2904.0
대파,2026-06-22,3300.0,2758.0
대파,2026-06-23,3300.0,2760.0
대파,2026-06-24,3240.0,2770.0
대파,2026-06-25,3575.0,2788.0
대파,2026-06-26,3575.0,2846.0
대파,2026-06-29,3510.0,2966.0
대파,2026-06-30,3510.0,2917.0
대파,2026-07-01,4090.0,2856.0
대파,2026-07-02,4090.0,2844.0
대파,2026-07-03,4090.0,2853.0
대파,2026-07-06,4090.0,2995.0
대파,2026-07-07,4090.0,3000.0
대파,2026-07-08,3210.0,3009.0
대파,2026-07-09,3297.0,3005.0
대파,2026-07-10,2440.0,3007.0
대파,2026-07-13,2440.0,2980.0
대파,2026-07-14,3297.0,2968.0
대파,2026-07-15,3297.0,2922.0
대파,2026-07-16,3575.0,2858.0
대파,2026-07-20,2970.0,2757.0
대파,2026-07-21,2970.0,2769.0
대파,2026-07-22,2970.0,2820.0
대파,2026-07-23,3043.0,2885.0
대파,2026-07-24,3043.0,2907.0
대파,2026-07-27,3043.0,2937.0
대파,2026-07-28,3043.0,2939.0
대파,2026-07-29,3043.0,2941.0
대파,2026-07-30,3150.0,2940.0
대파,2026-07-31,3190.0,2958.0
대파,2026-08-03,3190.0,3069.0
대파,2026-08-04,3190.0,3102.0
대파,2026-08-05,3190.0,3163.0
대파,2026-08-06,3297.0,3185.0
대파,2026-08-07,3297.0,3209.0
대파,2026-08-10,3297.0,3291.0
대파,2026-08-11,3297.0,3310.0
대파,2026-08-12,3297.0,3341.0
대파,2026-08-13,3340.0,3361.0
대파,2026-08-14,3340.0,3392.0
대파,2026-08-18,3340.0,3475.0
대파,2026-08-19,3340.0,3480.0
대파,2026-08-20,3293.0,3480.0
대파,2026-08-21,3337.0,3475.0
대파,2026-08-24,3377.0,3412.0
대파,2026-08-25,3377.0,3387.0
대파,2026-08-26,3377.0,3378.0
대파,2026-08-27,3377.0,3380.0
대파,2026-08-28,3377.0,3387.0
대파,2026-08-31,3377.0,3424.0
대파,2026-09-01,3377.0,3427.0
대파,2026-09-02,3377.0,3397.0
대파,2026-09-03,2637.0,3359.0
대파,2026-09-04,2637.0,3311.0
대파,2026-09-07,2637.0,3149.0
대파,2026-09-08,2637.0,3152.0
대파,2026-09-09,2637.0,3157.0
대파,2026-09-10,2637.0,3200.0
대파,2026-09-11,2573.0,3266.0
대파,2026-09-14,2573.0,3319.0
대파,2026-09-15,2573.0,3295.0
대파,2026-09-16,2573.0,3277.0
대파,2026-09-17,3147.0,3285.0
대파,2026-09-18,3147.0,3280.0
무,2023-01-02,1870.0,2096.0
무,2023-01-03,1870.0,1805.0
무,2023-01-04,1870.0,1899.0
무,2023-01-05,1820.0,1889.0
무,2023-01-06,1820.0,1910.0
무,2023-01-09,1820.0,1914.0
무,2023-01-10,1740.0,1909.0
무,2023-01-11,1740.0,1905.0
무,2023-01-12,1740.0,1897.0
무,2023-01-13,1740.0,1889.0
무,2023-01-16,1657.0,1927.0
무,2023-01-17,1657.0,1921.0
무,2023-01-18,1740.0,1914.0
무,2023-01-19,1757.0,1913.0
무,2023-01-20,1740.0,1905.0
무,2023-01-25,1740.0,1831.0
무,2023-01-26,1675.0,1831.0
무,2023-01-27,1675.0,1837.0
무,2023-01-30,1675.0,1824.0
무,2023-01-31,1780.0,1817.0
무,2023-02-01,1675.0,1815.0
무,2023-02-02,1880.0,1836.0
무,2023-02-03,1920.0,1844.0
무,2023-02-06,1963.0,1887.0
무,2023-02-07,1920.0,1923.0
무,2023-02-08,1885.0,1961.0
무,2023-02-09,2050.0,1983.0
무,2023-02-10,2050.0,1988.0
무,2023-02-13,2050.0,1961.0
무,2023-02-14,2050.0,1970.0
무,2023-02-15,2050.0,1969.0
무,2023-02-16,2197.0,1954.0
무,2023-02-17,2197.0,2025.0
무,2023-02-20,2050.0,1994.0
무,2023-02-21,2050.0,1989.0
무,2023-02-22,2050.0,1978.0
무,2023-02-23,1985.0,1974.0
무,2023-02-24,1985.0,1967.0
무,2023-02-27,1985.0,1946.0
무,2023-02-28,1985.0,1946.0
무,2023-03-02,1800.0,1946.0
무,2023-03-03,1800.0,1946.0
무,2023-03-06,1800.0,1942.0
무,2023-03-07,1865.0,1942.0
무,2023-03-08,1865.0,1942.0
무,2023-03-09,2015.0,1942.0
무,2023-03-10,2015.0,1938.0
무,2023-03-13,2015.0,1928.0
무,2023-03-14,2015.0,1924.0
무,2023-03-15,2015.0,1921.0
무,2023-03-16,1800.0,1905.0
무,2023-03-17,1860.0,1895.0
무,2023-03-20,1860.0,1878.0
무,2023-03-21,1860.0,1871.0
무,2023-03-22,1903.0,1859.0
무,2023-03-23,1975.0,1861.0
무,2023-03-24,1975.0,1850.0
무,2023-03-27,1975.0,1777.0
무,2023-03-28,1975.0,1774.0
무,2023-03-29,1975.0,1783.0
무,2023-03-30,1975.0,1785.0
무,2023-03-31,1913.0,1774.0
무,2023-04-03,1915.0,1832.0
무,2023-04-04,1915.0,1854.0
무,2023-04-05,1915.0,1863.0
무,2023-04-06,1865.0,1872.0
무,2023-04-07,1865.0,1869.0
무,2023-04-10,1925.0,1876.0
무,2023-04-11,1925.0,1887.0
무,2023-04-12,1925.0,1901.0
무,2023-04-13,1975.0,1911.0
무,2023-04-14,2040.0,1913.0
무,2023-04-17,2040.0,1932.0
무,2023-04-18,2040.0,1932.0
무,2023-04-19,2040.0,1932.0
무,2023-04-20,2075.0,1932.0
무,2023-04-21,2075.0,1932.0
무,2023-04-24,2135.0,1903.0
무,2023-04-25,2135.0,1885.0
무,2023-04-26,2135.0,1863.0
무,2023-04-27,2285.0,1853.0
무,2023-04-28,2350.0,1856.0
무,2023-05-02,2350.0,1866.0
무,2023-05-03,2350.0,1881.0
무,2023-05-04,2350.0,1895.0
무,2023-05-08,2350.0,1924.0
무,2023-05-09,2535.0,1935.0
무,2023-05-10,2535.0,1912.0
무,2023-05-11,2800.0,1921.0
무,2023-05-12,2800.0,1929.0
무,2023-05-15,2800.0,1904.0
무,2023-05-16,2800.0,1912.0
무,2023-05-17,2800.0,1921.0
무,2023-05-18,2735.0,1944.0
무,2023-05-19,2735.0,1790.0
무,2023-05-22,2800.0,1812.0
무,2023-05-23,2485.0,1812.0
무,2023-05-24,2485.0,1812.0
무,2023-05-25,2405.0,1812.0
무,2023-05-26,2345.0,1815.0
무,2023-05-30,2345.0,1906.0
무,2023-05-31,2345.0,1910.0
무,2023-06-01,1990.0,1926.0
무,2023-06-02,1990.0,1877.0
무,2023-06-05,1990.0,1906.0
무,2023-06-07,1865.0,1927.0
무,2023-06-08,1865.0,1947.0
무,2023-06-09,1755.0,1952.0
무,2023-06-12,1710.0,1990.0
무,2023-06-13,1710.0,1995.0
무,2023-06-14,1630.0,2000.0
무,2023-06-15,1725.0,2009.0
무,2023-06-16,1725.0,2003.0
무,2023-06-19,1725.0,2124.0
무,2023-06-20,1725.0,2112.0
무,2023-06-21,1725.0,2104.0
무,2023-06-22,1790.0,2082.0
무,2023-06-23,1790.0,2099.0
무,2023-06-26,1850.0,2023.0
무,2023-06-27,1915.0,2011.0
무,2023-06-28,1915.0,1992.0
무,2023-06-29,2125.0,1973.0
무,2023-06-30,2125.0,1969.0
무,2023-07-03,2030.0,1961.0
무,2023-07-04,2030.0,1959.0
무,2023-07-05,2030.0,1964.0
무,2023-07-06,2130.0,1970.0
무,2023-07-07,2130.0,1976.0
무,2023-07-10,2195.0,1990.0
무,2023-07-11,2130.0,1984.0
무,2023-07-12,2195.0,1977.0
무,2023-07-13,2045.0,1969.0
무,2023-07-14,2045.0,1966.0
무,2023-07-17,2500.0,1947.0
무,2023-07-18,2500.0,1952.0
무,2023-07-19,2500.0,1953.0
무,2023-07-20,2120.0,1955.0
무,2023-07-21,2120.0,1952.0
무,2023-07-24,2305.0,1813.0
무,2023-07-25,2305.0,1843.0
무,2023-07-26,2305.0,2498.0
무,2023-07-27,2305.0,2581.0
무,2023-07-28,2305.0,2630.0
무,2023-07-31,2305.0,2295.0
무,2023-08-01,2870.0,2698.0
무,2023-08-02,2870.0,2373.0
무,2023-08-03,2530.0,2386.0
무,2023-08-04,2530.0,2404.0
무,2023-08-07,2530.0,2573.0
무,2023-08-08,2570.0,2413.0
무,2023-08-09,2570.0,2420.0
무,2023-08-10,2655.0,2604.0
무,2023-08-11,2655.0,2625.0
무,2023-08-14,2655.0,2651.0
무,2023-08-16,2655.0,2637.0
무,2023-08-17,2630.0,2638.0
무,2023-08-18,2630.0,2636.0
무,2023-08-21,2900.0,2629.0
무,2023-08-22,2900.0,2632.0
무,2023-08-23,2900.0,2643.0
무,2023-08-24,2900.0,2654.0
무,2023-08-25,2900.0,2676.0
무,2023-08-28,3660.0,2752.0
무,2023-08-29,3010.0,2787.0
무,2023-08-30,3240.0,2808.0
무,2023-08-31,3100.0,2829.0
무,2023-09-01,3100.0,2792.0
무,2023-09-04,3100.0,2745.0
무,2023-09-05,3100.0,2781.0
무,2023-09-06,3100.0,2908.0
무,2023-09-07,2980.0,2972.0
무,2023-09-08,2980.0,3017.0
무,2023-09-11,2980.0,3108.0
무,2023-09-12,2855.0,3108.0
무,2023-09-13,2855.0,3089.0
무,2023-09-14,2855.0,3079.0
무,2023-09-15,2855.0,3051.0
무,2023-09-18,2855.0,2995.0
무,2023-09-19,2855.0,3001.0
무,2023-09-20,2665.0,3017.0
무,2023-09-21,2665.0,3006.0
무,2023-09-22,2665.0,3006.0
무,2023-09-23,2665.0,3017.0
무,2023-09-25,2790.0,3053.0
무,2023-09-26,2790.0,3071.0
무,2023-09-27,2790.0,3075.0
무,2023-10-04,2910.0,3016.0
무,2023-10-05,2930.0,3016.0
무,2023-10-06,2930.0,2999.0
무,2023-10-10,2930.0,3010.0
무,2023-10-11,2930.0,3029.0
무,2023-10-12,3370.0,3034.0
무,2023-10-13,3370.0,3018.0
무,2023-10-16,3370.0,3008.0
무,2023-10-17,3370.0,2991.0
무,2023-10-18,3120.0,2969.0
무,2023-10-19,3120.0,2933.0
무,2023-10-20,2495.0,2909.0
무,2023-10-23,2430.0,2847.0
무,2023-10-24,2370.0,2837.0
무,2023-10-25,2370.0,2818.0
무,2023-10-26,2370.0,2794.0
무,2023-10-27,2370.0,2829.0
무,2023-10-30,2370.0,2612.0
무,2023-10-31,2370.0,2331.0
무,2023-11-01,2370.0,2259.0
무,2023-11-02,1680.0,2240.0
무,2023-11-03,1680.0,2008.0
무,2023-11-06,1680.0,2143.0
무,2023-11-07,1680.0,2154.0
무,2023-11-08,1680.0,2139.0
무,2023-11-09,1597.0,2322.0
무,2023-11-10,1513.0,2306.0
무,2023-11-13,1513.0,2206.0
무,2023-11-14,1513.0,2184.0
무,2023-11-15,1513.0,2172.0
무,2023-11-16,1487.0,2165.0
무,2023-11-17,1407.0,2162.0
무,2023-11-20,1407.0,2206.0
무,2023-11-21,1407.0,2200.0
무,2023-11-22,1363.0,2187.0
무,2023-11-23,1363.0,2182.0
무,2023-11-24,1363.0,2177.0
무,2023-11-27,1363.0,2168.0
무,2023-11-28,1363.0,2168.0
무,2023-11-29,1363.0,2151.0
무,2023-11-30,1403.0,2132.0
무,2023-12-04,1533.0,2084.0
무,2023-12-05,1533.0,2086.0
무,2023-12-06,1533.0,2076.0
무,2023-12-07,1553.0,2076.0
무,2023-12-08,1553.0,2050.0
무,2023-12-11,1553.0,2075.0
무,2023-12-12,1367.0,2088.0
무,2023-12-13,1325.0,2091.0
무,2023-12-14,1380.0,2283.0
무,2023-12-15,1625.0,2286.0
무,2023-12-18,1710.0,2336.0
무,2023-12-19,1710.0,2341.0
무,2023-12-20,1710.0,2247.0
무,2023-12-21,1910.0,2246.0
무,2023-12-22,1910.0,2269.0
무,2023-12-26,1995.0,2039.0
무,2023-12-27,1995.0,2035.0
무,2023-12-28,1727.0,2121.0
무,2023-12-29,1727.0,2097.0
무,2024-01-02,1793.0,2176.0
무,2024-01-03,1793.0,1760.0
무,2024-01-04,1893.0,1963.0
무,2024-01-05,1813.0,1919.0
무,2024-01-08,1893.0,1945.0
무,2024-01-09,1927.0,1942.0
무,2024-01-10,1927.0,1943.0
무,2024-01-11,1480.0,1944.0
무,2024-01-12,1480.0,1941.0
무,2024-01-15,1480.0,1950.0
무,2024-01-16,1480.0,1982.0
무,2024-01-17,1480.0,1971.0
무,2024-01-18,1410.0,1892.0
무,2024-01-19,1410.0,1905.0
무,2024-01-22,1480.0,1870.0
무,2024-01-23,1533.0,1854.0
무,2024-01-24,1533.0,1839.0
무,2024-01-25,1677.0,1829.0
무,2024-01-26,1677.0,1826.0
무,2024-01-29,1747.0,1820.0
무,2024-01-30,1747.0,1811.0
무,2024-01-31,1747.0,1817.0
무,2024-02-01,1883.0,1846.0
무,2024-02-02,1883.0,1861.0
무,2024-02-05,1883.0,1891.0
무,2024-02-06,1883.0,1914.0
무,2024-02-07,1883.0,1943.0
무,2024-02-08,1883.0,1959.0
무,2024-02-13,2050.0,1946.0
무,2024-02-14,2010.0,1951.0
무,2024-02-15,1910.0,1948.0
무,2024-02-16,1843.0,1835.0
무,2024-02-19,1910.0,1862.0
무,2024-02-20,1867.0,1847.0
무,2024-02-21,1867.0,1844.0
무,2024-02-22,1900.0,1838.0
무,2024-02-23,1943.0,1837.0
무,2024-02-26,1943.0,1819.0
무,2024-02-27,1943.0,1817.0
무,2024-02-28,1983.0,1809.0
무,2024-02-29,2083.0,1990.0
무,2024-03-04,2083.0,1788.0
무,2024-03-05,2083.0,1788.0
무,2024-03-06,2083.0,1790.0
무,2024-03-07,2117.0,1800.0
무,2024-03-08,2117.0,1809.0
무,2024-03-11,2117.0,1828.0
무,2024-03-12,2117.0,1821.0
무,2024-03-13,2117.0,1814.0
무,2024-03-14,2180.0,1810.0
무,2024-03-15,2370.0,1810.0
무,2024-03-18,2250.0,1783.0
무,2024-03-19,2250.0,1780.0
무,2024-03-20,2250.0,1781.0
무,2024-03-21,2270.0,1788.0
무,2024-03-22,2270.0,1794.0
무,2024-03-25,2270.0,1776.0
무,2024-03-26,2143.0,1747.0
무,2024-03-27,2100.0,1719.0
무,2024-03-28,2183.0,1712.0
무,2024-03-29,2183.0,1721.0
무,2024-04-01,2350.0,1712.0
무,2024-04-02,2350.0,1725.0
무,2024-04-03,2350.0,1734.0
무,2024-04-04,2383.0,1743.0
무,2024-04-05,2217.0,1738.0
무,2024-04-08,2217.0,1738.0
무,2024-04-09,2383.0,1736.0
무,2024-04-11,2383.0,1773.0
무,2024-04-12,2383.0,1797.0
무,2024-04-15,2383.0,1829.0
무,2024-04-16,2383.0,1848.0
무,2024-04-17,2383.0,1848.0
무,2024-04-18,1933.0,1851.0
무,2024-04-19,1933.0,1851.0
무,2024-04-22,1933.0,1858.0
무,2024-04-23,2017.0,1841.0
무,2024-04-24,2060.0,1819.0
무,2024-04-25,2585.0,1798.0
무,2024-04-26,2487.0,1777.0
무,2024-04-29,2487.0,1775.0
무,2024-04-30,2587.0,1777.0
무,2024-05-02,2720.0,1782.0
무,2024-05-03,2720.0,1801.0
무,2024-05-07,2720.0,1845.0
무,2024-05-08,2720.0,1855.0
무,2024-05-09,3250.0,1828.0
무,2024-05-10,3250.0,1855.0
무,2024-05-13,3250.0,2016.0
무,2024-05-14,3250.0,2012.0
무,2024-05-16,2747.0,2001.0
무,2024-05-17,2747.0,1996.0
무,2024-05-20,2580.0,1852.0
무,2024-05-21,2580.0,1860.0
무,2024-05-22,2580.0,1862.0
무,2024-05-23,2580.0,1849.0
무,2024-05-24,2580.0,1835.0
무,2024-05-27,2245.0,1965.0
무,2024-05-28,2245.0,1967.0
무,2024-05-29,2245.0,1976.0
무,2024-05-30,3000.0,1958.0
무,2024-06-07,3000.0,1833.0
무,2024-06-10,3000.0,1890.0
무,2024-06-11,3000.0,1891.0
무,2024-06-12,3000.0,1883.0
무,2024-06-13,3000.0,1866.0
무,2024-06-14,3000.0,1860.0
무,2024-06-17,3000.0,1908.0
무,2024-06-18,3000.0,1837.0
무,2024-06-19,3000.0,1831.0
무,2024-06-20,3000.0,1833.0
무,2024-06-21,3000.0,1839.0
무,2024-06-24,3000.0,1880.0
무,2024-06-25,3000.0,1857.0
무,2024-06-26,2750.0,1862.0
무,2024-06-27,2370.0,1872.0
무,2024-06-28,2370.0,1878.0
무,2024-07-01,2370.0,1860.0
무,2024-07-02,2370.0,1858.0
무,2024-07-03,2167.0,1858.0
무,2024-07-04,2677.0,1866.0
무,2024-07-05,2677.0,1856.0
무,2024-07-08,2677.0,1904.0
무,2024-07-09,2677.0,1907.0
무,2024-07-10,2677.0,1908.0
무,2024-07-11,2720.0,1893.0
무,2024-07-12,2845.0,1878.0
무,2024-07-15,2845.0,1860.0
무,2024-07-16,2845.0,1861.0
무,2024-07-17,2845.0,1865.0
무,2024-07-18,2845.0,1866.0
무,2024-07-19,2795.0,1864.0
무,2024-07-22,2795.0,1807.0
무,2024-07-23,3000.0,1803.0
무,2024-07-24,3000.0,1799.0
무,2024-07-25,3095.0,1822.0
무,2024-07-26,2970.0,2196.0
무,2024-07-29,2970.0,2401.0
무,2024-07-30,2970.0,2823.0
무,2024-07-31,2970.0,2012.0
무,2024-08-01,3170.0,2022.0
무,2024-08-02,3170.0,2026.0
무,2024-08-05,3170.0,2223.0
무,2024-08-06,3170.0,2314.0
무,2024-08-07,3170.0,2315.0
무,2024-08-08,2943.0,2245.0
무,2024-08-09,2943.0,2256.0
무,2024-08-12,2943.0,2395.0
무,2024-08-13,2943.0,2401.0
무,2024-08-14,2943.0,2403.0
무,2024-08-16,3370.0,2389.0
무,2024-08-19,3370.0,2375.0
무,2024-08-20,3495.0,2371.0
무,2024-08-21,3870.0,2370.0
무,2024-08-22,3777.0,2368.0
무,2024-08-23,3910.0,2377.0
무,2024-08-26,3910.0,2449.0
무,2024-08-27,4160.0,2465.0
무,2024-08-28,4245.0,2495.0
무,2024-08-29,3845.0,2524.0
무,2024-08-30,3845.0,2540.0
무,2024-09-02,3845.0,2522.0
무,2024-09-03,3845.0,2552.0
무,2024-09-04,3845.0,2526.0
무,2024-09-05,4500.0,2553.0
무,2024-09-06,4500.0,2581.0
무,2024-09-09,4500.0,2678.0
무,2024-09-10,4500.0,2699.0
무,2024-09-11,4500.0,2717.0
무,2024-09-12,4500.0,2712.0
무,2024-09-13,4500.0,2699.0
무,2024-09-19,4245.0,2601.0
무,2024-09-20,4245.0,2598.0
무,2024-09-23,4245.0,2592.0
무,2024-09-24,4245.0,2612.0
무,2024-09-25,4325.0,2623.0
무,2024-09-26,4660.0,2659.0
무,2024-09-27,4660.0,2691.0
무,2024-09-30,4660.0,2681.0
무,2024-10-02,4660.0,2681.0
무,2024-10-04,4660.0,2713.0
무,2024-10-07,4660.0,2782.0
무,2024-10-08,4330.0,2795.0
무,2024-10-10,4330.0,2788.0
무,2024-10-11,4330.0,2783.0
무,2024-10-14,4330.0,2779.0
무,2024-10-15,4330.0,2780.0
무,2024-10-16,4330.0,2768.0
무,2024-10-17,4330.0,2753.0
무,2024-10-18,4330.0,2734.0
무,2024-10-21,4330.0,2641.0
무,2024-10-22,4330.0,2636.0
무,2024-10-23,4330.0,2613.0
무,2024-10-24,4330.0,2581.0
무,2024-10-25,4330.0,2572.0
무,2024-10-28,4330.0,2546.0
무,2024-10-29,4330.0,2526.0
무,2024-10-30,4330.0,2494.0
무,2024-10-31,4330.0,2347.0
무,2024-11-01,4000.0,2322.0
무,2024-11-04,4000.0,1845.0
무,2024-11-05,3795.0,2115.0
무,2024-11-06,3217.0,2196.0
무,2024-11-07,2600.0,2190.0
무,2024-11-08,2443.0,2170.0
무,2024-11-11,2857.0,2087.0
무,2024-11-12,2857.0,2068.0
무,2024-11-13,2857.0,2018.0
무,2024-11-14,2857.0,2002.0
무,2024-11-15,2857.0,1995.0
무,2024-11-18,2923.0,1980.0
무,2024-11-19,2923.0,2024.0
무,2024-11-20,2923.0,2024.0
무,2024-11-21,2923.0,2020.0
무,2024-11-22,2923.0,2014.0
무,2024-11-25,2957.0,1999.0
무,2024-11-26,2957.0,1996.0
무,2024-11-27,3023.0,1997.0
무,2024-11-28,3023.0,2009.0
무,2024-11-29,3057.0,2014.0
무,2024-12-02,3640.0,2009.0
무,2024-12-03,3640.0,1995.0
무,2024-12-04,3640.0,1990.0
무,2024-12-05,4260.0,2013.0
무,2024-12-09,4327.0,1972.0
무,2024-12-10,4327.0,1985.0
무,2024-12-11,4327.0,2141.0
무,2024-12-12,4027.0,2135.0
무,2024-12-13,3960.0,2374.0
무,2024-12-16,4297.0,2221.0
무,2024-12-17,4095.0,2247.0
무,2024-12-18,4297.0,2268.0
무,2024-12-19,4245.0,2179.0
무,2024-12-20,4245.0,2223.0
무,2024-12-23,4370.0,2126.0
무,2024-12-24,4750.0,2103.0
무,2024-12-26,4750.0,2089.0
무,2024-12-27,4750.0,2080.0
무,2024-12-30,4750.0,1889.0
무,2024-12-31,4800.0,1976.0
무,2025-01-02,4800.0,1989.0
무,2025-01-03,4800.0,1746.0
무,2025-01-06,3995.0,1972.0
무,2025-01-07,3995.0,1980.0
무,2025-01-08,3995.0,1995.0
무,2025-01-09,3840.0,1944.0
무,2025-01-10,3595.0,1902.0
무,2025-01-13,3595.0,1741.0
무,2025-01-14,3740.0,1741.0
무,2025-01-15,3640.0,1731.0
무,2025-01-16,3740.0,1780.0
무,2025-01-17,3740.0,1761.0
무,2025-01-20,3740.0,1804.0
무,2025-01-21,3740.0,1788.0
무,2025-01-22,3740.0,1785.0
무,2025-01-23,3695.0,1804.0
무,2025-01-24,3695.0,1826.0
무,2025-01-31,3895.0,1900.0
무,2025-02-03,3895.0,1951.0
무,2025-02-04,3595.0,1949.0
무,2025-02-05,3595.0,1942.0
무,2025-02-06,4800.0,1943.0
무,2025-02-07,4800.0,1958.0
무,2025-02-10,5000.0,1984.0
무,2025-02-11,5000.0,1973.0
무,2025-02-12,5000.0,1958.0
무,2025-02-13,5000.0,1955.0
무,2025-02-14,5000.0,1955.0
무,2025-02-17,5000.0,1893.0
무,2025-02-18,5000.0,1894.0
무,2025-02-19,5000.0,1896.0
무,2025-02-20,5000.0,1896.0
무,2025-02-21,5000.0,1904.0
무,2025-02-24,5000.0,1908.0
무,2025-02-25,5000.0,1901.0
무,2025-02-26,5000.0,1902.0
무,2025-02-27,5000.0,1912.0
무,2025-02-28,5000.0,1922.0
무,2025-03-04,5000.0,1939.0
무,2025-03-05,5000.0,1955.0
무,2025-03-06,4600.0,1960.0
무,2025-03-07,4600.0,1968.0
무,2025-03-10,4600.0,1987.0
무,2025-03-11,4600.0,1989.0
무,2025-03-12,4600.0,1982.0
무,2025-03-13,4600.0,1987.0
무,2025-03-14,4600.0,1989.0
무,2025-03-17,4600.0,1977.0
무,2025-03-18,4600.0,1972.0
무,2025-03-19,4600.0,1971.0
무,2025-03-20,4600.0,1972.0
무,2025-03-21,4600.0,1983.0
무,2025-03-24,4200.0,2010.0
무,2025-03-25,4200.0,1988.0
무,2025-03-26,4200.0,1964.0
무,2025-03-27,4200.0,1939.0
무,2025-03-28,4200.0,1922.0
무,2025-03-31,4200.0,1915.0
무,2025-04-01,4200.0,1921.0
무,2025-04-02,4200.0,1934.0
무,2025-04-03,4200.0,1925.0
무,2025-04-04,4200.0,1912.0
무,2025-04-07,4200.0,1905.0
무,2025-04-08,4200.0,1914.0
무,2025-04-09,4200.0,1913.0
무,2025-04-10,4200.0,1928.0
무,2025-04-11,4200.0,1935.0
무,2025-04-14,4200.0,1968.0
무,2025-04-15,4200.0,1972.0
무,2025-04-16,4200.0,1920.0
무,2025-04-17,4200.0,1867.0
무,2025-04-18,4000.0,1815.0
무,2025-04-21,4000.0,1715.0
무,2025-04-22,4000.0,1719.0
무,2025-04-23,4000.0,1774.0
무,2025-04-24,4000.0,1830.0
무,2025-04-25,4000.0,1875.0
무,2025-04-28,4000.0,1988.0
무,2025-04-29,4000.0,1957.0
무,2025-04-30,4000.0,1972.0
무,2025-05-02,4200.0,1989.0
무,2025-05-07,4200.0,1990.0
무,2025-05-08,4200.0,1986.0
무,2025-05-09,4200.0,1939.0
무,2025-05-12,4200.0,1980.0
무,2025-05-13,4200.0,2061.0
무,2025-05-14,4200.0,2053.0
무,2025-05-15,4200.0,2044.0
무,2025-05-16,4200.0,2038.0
무,2025-05-19,4200.0,2055.0
무,2025-05-20,4200.0,2047.0
무,2025-05-21,4200.0,2036.0
무,2025-05-22,4200.0,2022.0
무,2025-05-23,4200.0,1981.0
무,2025-05-26,4200.0,1958.0
무,2025-05-27,3495.0,2077.0
무,2025-05-28,2997.0,2225.0
무,2025-05-29,2997.0,2226.0
무,2025-05-30,2930.0,2208.0
무,2025-06-02,2930.0,2048.0
무,2025-06-04,3263.0,2037.0
무,2025-06-05,2863.0,2035.0
무,2025-06-09,2863.0,1948.0
무,2025-06-10,2863.0,1948.0
무,2025-06-11,2863.0,1948.0
무,2025-06-12,2327.0,1944.0
무,2025-06-13,2493.0,1928.0
무,2025-06-16,2327.0,1908.0
무,2025-06-17,2327.0,1940.0
무,2025-06-18,2327.0,1866.0
무,2025-06-19,2160.0,1858.0
무,2025-06-20,2327.0,1861.0
무,2025-06-23,2327.0,1911.0
무,2025-06-24,2327.0,1912.0
무,2025-06-25,2327.0,1868.0
무,2025-06-26,2493.0,1870.0
무,2025-06-27,2410.0,1877.0
무,2025-06-30,2410.0,1899.0
무,2025-07-01,2410.0,1903.0
무,2025-07-02,2410.0,1932.0
무,2025-07-03,2410.0,1963.0
무,2025-07-04,2213.0,2001.0
무,2025-07-07,2213.0,2144.0
무,2025-07-08,2327.0,2154.0
무,2025-07-09,2327.0,2158.0
무,2025-07-10,2327.0,2165.0
무,2025-07-11,2577.0,2158.0
무,2025-07-14,2660.0,2160.0
무,2025-07-15,2745.0,2143.0
무,2025-07-16,2745.0,2149.0
무,2025-07-17,2995.0,2004.0
무,2025-07-18,2995.0,2006.0
무,2025-07-21,3250.0,1944.0
무,2025-07-22,3250.0,1918.0
무,2025-07-23,3250.0,1913.0
무,2025-07-24,3000.0,1783.0
무,2025-07-25,3000.0,1778.0
무,2025-07-28,3000.0,2652.0
무,2025-07-29,3000.0,2664.0
무,2025-07-30,3000.0,3037.0
무,2025-07-31,3000.0,3085.0
무,2025-08-01,2895.0,3133.0
무,2025-08-04,2895.0,3258.0
무,2025-08-05,2895.0,2583.0
무,2025-08-06,2895.0,2665.0
무,2025-08-07,2995.0,2665.0
무,2025-08-08,2995.0,2507.0
무,2025-08-11,2995.0,2729.0
무,2025-08-12,2995.0,2738.0
무,2025-08-13,2995.0,2782.0
무,2025-08-14,2995.0,2831.0
무,2025-08-18,2995.0,2877.0
무,2025-08-19,2995.0,2891.0
무,2025-08-20,2995.0,2903.0
무,2025-08-21,2995.0,2901.0
무,2025-08-22,2827.0,2916.0
무,2025-08-25,2827.0,3014.0
무,2025-08-26,2827.0,2898.0
무,2025-08-27,2827.0,2915.0
무,2025-08-28,2493.0,2933.0
무,2025-08-29,2493.0,2950.0
무,2025-09-01,2493.0,2843.0
무,2025-09-02,2493.0,2791.0
무,2025-09-03,2493.0,2731.0
무,2025-09-04,2160.0,2703.0
무,2025-09-05,2245.0,2717.0
무,2025-09-08,2245.0,3059.0
무,2025-09-09,2495.0,3121.0
무,2025-09-10,2327.0,3126.0
무,2025-09-11,2327.0,3129.0
무,2025-09-12,2293.0,3126.0
무,2025-09-15,2193.0,3085.0
무,2025-09-16,2193.0,3071.0
무,2025-09-17,2193.0,3063.0
무,2025-09-18,2193.0,2849.0
무,2025-09-19,2295.0,2848.0
무,2025-09-22,2295.0,3106.0
무,2025-09-23,2295.0,3115.0
무,2025-09-24,2295.0,2866.0
무,2025-09-25,2295.0,2871.0
무,2025-09-26,2295.0,2899.0
무,2025-09-29,2245.0,2882.0
무,2025-09-30,2245.0,2863.0
무,2025-10-01,2245.0,2841.0
무,2025-10-02,2245.0,2834.0
무,2025-10-10,3000.0,2853.0
무,2025-10-13,3000.0,2827.0
무,2025-10-14,2645.0,2837.0
무,2025-10-15,2645.0,2849.0
무,2025-10-16,2645.0,2847.0
무,2025-10-17,3000.0,2841.0
무,2025-10-20,2495.0,2782.0
무,2025-10-21,2427.0,2750.0
무,2025-10-22,2427.0,2743.0
무,2025-10-23,2595.0,2708.0
무,2025-10-24,2595.0,2673.0
무,2025-10-27,2595.0,2697.0
무,2025-10-28,2595.0,2592.0
무,2025-10-29,2560.0,2565.0
무,2025-10-30,2295.0,2555.0
무,2025-10-31,2295.0,2425.0
무,2025-11-03,2027.0,2016.0
무,2025-11-04,2027.0,2017.0
무,2025-11-05,2027.0,1951.0
무,2025-11-06,2027.0,2134.0
무,2025-11-07,2295.0,2167.0
무,2025-11-10,2295.0,2276.0
무,2025-11-11,2295.0,2224.0
무,2025-11-12,2295.0,2219.0
무,2025-11-13,1827.0,2188.0
무,2025-11-14,1827.0,2183.0
무,2025-11-17,1827.0,2171.0
무,2025-11-18,1827.0,2171.0
무,2025-11-19,1827.0,2177.0
무,2025-11-20,2745.0,2181.0
무,2025-11-21,2745.0,2179.0
무,2025-11-24,2745.0,2164.0
무,2025-11-25,2745.0,2163.0
무,2025-11-26,2660.0,2162.0
무,2025-11-27,2660.0,2166.0
무,2025-11-28,2660.0,2194.0
무,2025-12-01,2660.0,2183.0
무,2025-12-02,2660.0,2189.0
무,2025-12-03,2660.0,2204.0
무,2025-12-04,2727.0,2231.0
무,2025-12-08,2727.0,2293.0
무,2025-12-09,2893.0,2312.0
무,2025-12-10,2893.0,2361.0
무,2025-12-11,2893.0,2644.0
무,2025-12-12,2893.0,2604.0
무,2025-12-15,2893.0,2458.0
무,2025-12-16,2893.0,2511.0
무,2025-12-17,2953.0,1839.0
무,2025-12-18,2528.0,2188.0
무,2025-12-19,2528.0,2095.0
무,2025-12-22,2528.0,2034.0
무,2025-12-23,2508.0,2045.0
무,2025-12-24,2683.0,1997.0
무,2025-12-26,3125.0,1983.0
무,2025-12-29,2613.0,1932.0
무,2025-12-30,2613.0,1915.0
무,2025-12-31,2613.0,1891.0
무,2026-01-02,2808.0,1912.0
무,2026-01-05,2845.0,1976.0
무,2026-01-06,2845.0,1991.0
무,2026-01-07,2845.0,1994.0
무,2026-01-08,2595.0,2092.0
무,2026-01-09,2595.0,2034.0
무,2026-01-12,2595.0,1889.0
무,2026-01-13,2595.0,1848.0
무,2026-01-14,2595.0,1846.0
무,2026-01-15,2495.0,1854.0
무,2026-01-16,2495.0,1857.0
무,2026-01-19,2495.0,1849.0
무,2026-01-20,2495.0,1848.0
무,2026-01-21,2495.0,1845.0
무,2026-01-22,2495.0,1845.0
무,2026-01-23,2495.0,1878.0
무,2026-01-26,2595.0,1962.0
무,2026-01-27,2595.0,1988.0
무,2026-01-28,2595.0,1988.0
무,2026-01-29,3200.0,1989.0
무,2026-01-30,3200.0,1995.0
무,2026-02-02,2595.0,2037.0
무,2026-02-03,2595.0,2049.0
무,2026-02-04,2595.0,2000.0
무,2026-02-05,2235.0,2002.0
무,2026-02-06,2235.0,2013.0
무,2026-02-09,2135.0,2085.0
무,2026-02-10,2135.0,2092.0
무,2026-02-11,2135.0,2100.0
무,2026-02-12,2745.0,2102.0
무,2026-02-13,2745.0,2092.0
무,2026-02-19,2745.0,1805.0
무,2026-02-20,2495.0,1802.0
무,2026-02-23,2495.0,1822.0
무,2026-02-24,2495.0,1825.0
무,2026-02-25,2495.0,1822.0
무,2026-02-26,3000.0,1823.0
무,2026-02-27,3000.0,1835.0
무,2026-03-03,3000.0,1866.0
무,2026-03-04,3000.0,1864.0
무,2026-03-05,3000.0,1884.0
무,2026-03-06,3000.0,1891.0
무,2026-03-09,3000.0,1928.0
무,2026-03-10,3000.0,1933.0
무,2026-03-11,3000.0,1938.0
무,2026-03-12,2495.0,1933.0
무,2026-03-13,2495.0,1943.0
무,2026-03-16,2495.0,1936.0
무,2026-03-17,2495.0,1928.0
무,2026-03-18,2495.0,1920.0
무,2026-03-19,2900.0,1915.0
무,2026-03-20,2445.0,1914.0
무,2026-03-23,2445.0,1965.0
무,2026-03-24,2900.0,1969.0
무,2026-03-25,2900.0,1970.0
무,2026-03-26,2900.0,1970.0
무,2026-03-27,2900.0,1967.0
무,2026-03-30,2900.0,1989.0
무,2026-03-31,2900.0,1986.0
무,2026-04-01,2395.0,1987.0
무,2026-04-02,2395.0,1999.0
무,2026-04-03,2395.0,1983.0
무,2026-04-06,2395.0,1950.0
무,2026-04-07,2395.0,1949.0
무,2026-04-08,2395.0,1959.0
무,2026-04-09,2395.0,1958.0
무,2026-04-10,2395.0,1977.0
무,2026-04-13,2345.0,2027.0
무,2026-04-14,2345.0,2034.0
무,2026-04-15,2345.0,2040.0
무,2026-04-16,2445.0,1976.0
무,2026-04-17,2445.0,1910.0
무,2026-04-20,2345.0,1721.0
무,2026-04-21,2700.0,1724.0
무,2026-04-22,2900.0,1731.0
무,2026-04-23,2900.0,1802.0
무,2026-04-24,2445.0,1873.0
무,2026-04-27,2395.0,2070.0
무,2026-04-28,2395.0,2078.0
무,2026-04-29,2395.0,2067.0
무,2026-04-30,2195.0,2086.0
무,2026-05-04,2195.0,2186.0
무,2026-05-06,2195.0,2203.0
무,2026-05-07,2695.0,2227.0
무,2026-05-08,2695.0,2238.0
무,2026-05-11,2695.0,2246.0
무,2026-05-12,2695.0,2242.0
무,2026-05-13,2695.0,2200.0
무,2026-05-14,2695.0,2189.0
무,2026-05-15,2695.0,2178.0
무,2026-05-18,2695.0,2254.0
무,2026-05-19,2695.0,2246.0
무,2026-05-20,2695.0,2233.0
무,2026-05-21,2445.0,2220.0
무,2026-05-22,2293.0,2201.0
무,2026-05-26,2445.0,2176.0
무,2026-05-27,2445.0,2375.0
무,2026-05-28,2445.0,2668.0
무,2026-05-29,2445.0,2696.0
무,2026-06-01,2445.0,2495.0
무,2026-06-02,2395.0,2284.0
무,2026-06-04,2280.0,2226.0
무,2026-06-05,2280.0,2185.0
무,2026-06-08,2280.0,2160.0
무,2026-06-09,2280.0,2091.0
무,2026-06-10,2280.0,1947.0
무,2026-06-11,2347.0,1984.0
무,2026-06-12,2347.0,2009.0
무,2026-06-15,2145.0,2085.0
무,2026-06-16,2145.0,2078.0
무,2026-06-17,2145.0,2112.0
무,2026-06-18,2500.0,2037.0
무,2026-06-19,2500.0,2013.0
무,2026-06-22,2500.0,1987.0
무,2026-06-23,2500.0,2006.0
무,2026-06-24,2500.0,2040.0
무,2026-06-25,2500.0,2033.0
무,2026-06-26,2500.0,2060.0
무,2026-06-29,2500.0,2054.0
무,2026-06-30,2500.0,2052.0
무,2026-07-01,2500.0,2053.0
무,2026-07-02,2500.0,2052.0
무,2026-07-03,2500.0,2055.0
무,2026-07-06,2500.0,2136.0
무,2026-07-07,3000.0,2147.0
무,2026-07-08,3000.0,2152.0
무,2026-07-09,3000.0,2175.0
무,2026-07-10,2495.0,2212.0
무,2026-07-13,2495.0,2205.0
무,2026-07-14,2495.0,2209.0
무,2026-07-15,2495.0,2194.0
무,2026-07-16,2495.0,2207.0
무,2026-07-20,2495.0,1961.0
무,2026-07-21,2495.0,1979.0
무,2026-07-22,2023.0,1978.0
무,2026-07-23,2190.0,1969.0
무,2026-07-24,2075.0,1790.0
무,2026-07-27,2019.0,2747.0
무,2026-07-28,2133.0,3151.0
무,2026-07-29,2133.0,3156.0
무,2026-07-30,2101.0,3041.0
무,2026-07-31,2294.0,3087.0
무,2026-08-03,2228.0,3232.0
무,2026-08-04,2228.0,3234.0
무,2026-08-05,1892.0,2993.0
무,2026-08-06,1892.0,2870.0
무,2026-08-07,1892.0,2876.0
무,2026-08-10,1892.0,2890.0
무,2026-08-11,1925.0,2893.0
무,2026-08-12,1925.0,2888.0
무,2026-08-13,2157.0,2918.0
무,2026-08-14,2157.0,2958.0
무,2026-08-18,2157.0,3006.0
무,2026-08-19,2157.0,2911.0
무,2026-08-20,2430.0,2933.0
무,2026-08-21,2430.0,2946.0
무,2026-08-24,2430.0,3022.0
무,2026-08-25,2430.0,3033.0
무,2026-08-26,2430.0,2921.0
무,2026-08-27,2507.0,2881.0
무,2026-08-28,2507.0,2848.0
무,2026-08-31,2507.0,2784.0
무,2026-09-01,2507.0,2691.0
무,2026-09-02,2507.0,2681.0
무,2026-09-03,2507.0,2559.0
무,2026-09-04,2507.0,2527.0
무,2026-09-07,2507.0,2623.0
무,2026-09-08,2507.0,2642.0
무,2026-09-09,2507.0,2662.0
무,2026-09-10,2470.0,2667.0
무,2026-09-11,2470.0,2646.0
무,2026-09-14,2470.0,2617.0
무,2026-09-15,2470.0,2604.0
무,2026-09-16,2597.0,2580.0
무,2026-09-17,2203.0,2758.0
무,2026-09-18,2203.0,2540.0
배추,2023-01-02,3540.0,3920.0
배추,2023-01-03,3540.0,3720.0
배추,2023-01-04,2940.0,4245.0
배추,2023-01-05,3120.0,4120.0
배추,2023-01-06,3120.0,3500.0
배추,2023-01-09,2905.0,3625.0
배추,2023-01-10,2905.0,3585.0
배추,2023-01-11,2905.0,3520.0
배추,2023-01-12,2905.0,4117.0
배추,2023-01-13,2905.0,4123.0
배추,2023-01-16,2905.0,4033.0
배추,2023-01-17,2905.0,4023.0
배추,2023-01-18,2905.0,4025.0
배추,2023-01-19,2663.0,4028.0
배추,2023-01-20,2663.0,4029.0
배추,2023-01-25,2663.0,3750.0
배추,2023-01-26,2597.0,3753.0
배추,2023-01-27,2697.0,3741.0
배추,2023-01-30,2700.0,3736.0
배추,2023-01-31,2697.0,3741.0
배추,2023-02-01,2700.0,3755.0
배추,2023-02-02,2700.0,3777.0
배추,2023-02-03,2700.0,3777.0
배추,2023-02-06,2700.0,3787.0
배추,2023-02-07,2700.0,3795.0
배추,2023-02-08,2700.0,3813.0
배추,2023-02-09,2850.0,3813.0
배추,2023-02-10,2850.0,3818.0
배추,2023-02-13,2850.0,3824.0
배추,2023-02-14,2850.0,3822.0
배추,2023-02-15,2850.0,3832.0
배추,2023-02-16,2850.0,3843.0
배추,2023-02-17,2850.0,3665.0
배추,2023-02-20,2850.0,3667.0
배추,2023-02-21,2850.0,3656.0
배추,2023-02-22,2850.0,3912.0
배추,2023-02-23,2850.0,3925.0
배추,2023-02-24,2850.0,3945.0
배추,2023-02-27,2850.0,3985.0
배추,2023-02-28,2850.0,3985.0
배추,2023-03-02,2975.0,3985.0
배추,2023-03-03,3330.0,3985.0
배추,2023-03-06,3330.0,3985.0
배추,2023-03-07,3330.0,3985.0
배추,2023-03-08,3330.0,3985.0
배추,2023-03-09,3620.0,3985.0
배추,2023-03-10,3620.0,3985.0
배추,2023-03-13,3620.0,3991.0
배추,2023-03-14,3750.0,3994.0
배추,2023-03-15,3750.0,3999.0
배추,2023-03-16,3750.0,4003.0
배추,2023-03-17,3750.0,4008.0
배추,2023-03-20,3750.0,4021.0
배추,2023-03-21,3520.0,4028.0
배추,2023-03-22,3330.0,4041.0
배추,2023-03-23,3330.0,4054.0
배추,2023-03-24,3330.0,4062.0
배추,2023-03-27,3330.0,4078.0
배추,2023-03-28,3330.0,4086.0
배추,2023-03-29,3350.0,4090.0
배추,2023-03-30,3330.0,4094.0
배추,2023-03-31,3330.0,4094.0
배추,2023-04-03,3370.0,4094.0
배추,2023-04-04,3370.0,4094.0
배추,2023-04-05,3370.0,4099.0
배추,2023-04-06,3370.0,4103.0
배추,2023-04-07,3370.0,4108.0
배추,2023-04-10,3370.0,4148.0
배추,2023-04-11,3370.0,4167.0
배추,2023-04-12,3370.0,4175.0
배추,2023-04-13,3690.0,4183.0
배추,2023-04-14,3690.0,4206.0
배추,2023-04-17,3890.0,4198.0
배추,2023-04-18,3890.0,4189.0
배추,2023-04-19,3890.0,4202.0
배추,2023-04-20,3950.0,4214.0
배추,2023-04-21,3950.0,4221.0
배추,2023-04-24,3950.0,4214.0
배추,2023-04-25,4140.0,4208.0
배추,2023-04-26,4140.0,4201.0
배추,2023-04-27,4500.0,4194.0
배추,2023-04-28,4500.0,4229.0
배추,2023-05-02,4007.0,4304.0
배추,2023-05-03,4007.0,4336.0
배추,2023-05-04,4107.0,4371.0
배추,2023-05-08,4107.0,4549.0
배추,2023-05-09,4107.0,4589.0
배추,2023-05-10,4107.0,4410.0
배추,2023-05-11,3907.0,4047.0
배추,2023-05-12,3907.0,3982.0
배추,2023-05-15,3933.0,3242.0
배추,2023-05-16,4033.0,3210.0
배추,2023-05-17,4033.0,3103.0
배추,2023-05-18,3910.0,3063.0
배추,2023-05-19,3977.0,3182.0
배추,2023-05-22,3977.0,3398.0
배추,2023-05-23,4077.0,3462.0
배추,2023-05-24,4077.0,3464.0
배추,2023-05-25,4077.0,3466.0
배추,2023-05-26,4143.0,3458.0
배추,2023-05-30,3977.0,3333.0
배추,2023-05-31,3977.0,3332.0
배추,2023-06-01,3777.0,3327.0
배추,2023-06-02,3777.0,3322.0
배추,2023-06-05,3777.0,3432.0
배추,2023-06-07,3833.0,3444.0
배추,2023-06-08,3640.0,3454.0
배추,2023-06-09,3640.0,3453.0
배추,2023-06-12,3640.0,3467.0
배추,2023-06-13,3640.0,3469.0
배추,2023-06-14,3757.0,3476.0
배추,2023-06-15,3640.0,3478.0
배추,2023-06-16,3475.0,3478.0
배추,2023-06-19,3547.0,3529.0
배추,2023-06-20,3547.0,3539.0
배추,2023-06-21,3547.0,3531.0
배추,2023-06-22,3723.0,3534.0
배추,2023-06-23,3740.0,3526.0
배추,2023-06-26,3740.0,3500.0
배추,2023-06-27,3740.0,3506.0
배추,2023-06-28,3740.0,3529.0
배추,2023-06-29,3790.0,3540.0
배추,2023-06-30,3857.0,3561.0
배추,2023-07-03,3860.0,3627.0
배추,2023-07-04,3860.0,3637.0
배추,2023-07-05,3860.0,3654.0
배추,2023-07-06,3993.0,3677.0
배추,2023-07-07,3993.0,3630.0
배추,2023-07-10,3993.0,3641.0
배추,2023-07-11,3993.0,3657.0
배추,2023-07-12,3993.0,3622.0
배추,2023-07-13,3760.0,3638.0
배추,2023-07-14,3760.0,3363.0
배추,2023-07-17,3870.0,3374.0
배추,2023-07-18,3870.0,3753.0
배추,2023-07-19,4093.0,3983.0
배추,2023-07-20,4427.0,4905.0
배추,2023-07-21,4427.0,4903.0
배추,2023-07-24,4427.0,4486.0
배추,2023-07-25,4427.0,4526.0
배추,2023-07-26,4427.0,5277.0
배추,2023-07-27,4427.0,5105.0
배추,2023-07-28,4327.0,5357.0
배추,2023-07-31,4427.0,4859.0
배추,2023-08-01,4427.0,4887.0
배추,2023-08-02,4537.0,4924.0
배추,2023-08-03,4703.0,4967.0
배추,2023-08-04,5245.0,5015.0
배추,2023-08-07,5380.0,5156.0
배추,2023-08-08,5380.0,5170.0
배추,2023-08-09,5603.0,5169.0
배추,2023-08-10,6027.0,5029.0
배추,2023-08-11,6027.0,5044.0
배추,2023-08-14,6027.0,5076.0
배추,2023-08-16,6027.0,5076.0
배추,2023-08-17,5707.0,5074.0
배추,2023-08-18,5650.0,5123.0
배추,2023-08-21,5650.0,5181.0
배추,2023-08-22,5650.0,5221.0
배추,2023-08-23,5650.0,5288.0
배추,2023-08-24,5784.0,5404.0
배추,2023-08-25,5561.0,5492.0
배추,2023-08-28,5671.0,5678.0
배추,2023-08-29,5671.0,5728.0
배추,2023-08-30,5671.0,5763.0
배추,2023-08-31,5537.0,5735.0
배추,2023-09-01,5537.0,5776.0
배추,2023-09-04,5537.0,5862.0
배추,2023-09-05,5760.0,5869.0
배추,2023-09-06,5760.0,5988.0
배추,2023-09-07,5974.0,6128.0
배추,2023-09-08,5974.0,6471.0
배추,2023-09-11,5973.0,6695.0
배추,2023-09-12,5973.0,6716.0
배추,2023-09-13,5973.0,6733.0
배추,2023-09-14,5440.0,6776.0
배추,2023-09-15,5387.0,6851.0
배추,2023-09-18,5497.0,7293.0
배추,2023-09-19,5497.0,7328.0
배추,2023-09-20,5497.0,7466.0
배추,2023-09-21,6230.0,7484.0
배추,2023-09-22,6230.0,7518.0
배추,2023-09-23,6453.0,7574.0
배추,2023-09-25,6453.0,8130.0
배추,2023-09-26,6453.0,8138.0
배추,2023-09-27,6453.0,8102.0
배추,2023-10-04,7373.0,7730.0
배추,2023-10-05,7373.0,7502.0
배추,2023-10-06,7373.0,7288.0
배추,2023-10-10,7373.0,6856.0
배추,2023-10-11,7263.0,6763.0
배추,2023-10-12,7263.0,6605.0
배추,2023-10-13,7263.0,6479.0
배추,2023-10-16,7263.0,6151.0
배추,2023-10-17,7263.0,6031.0
배추,2023-10-18,7263.0,5755.0
배추,2023-10-19,6827.0,5473.0
배추,2023-10-20,6827.0,5195.0
배추,2023-10-23,6713.0,4606.0
배추,2023-10-24,6713.0,4572.0
배추,2023-10-25,6713.0,4509.0
배추,2023-10-26,7660.0,4453.0
배추,2023-10-27,6225.0,4590.0
배추,2023-10-30,5470.0,4480.0
배추,2023-10-31,5470.0,4463.0
배추,2023-11-01,5470.0,4700.0
배추,2023-11-02,4163.0,4615.0
배추,2023-11-03,4110.0,4512.0
배추,2023-11-06,4110.0,4564.0
배추,2023-11-07,4110.0,4089.0
배추,2023-11-08,4110.0,4086.0
배추,2023-11-09,3354.0,3488.0
배추,2023-11-10,2741.0,3500.0
배추,2023-11-13,2977.0,3565.0
배추,2023-11-14,2977.0,3526.0
배추,2023-11-15,2867.0,3401.0
배추,2023-11-16,2693.0,3336.0
배추,2023-11-17,2750.0,3434.0
배추,2023-11-20,2750.0,3421.0
배추,2023-11-21,2750.0,3421.0
배추,2023-11-22,2750.0,3428.0
배추,2023-11-23,2803.0,3436.0
배추,2023-11-24,2747.0,3444.0
배추,2023-11-27,2747.0,3455.0
배추,2023-11-28,2747.0,3455.0
배추,2023-11-29,2747.0,3455.0
배추,2023-11-30,3437.0,3438.0
배추,2023-12-04,3437.0,3394.0
배추,2023-12-05,3327.0,3373.0
배추,2023-12-06,3327.0,3341.0
배추,2023-12-07,3560.0,3297.0
배추,2023-12-08,3560.0,3290.0
배추,2023-12-11,3560.0,3285.0
배추,2023-12-12,3560.0,3289.0
배추,2023-12-13,3560.0,3305.0
배추,2023-12-14,2995.0,3318.0
배추,2023-12-15,2993.0,3312.0
배추,2023-12-18,2993.0,3299.0
배추,2023-12-19,2993.0,3305.0
배추,2023-12-20,2993.0,3314.0
배추,2023-12-21,2993.0,3334.0
배추,2023-12-22,2993.0,3340.0
배추,2023-12-26,2993.0,3352.0
배추,2023-12-27,2993.0,3379.0
배추,2023-12-28,3495.0,3478.0
배추,2023-12-29,3327.0,3693.0
배추,2024-01-02,3493.0,3521.0
배추,2024-01-03,3493.0,4740.0
배추,2024-01-04,3283.0,4620.0
배추,2024-01-05,3283.0,4245.0
배추,2024-01-08,3050.0,3435.0
배추,2024-01-09,3050.0,3477.0
배추,2024-01-10,3050.0,3443.0
배추,2024-01-11,2823.0,3159.0
배추,2024-01-12,2823.0,3414.0
배추,2024-01-15,2823.0,3362.0
배추,2024-01-16,2823.0,3329.0
배추,2024-01-17,2823.0,3298.0
배추,2024-01-18,2800.0,3278.0
배추,2024-01-19,2800.0,3258.0
배추,2024-01-22,2800.0,3115.0
배추,2024-01-23,2800.0,3115.0
배추,2024-01-24,2800.0,3115.0
배추,2024-01-25,3593.0,3126.0
배추,2024-01-26,3593.0,3136.0
배추,2024-01-29,3560.0,3321.0
배추,2024-01-30,3427.0,3323.0
배추,2024-01-31,3427.0,3323.0
배추,2024-02-01,3160.0,3328.0
배추,2024-02-02,3160.0,3334.0
배추,2024-02-05,3160.0,3336.0
배추,2024-02-06,3160.0,3334.0
배추,2024-02-07,3160.0,3333.0
배추,2024-02-08,3227.0,3349.0
배추,2024-02-13,3493.0,3320.0
배추,2024-02-14,3493.0,3320.0
배추,2024-02-15,3593.0,3326.0
배추,2024-02-16,3593.0,3331.0
배추,2024-02-19,3760.0,3312.0
배추,2024-02-20,3760.0,3312.0
배추,2024-02-21,3760.0,3312.0
배추,2024-02-22,3943.0,3226.0
배추,2024-02-23,3943.0,3234.0
배추,2024-02-26,3943.0,3261.0
배추,2024-02-27,3943.0,3267.0
배추,2024-02-28,3943.0,3618.0
배추,2024-02-29,4077.0,4000.0
배추,2024-03-04,3677.0,3643.0
배추,2024-03-05,3677.0,3643.0
배추,2024-03-06,3677.0,3643.0
배추,2024-03-07,3743.0,3531.0
배추,2024-03-08,3677.0,3537.0
배추,2024-03-11,3677.0,3361.0
배추,2024-03-12,3290.0,3361.0
배추,2024-03-13,3620.0,3363.0
배추,2024-03-14,3370.0,3366.0
배추,2024-03-15,3370.0,3571.0
배추,2024-03-18,3370.0,3578.0
배추,2024-03-19,3370.0,3578.0
배추,2024-03-20,3370.0,3578.0
배추,2024-03-21,3370.0,3578.0
배추,2024-03-22,3527.0,3578.0
배추,2024-03-25,3777.0,3424.0
배추,2024-03-26,3777.0,3424.0
배추,2024-03-27,3777.0,3424.0
배추,2024-03-28,3777.0,3425.0
배추,2024-03-29,3777.0,3426.0
배추,2024-04-01,3777.0,3433.0
배추,2024-04-02,3610.0,3433.0
배추,2024-04-03,3777.0,3434.0
배추,2024-04-04,4033.0,3436.0
배추,2024-04-05,4033.0,3439.0
배추,2024-04-08,4033.0,3452.0
배추,2024-04-09,4033.0,3455.0
배추,2024-04-11,3760.0,3505.0
배추,2024-04-12,3760.0,3557.0
배추,2024-04-15,3760.0,3852.0
배추,2024-04-16,3760.0,3854.0
배추,2024-04-17,4010.0,3854.0
배추,2024-04-18,3943.0,3860.0
배추,2024-04-19,4170.0,3868.0
배추,2024-04-22,4460.0,3895.0
배추,2024-04-23,4037.0,3895.0
배추,2024-04-24,4460.0,3901.0
배추,2024-04-25,4187.0,3975.0
배추,2024-04-26,4353.0,3987.0
배추,2024-04-29,4577.0,4063.0
배추,2024-04-30,4577.0,4083.0
배추,2024-05-02,4393.0,4088.0
배추,2024-05-03,4493.0,4106.0
배추,2024-05-07,5493.0,4155.0
배추,2024-05-08,5493.0,4201.0
배추,2024-05-09,2490.0,4216.0
배추,2024-05-10,2490.0,4286.0
배추,2024-05-13,2490.0,3431.0
배추,2024-05-14,2490.0,3324.0
배추,2024-05-16,2490.0,3554.0
배추,2024-05-17,2490.0,3734.0
배추,2024-05-20,2490.0,3834.0
배추,2024-05-21,2490.0,3781.0
배추,2024-05-22,2490.0,3785.0
배추,2024-05-23,2990.0,3872.0
배추,2024-05-24,2990.0,3873.0
배추,2024-05-27,2990.0,3866.0
배추,2024-05-28,3327.0,3860.0
배추,2024-05-29,3660.0,3615.0
배추,2024-05-30,3860.0,3602.0
배추,2024-05-31,3860.0,3592.0
배추,2024-06-03,3860.0,3567.0
배추,2024-06-04,3860.0,3580.0
배추,2024-06-05,3860.0,3569.0
배추,2024-06-07,3860.0,3576.0
배추,2024-06-10,3860.0,3591.0
배추,2024-06-11,3795.0,3603.0
배추,2024-06-12,3795.0,3607.0
배추,2024-06-13,3495.0,3608.0
배추,2024-06-14,3327.0,3611.0
배추,2024-06-17,3327.0,3609.0
배추,2024-06-18,3327.0,3634.0
배추,2024-06-19,3327.0,3652.0
배추,2024-06-20,3427.0,3667.0
배추,2024-06-21,3427.0,3671.0
배추,2024-06-24,3427.0,3688.0
배추,2024-06-25,3427.0,3676.0
배추,2024-06-26,3760.0,3676.0
배추,2024-06-27,4295.0,3682.0
배추,2024-06-28,4295.0,3703.0
배추,2024-07-01,4295.0,3732.0
배추,2024-07-02,4295.0,3754.0
배추,2024-07-03,4193.0,3762.0
배추,2024-07-04,4660.0,3771.0
배추,2024-07-05,4660.0,3715.0
배추,2024-07-08,4660.0,3779.0
배추,2024-07-09,4660.0,3779.0
배추,2024-07-10,4660.0,3779.0
배추,2024-07-11,6245.0,3756.0
배추,2024-07-12,6245.0,3703.0
배추,2024-07-15,5827.0,3393.0
배추,2024-07-16,5827.0,3393.0
배추,2024-07-17,5827.0,3385.0
배추,2024-07-18,5993.0,3785.0
배추,2024-07-19,5993.0,3835.0
배추,2024-07-22,5993.0,4386.0
배추,2024-07-23,5993.0,4391.0
배추,2024-07-24,5993.0,4156.0
배추,2024-07-25,5993.0,4155.0
배추,2024-07-26,5993.0,4385.0
배추,2024-07-29,5993.0,5033.0
배추,2024-07-30,5993.0,4654.0
배추,2024-07-31,5993.0,4704.0
배추,2024-08-01,5993.0,4711.0
배추,2024-08-02,5327.0,4751.0
배추,2024-08-05,5327.0,4864.0
배추,2024-08-06,5493.0,4893.0
배추,2024-08-07,6160.0,4957.0
배추,2024-08-08,6160.0,5025.0
배추,2024-08-09,6160.0,5077.0
배추,2024-08-12,6160.0,5213.0
배추,2024-08-13,6160.0,5213.0
배추,2024-08-14,6160.0,5198.0
배추,2024-08-16,7245.0,5173.0
배추,2024-08-19,7245.0,5051.0
배추,2024-08-20,7245.0,5070.0
배추,2024-08-21,7245.0,5131.0
배추,2024-08-22,8245.0,5170.0
배추,2024-08-23,8160.0,5191.0
배추,2024-08-26,8160.0,5364.0
배추,2024-08-27,9160.0,5396.0
배추,2024-08-28,9160.0,5402.0
배추,2024-08-29,7427.0,5381.0
배추,2024-08-30,7427.0,5379.0
배추,2024-09-02,7427.0,5452.0
배추,2024-09-03,7427.0,5506.0
배추,2024-09-04,7427.0,5529.0
배추,2024-09-05,7950.0,5597.0
배추,2024-09-06,7950.0,5753.0
배추,2024-09-09,7950.0,6168.0
배추,2024-09-10,8117.0,6204.0
배추,2024-09-11,8117.0,6247.0
배추,2024-09-12,8823.0,6231.0
배추,2024-09-13,8823.0,6198.0
배추,2024-09-19,9660.0,6630.0
배추,2024-09-20,9660.0,6790.0
배추,2024-09-23,11327.0,7147.0
배추,2024-09-24,11993.0,7568.0
배추,2024-09-25,11660.0,7625.0
배추,2024-09-26,12327.0,7717.0
배추,2024-09-27,12327.0,7771.0
배추,2024-09-30,10160.0,7690.0
배추,2024-10-02,10160.0,7729.0
배추,2024-10-04,10160.0,7711.0
배추,2024-10-07,10193.0,7414.0
배추,2024-10-08,10093.0,7284.0
배추,2024-10-10,10693.0,7233.0
배추,2024-10-11,10027.0,7168.0
배추,2024-10-14,10027.0,6927.0
배추,2024-10-15,10027.0,6876.0
배추,2024-10-16,10027.0,6781.0
배추,2024-10-17,11027.0,6652.0
배추,2024-10-18,10693.0,6421.0
배추,2024-10-21,10493.0,5536.0
배추,2024-10-22,10493.0,5308.0
배추,2024-10-23,10493.0,5233.0
배추,2024-10-24,8893.0,4957.0
배추,2024-10-25,6977.0,4906.0
배추,2024-10-28,7503.0,4989.0
배추,2024-10-29,7503.0,4939.0
배추,2024-10-30,6893.0,4914.0
배추,2024-10-31,5160.0,4594.0
배추,2024-11-01,5160.0,4246.0
배추,2024-11-04,4937.0,4314.0
배추,2024-11-05,4937.0,4358.0
배추,2024-11-06,5183.0,4298.0
배추,2024-11-07,4618.0,4141.0
배추,2024-11-08,4157.0,3945.0
배추,2024-11-11,3933.0,3132.0
배추,2024-11-12,3933.0,3060.0
배추,2024-11-13,3823.0,3050.0
배추,2024-11-14,3203.0,3014.0
배추,2024-11-15,3203.0,2979.0
배추,2024-11-18,3203.0,2934.0
배추,2024-11-19,3313.0,2937.0
배추,2024-11-20,3313.0,2953.0
배추,2024-11-21,3313.0,2958.0
배추,2024-11-22,3313.0,2964.0
배추,2024-11-25,3313.0,2983.0
배추,2024-11-26,3313.0,2988.0
배추,2024-11-27,3423.0,2987.0
배추,2024-11-28,3537.0,3035.0
배추,2024-11-29,3537.0,3086.0
배추,2024-12-02,4287.0,3146.0
배추,2024-12-03,4397.0,3134.0
배추,2024-12-04,4397.0,3151.0
배추,2024-12-05,5047.0,3216.0
배추,2024-12-09,5047.0,3275.0
배추,2024-12-10,5213.0,3273.0
배추,2024-12-11,5213.0,3272.0
배추,2024-12-12,4770.0,3144.0
배추,2024-12-13,4770.0,3142.0
배추,2024-12-16,4828.0,3060.0
배추,2024-12-17,4828.0,3054.0
배추,2024-12-18,4828.0,3054.0
배추,2024-12-19,4660.0,3184.0
배추,2024-12-20,4660.0,3189.0
배추,2024-12-23,4770.0,3207.0
배추,2024-12-24,4770.0,3210.0
배추,2024-12-26,5080.0,3413.0
배추,2024-12-27,5080.0,3448.0
배추,2024-12-30,4603.0,3626.0
배추,2024-12-31,4970.0,3641.0
배추,2025-01-02,5103.0,3613.0
배추,2025-01-03,5270.0,3717.0
배추,2025-01-06,5380.0,3203.0
배추,2025-01-07,5380.0,3203.0
배추,2025-01-08,5380.0,3185.0
배추,2025-01-09,4780.0,3116.0
배추,2025-01-10,4780.0,3047.0
배추,2025-01-13,4780.0,3075.0
배추,2025-01-14,4837.0,3075.0
배추,2025-01-15,4727.0,3075.0
배추,2025-01-16,4727.0,3071.0
배추,2025-01-17,4727.0,3060.0
배추,2025-01-20,4727.0,3027.0
배추,2025-01-21,4727.0,2902.0
배추,2025-01-22,4727.0,2977.0
배추,2025-01-23,4860.0,3045.0
배추,2025-01-24,4860.0,3113.0
배추,2025-01-31,4940.0,3292.0
배추,2025-02-03,4940.0,3191.0
배추,2025-02-04,4860.0,3197.0
배추,2025-02-05,4913.0,3197.0
배추,2025-02-06,4913.0,3203.0
배추,2025-02-07,5357.0,3239.0
배추,2025-02-10,5357.0,3347.0
배추,2025-02-11,5357.0,3353.0
배추,2025-02-12,5357.0,3353.0
배추,2025-02-13,5187.0,3383.0
배추,2025-02-14,5187.0,3435.0
배추,2025-02-17,5297.0,3545.0
배추,2025-02-18,5467.0,3549.0
배추,2025-02-19,5467.0,3562.0
배추,2025-02-20,5373.0,3597.0
배추,2025-02-21,5263.0,3631.0
배추,2025-02-24,5373.0,3630.0
배추,2025-02-25,5373.0,3634.0
배추,2025-02-26,5263.0,3638.0
배추,2025-02-27,5397.0,3656.0
배추,2025-02-28,5397.0,3888.0
배추,2025-03-04,5397.0,3818.0
배추,2025-03-05,5397.0,3788.0
배추,2025-03-06,5970.0,3728.0
배추,2025-03-07,5970.0,3731.0
배추,2025-03-10,6080.0,3507.0
배추,2025-03-11,6080.0,3508.0
배추,2025-03-12,6080.0,3471.0
배추,2025-03-13,6013.0,3434.0
배추,2025-03-14,6013.0,3396.0
배추,2025-03-17,6013.0,3511.0
배추,2025-03-18,6013.0,3511.0
배추,2025-03-19,5903.0,3511.0
배추,2025-03-20,6103.0,3511.0
배추,2025-03-21,6103.0,3520.0
배추,2025-03-24,6103.0,3432.0
배추,2025-03-25,6103.0,3442.0
배추,2025-03-26,6103.0,3475.0
배추,2025-03-27,6103.0,3482.0
배추,2025-03-28,6103.0,3482.0
배추,2025-03-31,6103.0,3474.0
배추,2025-04-01,6103.0,3477.0
배추,2025-04-02,6103.0,3502.0
배추,2025-04-03,6437.0,3528.0
배추,2025-04-04,6437.0,3555.0
배추,2025-04-07,6437.0,3620.0
배추,2025-04-08,6437.0,3605.0
배추,2025-04-09,6547.0,3587.0
배추,2025-04-10,6547.0,3577.0
배추,2025-04-11,6547.0,3605.0
배추,2025-04-14,6660.0,3704.0
배추,2025-04-15,6547.0,3748.0
배추,2025-04-16,6547.0,3749.0
배추,2025-04-17,5867.0,3740.0
배추,2025-04-18,5867.0,3823.0
배추,2025-04-21,5867.0,3834.0
배추,2025-04-22,5867.0,4265.0
배추,2025-04-23,5867.0,4275.0
배추,2025-04-24,5547.0,4289.0
배추,2025-04-25,5547.0,4570.0
배추,2025-04-28,5547.0,3983.0
배추,2025-04-29,5547.0,3874.0
배추,2025-04-30,5437.0,3903.0
배추,2025-05-02,5770.0,3893.0
배추,2025-05-07,5770.0,3955.0
배추,2025-05-08,4828.0,3993.0
배추,2025-05-09,4953.0,3997.0
배추,2025-05-12,4910.0,4137.0
배추,2025-05-13,4910.0,3157.0
배추,2025-05-14,4910.0,3049.0
배추,2025-05-15,3937.0,3645.0
배추,2025-05-16,3937.0,3641.0
배추,2025-05-19,3827.0,3690.0
배추,2025-05-20,3827.0,3719.0
배추,2025-05-21,3827.0,3734.0
배추,2025-05-22,3160.0,3669.0
배추,2025-05-23,3160.0,3724.0
배추,2025-05-26,3160.0,3824.0
배추,2025-05-27,3160.0,3816.0
배추,2025-05-28,3160.0,3840.0
배추,2025-05-29,3370.0,3877.0
배추,2025-05-30,3370.0,3880.0
배추,2025-06-02,3370.0,3904.0
배추,2025-06-04,3590.0,3900.0
배추,2025-06-05,3380.0,3860.0
배추,2025-06-09,3380.0,3852.0
배추,2025-06-10,3313.0,3845.0
배추,2025-06-11,3313.0,3817.0
배추,2025-06-12,3480.0,3793.0
배추,2025-06-13,3480.0,3768.0
배추,2025-06-16,3927.0,3685.0
배추,2025-06-17,3813.0,3683.0
배추,2025-06-18,3813.0,3681.0
배추,2025-06-19,3547.0,3683.0
배추,2025-06-20,3547.0,3688.0
배추,2025-06-23,3660.0,3716.0
배추,2025-06-24,3660.0,3727.0
배추,2025-06-25,3660.0,3757.0
배추,2025-06-26,3827.0,3805.0
배추,2025-06-27,3827.0,3848.0
배추,2025-06-30,3827.0,3922.0
배추,2025-07-01,3827.0,3942.0
배추,2025-07-02,3827.0,3974.0
배추,2025-07-03,3660.0,4006.0
배추,2025-07-04,3660.0,4047.0
배추,2025-07-07,4160.0,4086.0
배추,2025-07-08,4270.0,4096.0
배추,2025-07-09,4270.0,4141.0
배추,2025-07-10,4437.0,4186.0
배추,2025-07-11,4660.0,4211.0
배추,2025-07-14,4660.0,4445.0
배추,2025-07-15,4827.0,4443.0
배추,2025-07-16,4993.0,4480.0
배추,2025-07-17,4993.0,4652.0
배추,2025-07-18,4993.0,4696.0
배추,2025-07-21,5827.0,4757.0
배추,2025-07-22,5827.0,4786.0
배추,2025-07-23,5827.0,4391.0
배추,2025-07-24,5027.0,4391.0
배추,2025-07-25,5360.0,4591.0
배추,2025-07-28,5360.0,5673.0
배추,2025-07-29,5360.0,5768.0
배추,2025-07-30,5360.0,5355.0
배추,2025-07-31,6160.0,5217.0
배추,2025-08-01,6160.0,5143.0
배추,2025-08-04,6160.0,5267.0
배추,2025-08-05,6160.0,5363.0
배추,2025-08-06,6160.0,5411.0
배추,2025-08-07,6880.0,5526.0
배추,2025-08-08,6880.0,5624.0
배추,2025-08-11,6880.0,6022.0
배추,2025-08-12,7213.0,6069.0
배추,2025-08-13,7213.0,6149.0
배추,2025-08-14,7547.0,6210.0
배추,2025-08-18,7547.0,6006.0
배추,2025-08-19,7547.0,5973.0
배추,2025-08-20,7547.0,6039.0
배추,2025-08-21,6880.0,6153.0
배추,2025-08-22,6880.0,6232.0
배추,2025-08-25,6880.0,6557.0
배추,2025-08-26,6880.0,6676.0
배추,2025-08-27,6880.0,6683.0
배추,2025-08-28,6660.0,6634.0
배추,2025-08-29,6660.0,6569.0
배추,2025-09-01,6660.0,6428.0
배추,2025-09-02,6660.0,6454.0
배추,2025-09-03,6660.0,6507.0
배추,2025-09-04,6660.0,6544.0
배추,2025-09-05,6660.0,6606.0
배추,2025-09-08,6660.0,7171.0
배추,2025-09-09,6993.0,7290.0
배추,2025-09-10,6993.0,7322.0
배추,2025-09-11,6993.0,7351.0
배추,2025-09-12,6993.0,7395.0
배추,2025-09-15,6593.0,7636.0
배추,2025-09-16,6593.0,7835.0
배추,2025-09-17,6593.0,7917.0
배추,2025-09-18,7037.0,7994.0
배추,2025-09-19,7037.0,8109.0
배추,2025-09-22,7037.0,8606.0
배추,2025-09-23,6170.0,8761.0
배추,2025-09-24,6170.0,8929.0
배추,2025-09-25,6170.0,9102.0
배추,2025-09-26,6170.0,9115.0
배추,2025-09-29,6427.0,9039.0
배추,2025-09-30,6327.0,8974.0
배추,2025-10-01,6427.0,8904.0
배추,2025-10-02,6427.0,8887.0
배추,2025-10-10,7827.0,8157.0
배추,2025-10-13,7827.0,7939.0
배추,2025-10-14,7380.0,7888.0
배추,2025-10-15,7047.0,7872.0
배추,2025-10-16,6547.0,7778.0
배추,2025-10-17,6547.0,7730.0
배추,2025-10-20,6437.0,6930.0
배추,2025-10-21,6437.0,6555.0
배추,2025-10-22,6437.0,6132.0
배추,2025-10-23,6770.0,5872.0
배추,2025-10-24,6770.0,5836.0
배추,2025-10-27,6547.0,5549.0
배추,2025-10-28,6547.0,5504.0
배추,2025-10-29,6547.0,5280.0
배추,2025-10-30,4270.0,5134.0
배추,2025-10-31,4270.0,4802.0
배추,2025-11-03,3710.0,4000.0
배추,2025-11-04,3710.0,4390.0
배추,2025-11-05,3710.0,4481.0
배추,2025-11-06,3083.0,4223.0
배추,2025-11-07,3307.0,4100.0
배추,2025-11-10,3307.0,3638.0
배추,2025-11-11,3307.0,3415.0
배추,2025-11-12,3307.0,3158.0
배추,2025-11-13,2996.0,3198.0
배추,2025-11-14,2996.0,3112.0
배추,2025-11-17,1960.0,2950.0
배추,2025-11-18,3995.0,2927.0
배추,2025-11-19,3995.0,2918.0
배추,2025-11-20,3880.0,2922.0
배추,2025-11-21,3880.0,2929.0
배추,2025-11-24,3880.0,2946.0
배추,2025-11-25,3880.0,2955.0
배추,2025-11-26,3880.0,2967.0
배추,2025-11-27,4430.0,2974.0
배추,2025-11-28,4763.0,3044.0
배추,2025-12-01,4983.0,3180.0
배추,2025-12-02,4983.0,3194.0
배추,2025-12-03,4983.0,3240.0
배추,2025-12-04,5040.0,3307.0
배추,2025-12-08,5040.0,3398.0
배추,2025-12-09,5303.0,3420.0
배추,2025-12-10,5303.0,3435.0
배추,2025-12-11,5137.0,3431.0
배추,2025-12-12,5303.0,3280.0
배추,2025-12-15,5137.0,3220.0
배추,2025-12-16,5137.0,3188.0
배추,2025-12-17,5027.0,2904.0
배추,2025-12-18,5827.0,3359.0
배추,2025-12-19,5827.0,3257.0
배추,2025-12-22,5827.0,3406.0
배추,2025-12-23,5827.0,3431.0
배추,2025-12-24,5827.0,3456.0
배추,2025-12-26,5493.0,3672.0
배추,2025-12-29,5493.0,4084.0
배추,2025-12-30,5493.0,4122.0
배추,2025-12-31,5493.0,4153.0
배추,2026-01-02,5493.0,4134.0
배추,2026-01-05,5493.0,4103.0
배추,2026-01-06,5493.0,3739.0
배추,2026-01-07,5493.0,3700.0
배추,2026-01-08,5410.0,3651.0
배추,2026-01-09,5437.0,3572.0
배추,2026-01-12,5437.0,3401.0
배추,2026-01-13,5437.0,3385.0
배추,2026-01-14,5437.0,3383.0
배추,2026-01-15,5327.0,3381.0
배추,2026-01-16,5327.0,3377.0
배추,2026-01-19,5437.0,3353.0
배추,2026-01-20,5437.0,3346.0
배추,2026-01-21,5437.0,3163.0
배추,2026-01-22,5327.0,3242.0
배추,2026-01-23,5327.0,3288.0
배추,2026-01-26,5327.0,3406.0
배추,2026-01-27,5327.0,3522.0
배추,2026-01-28,5327.0,3514.0
배추,2026-01-29,5327.0,3517.0
배추,2026-01-30,5437.0,3494.0
배추,2026-02-02,5437.0,3449.0
배추,2026-02-03,5437.0,3454.0
배추,2026-02-04,5327.0,3492.0
배추,2026-02-05,5327.0,3538.0
배추,2026-02-06,5327.0,3580.0
배추,2026-02-09,5327.0,3687.0
배추,2026-02-10,5327.0,3702.0
배추,2026-02-11,5327.0,3728.0
배추,2026-02-12,5493.0,3715.0
배추,2026-02-13,5493.0,3725.0
배추,2026-02-19,5493.0,3695.0
배추,2026-02-20,5493.0,3725.0
배추,2026-02-23,5493.0,3701.0
배추,2026-02-24,5660.0,3719.0
배추,2026-02-25,5660.0,3736.0
배추,2026-02-26,5660.0,3753.0
배추,2026-02-27,5660.0,3773.0
배추,2026-03-03,5660.0,4133.0
배추,2026-03-04,5660.0,4174.0
배추,2026-03-05,5327.0,4211.0
배추,2026-03-06,5327.0,4229.0
배추,2026-03-09,5327.0,3800.0
배추,2026-03-10,5327.0,3800.0
배추,2026-03-11,5327.0,3799.0
배추,2026-03-12,5327.0,3776.0
배추,2026-03-13,5327.0,3749.0
배추,2026-03-16,5327.0,4007.0
배추,2026-03-17,5327.0,4009.0
배추,2026-03-18,5327.0,4029.0
배추,2026-03-19,5327.0,4049.0
배추,2026-03-20,5327.0,4069.0
배추,2026-03-23,5327.0,4166.0
배추,2026-03-24,5327.0,3863.0
배추,2026-03-25,5327.0,3876.0
배추,2026-03-26,4993.0,3909.0
배추,2026-03-27,4993.0,3922.0
배추,2026-03-30,4993.0,3915.0
배추,2026-03-31,4993.0,3915.0
배추,2026-04-01,4993.0,3933.0
배추,2026-04-02,4993.0,3967.0
배추,2026-04-03,4993.0,4001.0
배추,2026-04-06,4880.0,4096.0
배추,2026-04-07,4880.0,4098.0
배추,2026-04-08,4880.0,4092.0
배추,2026-04-09,4880.0,4081.0
배추,2026-04-10,5213.0,4073.0
배추,2026-04-13,5213.0,4345.0
배추,2026-04-14,5213.0,4396.0
배추,2026-04-15,5213.0,4404.0
배추,2026-04-16,5213.0,4362.0
배추,2026-04-17,5103.0,4313.0
배추,2026-04-20,5103.0,4447.0
배추,2026-04-21,5103.0,4457.0
배추,2026-04-22,5103.0,4721.0
배추,2026-04-23,4660.0,4682.0
배추,2026-04-24,4660.0,4649.0
배추,2026-04-27,4825.0,4241.0
배추,2026-04-28,4825.0,4245.0
배추,2026-04-29,4825.0,4233.0
배추,2026-04-30,4075.0,4282.0
배추,2026-05-04,4075.0,4804.0
배추,2026-05-06,4075.0,4809.0
배추,2026-05-07,3825.0,3850.0
배추,2026-05-08,3825.0,3822.0
배추,2026-05-11,3825.0,4282.0
배추,2026-05-12,3825.0,4212.0
배추,2026-05-13,3825.0,3571.0
배추,2026-05-14,3825.0,3429.0
배추,2026-05-15,3825.0,3651.0
배추,2026-05-18,3883.0,3650.0
배추,2026-05-19,3660.0,3630.0
배추,2026-05-20,3660.0,3593.0
배추,2026-05-21,4037.0,3563.0
배추,2026-05-22,4037.0,3480.0
배추,2026-05-26,4037.0,3514.0
배추,2026-05-27,4037.0,3521.0
배추,2026-05-28,4037.0,3550.0
배추,2026-05-29,4037.0,3593.0
배추,2026-06-01,4037.0,3616.0
배추,2026-06-02,4037.0,3597.0
배추,2026-06-04,3827.0,3581.0
배추,2026-06-05,3827.0,3566.0
배추,2026-06-08,3827.0,3558.0
배추,2026-06-09,3827.0,3557.0
배추,2026-06-10,3827.0,3542.0
배추,2026-06-11,3993.0,3530.0
배추,2026-06-12,3993.0,3558.0
배추,2026-06-15,3993.0,3532.0
배추,2026-06-16,3993.0,3538.0
배추,2026-06-17,3993.0,3530.0
배추,2026-06-18,4160.0,3518.0
배추,2026-06-19,4160.0,3493.0
배추,2026-06-22,4160.0,3501.0
배추,2026-06-23,4160.0,3500.0
배추,2026-06-24,4160.0,3531.0
배추,2026-06-25,4160.0,3576.0
배추,2026-06-26,4160.0,3648.0
배추,2026-06-29,4160.0,3773.0
배추,2026-06-30,4160.0,3792.0
배추,2026-07-01,4160.0,3793.0
배추,2026-07-02,4270.0,3786.0
배추,2026-07-03,4270.0,3835.0
배추,2026-07-06,4270.0,3908.0
배추,2026-07-07,4437.0,3930.0
배추,2026-07-08,3503.0,3969.0
배추,2026-07-09,3503.0,4061.0
배추,2026-07-10,3503.0,4111.0
배추,2026-07-13,3503.0,4446.0
배추,2026-07-14,3503.0,4493.0
배추,2026-07-15,3878.0,4525.0
배추,2026-07-16,4273.0,4580.0
배추,2026-07-20,3900.0,4996.0
배추,2026-07-21,3900.0,4746.0
배추,2026-07-22,3900.0,4786.0
배추,2026-07-23,4125.0,4482.0
배추,2026-07-24,4057.0,4475.0
배추,2026-07-27,4057.0,5085.0
배추,2026-07-28,4057.0,5440.0
배추,2026-07-29,4057.0,5570.0
배추,2026-07-30,4070.0,5030.0
배추,2026-07-31,4180.0,5031.0
배추,2026-08-03,4403.0,5117.0
배추,2026-08-04,4403.0,5208.0
배추,2026-08-05,4513.0,5348.0
배추,2026-08-06,4473.0,5442.0
배추,2026-08-07,4473.0,5595.0
배추,2026-08-10,4473.0,6104.0
배추,2026-08-11,4473.0,6149.0
배추,2026-08-12,4473.0,6203.0
배추,2026-08-13,4887.0,6287.0
배추,2026-08-14,4887.0,6354.0
배추,2026-08-18,4887.0,6114.0
배추,2026-08-19,4887.0,6062.0
배추,2026-08-20,5527.0,6062.0
배추,2026-08-21,5527.0,6074.0
배추,2026-08-24,5527.0,6167.0
배추,2026-08-25,5527.0,6167.0
배추,2026-08-26,5527.0,6164.0
배추,2026-08-27,5527.0,6093.0
배추,2026-08-28,5860.0,6011.0
배추,2026-08-31,5860.0,5779.0
배추,2026-09-01,5860.0,5817.0
배추,2026-09-02,5860.0,5867.0
배추,2026-09-03,6160.0,5925.0
배추,2026-09-04,6160.0,5963.0
배추,2026-09-07,6160.0,6474.0
배추,2026-09-08,6160.0,6747.0
배추,2026-09-09,6160.0,6868.0
배추,2026-09-10,5363.0,6887.0
배추,2026-09-11,5363.0,6885.0
배추,2026-09-14,5363.0,6886.0
배추,2026-09-15,5447.0,6883.0
배추,2026-09-16,5613.0,6985.0
배추,2026-09-17,5617.0,6987.0
배추,2026-09-18,5617.0,7011.0
삼겹살,2023-01-01,2487.0,
삼겹살,2023-01-02,2488.0,2601.0
삼겹살,2023-01-03,2488.0,2597.0
삼겹살,2023-01-04,2488.0,2597.0
삼겹살,2023-01-05,2489.0,2600.0
삼겹살,2023-01-06,2481.0,2596.0
삼겹살,2023-01-07,2474.0,2464.0
삼겹살,2023-01-08,2474.0,2464.0
삼겹살,2023-01-09,2475.0,2464.0
삼겹살,2023-01-10,2476.0,2464.0
삼겹살,2023-01-11,2476.0,2464.0
삼겹살,2023-01-12,2470.0,2464.0
삼겹살,2023-01-13,2428.0,2458.0
삼겹살,2023-01-14,2426.0,2556.0
삼겹살,2023-01-15,2426.0,2556.0
삼겹살,2023-01-16,2425.0,2556.0
삼겹살,2023-01-17,2428.0,2555.0
삼겹살,2023-01-18,2428.0,2574.0
삼겹살,2023-01-19,2427.0,2572.0
삼겹살,2023-01-20,2383.0,2568.0
삼겹살,2023-01-21,2383.0,2323.0
삼겹살,2023-01-22,2383.0,2325.0
삼겹살,2023-01-23,2383.0,2325.0
삼겹살,2023-01-24,2377.0,2315.0
삼겹살,2023-01-25,2374.0,2315.0
삼겹살,2023-01-26,2377.0,2282.0
삼겹살,2023-01-27,2514.0,2280.0
삼겹살,2023-01-28,2522.0,2279.0
삼겹살,2023-01-29,2518.0,2276.0
삼겹살,2023-01-30,2519.0,2276.0
삼겹살,2023-01-31,2515.0,2148.0
삼겹살,2023-02-01,2515.0,2136.0
삼겹살,2023-02-02,2502.0,2139.0
삼겹살,2023-02-03,2403.0,2140.0
삼겹살,2023-02-04,2399.0,2169.0
삼겹살,2023-02-05,2405.0,2162.0
삼겹살,2023-02-06,2403.0,2159.0
삼겹살,2023-02-07,2403.0,2160.0
삼겹살,2023-02-08,2403.0,2159.0
삼겹살,2023-02-09,2384.0,2159.0
삼겹살,2023-02-10,2374.0,2157.0
삼겹살,2023-02-11,2388.0,2178.0
삼겹살,2023-02-12,2388.0,2175.0
삼겹살,2023-02-13,2361.0,2163.0
삼겹살,2023-02-14,2357.0,2156.0
삼겹살,2023-02-15,2347.0,2155.0
삼겹살,2023-02-16,2349.0,
삼겹살,2023-02-17,2346.0,
삼겹살,2023-02-18,2351.0,
삼겹살,2023-02-19,2347.0,
삼겹살,2023-02-20,2393.0,
삼겹살,2023-02-21,2371.0,
삼겹살,2023-02-22,2375.0,
삼겹살,2023-02-23,2375.0,
삼겹살,2023-02-24,2392.0,
삼겹살,2023-02-25,2392.0,
삼겹살,2023-02-26,2392.0,
삼겹살,2023-02-27,2390.0,
삼겹살,2023-02-28,2390.0,
삼겹살,2023-03-01,2383.0,
삼겹살,2023-03-02,2388.0,
삼겹살,2023-03-03,2043.0,
삼겹살,2023-03-04,2043.0,
삼겹살,2023-03-05,2046.0,
삼겹살,2023-03-06,2042.0,
삼겹살,2023-03-07,2042.0,
삼겹살,2023-03-08,2042.0,
삼겹살,2023-03-09,2040.0,
삼겹살,2023-03-10,2199.0,
삼겹살,2023-03-11,2199.0,
삼겹살,2023-03-12,2199.0,
삼겹살,2023-03-13,2203.0,
삼겹살,2023-03-14,2203.0,
삼겹살,2023-03-15,2203.0,
삼겹살,2023-03-16,2199.0,
삼겹살,2023-03-17,2199.0,
삼겹살,2023-03-18,2199.0,
삼겹살,2023-03-19,2201.0,
삼겹살,2023-03-20,2190.0,
삼겹살,2023-03-21,2199.0,
삼겹살,2023-03-22,2160.0,
삼겹살,2023-03-23,2160.0,
삼겹살,2023-03-24,2159.0,
삼겹살,2023-03-25,2161.0,
삼겹살,2023-03-26,2161.0,
삼겹살,2023-03-27,2187.0,
삼겹살,2023-03-28,2187.0,
삼겹살,2023-03-29,2187.0,
삼겹살,2023-03-30,2187.0,
삼겹살,2023-03-31,2187.0,
삼겹살,2023-04-01,2189.0,
삼겹살,2023-04-02,2189.0,
삼겹살,2023-04-03,2205.0,
삼겹살,2023-04-04,2205.0,
삼겹살,2023-04-05,2208.0,
삼겹살,2023-04-06,2208.0,
삼겹살,2023-04-07,2208.0,
삼겹살,2023-04-08,2200.0,
삼겹살,2023-04-09,2199.0,
삼겹살,2023-04-10,2225.0,
삼겹살,2023-04-11,2227.0,
삼겹살,2023-04-12,2236.0,
삼겹살,2023-04-13,2235.0,
삼겹살,2023-04-14,2237.0,
삼겹살,2023-04-15,2237.0,
삼겹살,2023-04-16,2237.0,
삼겹살,2023-04-17,2241.0,
삼겹살,2023-04-18,2241.0,
삼겹살,2023-04-19,2247.0,
삼겹살,2023-04-20,2259.0,
삼겹살,2023-04-21,2270.0,
삼겹살,2023-04-22,2270.0,
삼겹살,2023-04-23,2469.0,
삼겹살,2023-04-24,2460.0,
삼겹살,2023-04-25,2464.0,
삼겹살,2023-04-26,2473.0,
삼겹살,2023-04-27,2478.0,
삼겹살,2023-04-28,2478.0,2447.0
삼겹살,2023-04-29,2474.0,
삼겹살,2023-04-30,2474.0,
삼겹살,2023-05-01,2476.0,
삼겹살,2023-05-02,2574.0,
삼겹살,2023-05-03,2582.0,
삼겹살,2023-05-04,2582.0,
삼겹살,2023-05-05,2582.0,
삼겹살,2023-05-06,2582.0,
삼겹살,2023-05-07,2582.0,
삼겹살,2023-05-08,2594.0,
삼겹살,2023-05-09,2594.0,
삼겹살,2023-05-10,2594.0,
삼겹살,2023-05-11,2594.0,
삼겹살,2023-05-12,2596.0,2675.0
삼겹살,2023-05-13,2596.0,2680.0
삼겹살,2023-05-14,2596.0,2680.0
삼겹살,2023-05-15,2600.0,2680.0
삼겹살,2023-05-16,2600.0,2678.0
삼겹살,2023-05-17,2596.0,2727.0
삼겹살,2023-05-18,2629.0,2732.0
삼겹살,2023-05-19,2630.0,2753.0
삼겹살,2023-05-20,2617.0,2753.0
삼겹살,2023-05-21,2628.0,2753.0
삼겹살,2023-05-22,2628.0,2753.0
삼겹살,2023-05-23,2637.0,2775.0
삼겹살,2023-05-24,2640.0,2775.0
삼겹살,2023-05-25,2633.0,2803.0
삼겹살,2023-05-26,2698.0,2844.0
삼겹살,2023-05-27,2687.0,2964.0
삼겹살,2023-05-28,2687.0,2953.0
삼겹살,2023-05-29,2692.0,2953.0
삼겹살,2023-05-30,2694.0,2936.0
삼겹살,2023-05-31,2713.0,2936.0
삼겹살,2023-06-01,2696.0,2933.0
삼겹살,2023-06-02,2710.0,2934.0
삼겹살,2023-06-03,2693.0,2836.0
삼겹살,2023-06-04,2693.0,2836.0
삼겹살,2023-06-05,2710.0,2836.0
삼겹살,2023-06-06,2696.0,2836.0
삼겹살,2023-06-07,2666.0,2852.0
삼겹살,2023-06-08,2674.0,2838.0
삼겹살,2023-06-09,2526.0,2844.0
삼겹살,2023-06-10,2543.0,2855.0
삼겹살,2023-06-11,2536.0,2837.0
삼겹살,2023-06-12,2537.0,2876.0
삼겹살,2023-06-13,2549.0,2900.0
삼겹살,2023-06-14,2540.0,2882.0
삼겹살,2023-06-15,2560.0,2895.0
삼겹살,2023-06-16,2699.0,2893.0
삼겹살,2023-06-17,2708.0,2979.0
삼겹살,2023-06-18,2708.0,2986.0
삼겹살,2023-06-19,2708.0,2960.0
삼겹살,2023-06-20,2708.0,2950.0
삼겹살,2023-06-21,2700.0,2940.0
삼겹살,2023-06-22,2710.0,2940.0
삼겹살,2023-06-23,2713.0,2940.0
삼겹살,2023-06-24,2713.0,2934.0
삼겹살,2023-06-25,2724.0,2934.0
삼겹살,2023-06-26,2637.0,2934.0
삼겹살,2023-06-27,2649.0,2927.0
삼겹살,2023-06-28,2646.0,2930.0
삼겹살,2023-06-29,2658.0,2930.0
삼겹살,2023-06-30,2670.0,2923.0
삼겹살,2023-07-01,2670.0,2852.0
삼겹살,2023-07-02,2670.0,2852.0
삼겹살,2023-07-03,2670.0,2859.0
삼겹살,2023-07-04,2670.0,2851.0
삼겹살,2023-07-05,2670.0,2852.0
삼겹살,2023-07-06,2672.0,2838.0
삼겹살,2023-07-07,2660.0,2821.0
삼겹살,2023-07-08,2660.0,2809.0
삼겹살,2023-07-09,2663.0,2809.0
삼겹살,2023-07-10,2661.0,2809.0
삼겹살,2023-07-11,2661.0,2799.0
삼겹살,2023-07-12,2666.0,2759.0
삼겹살,2023-07-13,2661.0,2739.0
삼겹살,2023-07-14,2650.0,2739.0
삼겹살,2023-07-15,2650.0,2683.0
삼겹살,2023-07-16,2645.0,2661.0
삼겹살,2023-07-17,2668.0,2661.0
삼겹살,2023-07-18,2644.0,2657.0
삼겹살,2023-07-19,2643.0,2625.0
삼겹살,2023-07-20,2628.0,2631.0
삼겹살,2023-07-21,2659.0,2633.0
삼겹살,2023-07-22,2654.0,2625.0
삼겹살,2023-07-23,2654.0,2625.0
삼겹살,2023-07-24,2677.0,2625.0
삼겹살,2023-07-25,2673.0,2597.0
삼겹살,2023-07-26,2674.0,2619.0
삼겹살,2023-07-27,2538.0,2621.0
삼겹살,2023-07-28,2537.0,2613.0
삼겹살,2023-07-29,2537.0,2483.0
삼겹살,2023-07-30,2540.0,2483.0
삼겹살,2023-07-31,2521.0,2483.0
삼겹살,2023-08-01,2521.0,2483.0
삼겹살,2023-08-02,2525.0,2493.0
삼겹살,2023-08-03,2547.0,2493.0
삼겹살,2023-08-04,2546.0,2493.0
삼겹살,2023-08-05,2546.0,2473.0
삼겹살,2023-08-06,2546.0,2480.0
삼겹살,2023-08-07,2522.0,2480.0
삼겹살,2023-08-08,2526.0,2474.0
삼겹살,2023-08-09,2525.0,2466.0
삼겹살,2023-08-10,2512.0,2460.0
삼겹살,2023-08-11,2668.0,2467.0
삼겹살,2023-08-12,2668.0,2615.0
삼겹살,2023-08-13,2669.0,2615.0
삼겹살,2023-08-14,2655.0,2615.0
삼겹살,2023-08-15,2655.0,2613.0
삼겹살,2023-08-16,2651.0,2609.0
삼겹살,2023-08-17,2643.0,2609.0
삼겹살,2023-08-18,2581.0,2609.0
삼겹살,2023-08-19,2581.0,2626.0
삼겹살,2023-08-20,2581.0,2624.0
삼겹살,2023-08-21,2581.0,2624.0
삼겹살,2023-08-22,2585.0,2624.0
삼겹살,2023-08-23,2582.0,2637.0
삼겹살,2023-08-24,2582.0,2574.0
삼겹살,2023-08-25,2599.0,2588.0
삼겹살,2023-08-26,2606.0,2719.0
삼겹살,2023-08-27,2606.0,2719.0
삼겹살,2023-08-28,2612.0,2719.0
삼겹살,2023-08-29,2605.0,2722.0
삼겹살,2023-08-30,2609.0,2725.0
삼겹살,2023-08-31,2608.0,2731.0
삼겹살,2023-09-01,2608.0,2611.0
삼겹살,2023-09-02,2610.0,2612.0
삼겹살,2023-09-03,2610.0,2607.0
삼겹살,2023-09-04,2610.0,2591.0
삼겹살,2023-09-05,2609.0,2598.0
삼겹살,2023-09-06,2609.0,2597.0
삼겹살,2023-09-07,2602.0,2598.0
삼겹살,2023-09-08,2600.0,2594.0
삼겹살,2023-09-09,2600.0,2594.0
삼겹살,2023-09-10,2600.0,2594.0
삼겹살,2023-09-11,2603.0,2594.0
삼겹살,2023-09-12,2606.0,2596.0
삼겹살,2023-09-13,2606.0,2596.0
삼겹살,2023-09-14,2610.0,2622.0
삼겹살,2023-09-15,2615.0,2622.0
삼겹살,2023-09-16,2616.0,2817.0
삼겹살,2023-09-17,2616.0,2817.0
삼겹살,2023-09-18,2602.0,2817.0
삼겹살,2023-09-19,2615.0,2819.0
삼겹살,2023-09-20,2551.0,2821.0
삼겹살,2023-09-21,2555.0,2821.0
삼겹살,2023-09-22,2553.0,2822.0
삼겹살,2023-09-23,2547.0,2777.0
삼겹살,2023-09-24,2549.0,2776.0
삼겹살,2023-09-25,2625.0,2776.0
삼겹살,2023-09-26,2633.0,2770.0
삼겹살,2023-09-27,2640.0,2770.0
삼겹살,2023-09-28,2641.0,2770.0
삼겹살,2023-09-29,2638.0,2771.0
삼겹살,2023-09-30,2638.0,2757.0
삼겹살,2023-10-01,2638.0,2757.0
삼겹살,2023-10-02,2636.0,2757.0
삼겹살,2023-10-03,2636.0,2757.0
삼겹살,2023-10-04,2634.0,2751.0
삼겹살,2023-10-05,2633.0,2743.0
삼겹살,2023-10-06,2707.0,2747.0
삼겹살,2023-10-07,2707.0,2691.0
삼겹살,2023-10-08,2705.0,2689.0
삼겹살,2023-10-09,2705.0,2695.0
삼겹살,2023-10-10,2704.0,2686.0
삼겹살,2023-10-11,2705.0,2685.0
삼겹살,2023-10-12,2701.0,2689.0
삼겹살,2023-10-13,2667.0,2687.0
삼겹살,2023-10-14,2667.0,2712.0
삼겹살,2023-10-15,2667.0,2717.0
삼겹살,2023-10-16,2660.0,2717.0
삼겹살,2023-10-17,2656.0,2713.0
삼겹살,2023-10-18,2657.0,2710.0
삼겹살,2023-10-19,2657.0,2712.0
삼겹살,2023-10-20,2684.0,2711.0
삼겹살,2023-10-21,2686.0,2712.0
삼겹살,2023-10-22,2680.0,2718.0
삼겹살,2023-10-23,2680.0,2717.0
삼겹살,2023-10-24,2680.0,2711.0
삼겹살,2023-10-25,2677.0,2706.0
삼겹살,2023-10-26,2674.0,2711.0
삼겹살,2023-10-27,2479.0,2704.0
삼겹살,2023-10-28,2479.0,2624.0
삼겹살,2023-10-29,2478.0,2624.0
삼겹살,2023-10-30,2558.0,2624.0
삼겹살,2023-10-31,2547.0,2624.0
삼겹살,2023-11-01,2543.0,2623.0
삼겹살,2023-11-02,2543.0,2621.0
삼겹살,2023-11-03,2535.0,2623.0
삼겹살,2023-11-04,2535.0,2624.0
삼겹살,2023-11-05,2536.0,2624.0
삼겹살,2023-11-06,2608.0,2619.0
삼겹살,2023-11-07,2611.0,2623.0
삼겹살,2023-11-08,2611.0,2620.0
삼겹살,2023-11-09,2611.0,2621.0
삼겹살,2023-11-10,2562.0,2621.0
삼겹살,2023-11-11,2561.0,2628.0
삼겹살,2023-11-12,2561.0,2628.0
삼겹살,2023-11-13,2559.0,2628.0
삼겹살,2023-11-14,2559.0,2588.0
삼겹살,2023-11-15,2549.0,2505.0
삼겹살,2023-11-16,2463.0,2508.0
삼겹살,2023-11-17,2473.0,2507.0
삼겹살,2023-11-18,2473.0,2530.0
삼겹살,2023-11-19,2473.0,2527.0
삼겹살,2023-11-20,2515.0,2525.0
삼겹살,2023-11-21,2520.0,2459.0
삼겹살,2023-11-22,2511.0,2456.0
삼겹살,2023-11-23,2516.0,2429.0
삼겹살,2023-11-24,2510.0,2455.0
삼겹살,2023-11-25,2510.0,2505.0
삼겹살,2023-11-26,2509.0,2505.0
삼겹살,2023-11-27,2509.0,2502.0
삼겹살,2023-11-28,2503.0,2502.0
삼겹살,2023-11-29,2503.0,2501.0
삼겹살,2023-11-30,2507.0,2498.0
삼겹살,2023-12-01,2440.0,2501.0
삼겹살,2023-12-02,2436.0,2443.0
삼겹살,2023-12-03,2436.0,2443.0
삼겹살,2023-12-04,2443.0,2441.0
삼겹살,2023-12-05,2438.0,2433.0
삼겹살,2023-12-06,2436.0,2433.0
삼겹살,2023-12-07,2451.0,2427.0
삼겹살,2023-12-08,2454.0,2430.0
삼겹살,2023-12-09,2456.0,2463.0
삼겹살,2023-12-10,2456.0,2461.0
삼겹살,2023-12-11,2454.0,2461.0
삼겹살,2023-12-12,2437.0,2462.0
삼겹살,2023-12-13,2441.0,2464.0
삼겹살,2023-12-14,2440.0,2446.0
삼겹살,2023-12-15,2519.0,2446.0
삼겹살,2023-12-16,2519.0,2588.0
삼겹살,2023-12-17,2522.0,2604.0
삼겹살,2023-12-18,2521.0,2606.0
삼겹살,2023-12-19,2523.0,2606.0
삼겹살,2023-12-20,2512.0,2597.0
삼겹살,2023-12-21,2510.0,2600.0
삼겹살,2023-12-22,2412.0,2597.0
삼겹살,2023-12-23,2409.0,2474.0
삼겹살,2023-12-24,2411.0,2474.0
삼겹살,2023-12-25,2408.0,2474.0
삼겹살,2023-12-26,2405.0,2483.0
삼겹살,2023-12-27,2401.0,2488.0
삼겹살,2023-12-28,2401.0,2490.0
삼겹살,2023-12-29,2399.0,2484.0
삼겹살,2023-12-30,2399.0,2484.0
삼겹살,2023-12-31,2397.0,2487.0
삼겹살,2024-01-01,2397.0,2487.0
삼겹살,2024-01-02,2396.0,2545.0
삼겹살,2024-01-03,2400.0,2543.0
삼겹살,2024-01-04,2397.0,2543.0
삼겹살,2024-01-05,2353.0,2545.0
삼겹살,2024-01-06,2345.0,2539.0
삼겹살,2024-01-07,2348.0,2469.0
삼겹살,2024-01-08,2340.0,2469.0
삼겹살,2024-01-09,2331.0,2470.0
삼겹살,2024-01-10,2331.0,2470.0
삼겹살,2024-01-11,2351.0,2470.0
삼겹살,2024-01-12,2366.0,2467.0
삼겹살,2024-01-13,2366.0,2443.0
삼겹살,2024-01-14,2366.0,2491.0
삼겹살,2024-01-15,2345.0,2491.0
삼겹살,2024-01-16,2343.0,2491.0
삼겹살,2024-01-17,2334.0,2492.0
삼겹살,2024-01-18,2352.0,2501.0
삼겹살,2024-01-19,2220.0,2500.0
삼겹살,2024-01-20,2220.0,2476.0
삼겹살,2024-01-21,2220.0,2353.0
삼겹살,2024-01-22,2220.0,2354.0
삼겹살,2024-01-23,2220.0,2354.0
삼겹살,2024-01-24,2220.0,2346.0
삼겹살,2024-01-25,2346.0,2345.0
삼겹살,2024-01-26,2374.0,2330.0
삼겹살,2024-01-27,2374.0,2397.0
삼겹살,2024-01-28,2370.0,2401.0
삼겹살,2024-01-29,2370.0,2397.0
삼겹살,2024-01-30,2370.0,2398.0
삼겹살,2024-01-31,2368.0,2270.0
삼겹살,2024-02-01,2322.0,2231.0
삼겹살,2024-02-02,2325.0,2230.0
삼겹살,2024-02-03,2325.0,2206.0
삼겹살,2024-02-04,2325.0,2227.0
삼겹살,2024-02-05,2320.0,2223.0
삼겹살,2024-02-06,2323.0,2220.0
삼겹살,2024-02-07,2318.0,2221.0
삼겹살,2024-02-08,2329.0,2220.0
삼겹살,2024-02-09,2324.0,2215.0
삼겹살,2024-02-10,2324.0,2211.0
삼겹살,2024-02-11,2320.0,2231.0
삼겹살,2024-02-12,2313.0,2229.0
삼겹살,2024-02-13,2319.0,2213.0
삼겹살,2024-02-14,2313.0,2206.0
삼겹살,2024-02-15,2307.0,2203.0
삼겹살,2024-02-16,2308.0,2349.0
삼겹살,2024-02-17,2293.0,2346.0
삼겹살,2024-02-18,2263.0,2351.0
삼겹살,2024-02-19,2263.0,2347.0
삼겹살,2024-02-20,2263.0,2393.0
삼겹살,2024-02-21,2263.0,2371.0
삼겹살,2024-02-22,2288.0,2375.0
삼겹살,2024-02-23,2344.0,2375.0
삼겹살,2024-02-24,2337.0,2392.0
삼겹살,2024-02-25,2331.0,2392.0
삼겹살,2024-02-26,2342.0,2392.0
삼겹살,2024-02-27,2342.0,2390.0
삼겹살,2024-02-28,2257.0,2390.0
삼겹살,2024-02-29,2209.0,
삼겹살,2024-03-01,2209.0,2383.0
삼겹살,2024-03-02,2006.0,2388.0
삼겹살,2024-03-03,2006.0,2043.0
삼겹살,2024-03-04,2127.0,2043.0
삼겹살,2024-03-05,2128.0,2046.0
삼겹살,2024-03-06,2128.0,2042.0
삼겹살,2024-03-07,2143.0,2042.0
삼겹살,2024-03-08,2274.0,2042.0
삼겹살,2024-03-09,2274.0,2040.0
삼겹살,2024-03-10,2271.0,2199.0
삼겹살,2024-03-11,2380.0,2199.0
삼겹살,2024-03-12,2380.0,2199.0
삼겹살,2024-03-13,2380.0,2203.0
삼겹살,2024-03-14,2273.0,2203.0
삼겹살,2024-03-15,2282.0,2203.0
삼겹살,2024-03-16,2247.0,2199.0
삼겹살,2024-03-17,2287.0,2199.0
삼겹살,2024-03-18,2297.0,2199.0
삼겹살,2024-03-19,2225.0,2201.0
삼겹살,2024-03-20,2176.0,2190.0
삼겹살,2024-03-21,2089.0,2199.0
삼겹살,2024-03-22,2208.0,2160.0
삼겹살,2024-03-23,2172.0,2160.0
삼겹살,2024-03-24,2172.0,2159.0
삼겹살,2024-03-25,2245.0,2161.0
삼겹살,2024-03-26,2245.0,2161.0
삼겹살,2024-03-27,2245.0,2187.0
삼겹살,2024-03-28,2241.0,2187.0
삼겹살,2024-03-29,2272.0,2187.0
삼겹살,2024-03-30,2298.0,2187.0
삼겹살,2024-03-31,2298.0,2187.0
삼겹살,2024-04-01,2234.0,2189.0
삼겹살,2024-04-02,2206.0,2189.0
삼겹살,2024-04-03,2206.0,2205.0
삼겹살,2024-04-04,2349.0,2205.0
삼겹살,2024-04-05,2384.0,2208.0
삼겹살,2024-04-06,2345.0,2208.0
삼겹살,2024-04-07,2345.0,2208.0
삼겹살,2024-04-08,2407.0,2200.0
삼겹살,2024-04-09,2396.0,2199.0
삼겹살,2024-04-10,2396.0,2225.0
삼겹살,2024-04-11,2303.0,2227.0
삼겹살,2024-04-12,2302.0,2236.0
삼겹살,2024-04-13,2320.0,2235.0
삼겹살,2024-04-14,2320.0,2237.0
삼겹살,2024-04-15,2344.0,2237.0
삼겹살,2024-04-16,2344.0,2237.0
삼겹살,2024-04-17,2365.0,2241.0
삼겹살,2024-04-18,2491.0,2241.0
삼겹살,2024-04-19,2453.0,2247.0
삼겹살,2024-04-20,2453.0,2259.0
삼겹살,2024-04-21,2453.0,2270.0
삼겹살,2024-04-22,2269.0,2270.0
삼겹살,2024-04-23,2269.0,2469.0
삼겹살,2024-04-24,2435.0,2460.0
삼겹살,2024-04-25,2435.0,2464.0
삼겹살,2024-04-26,2491.0,2473.0
삼겹살,2024-04-27,2537.0,2478.0
삼겹살,2024-04-28,2525.0,2463.0
삼겹살,2024-04-29,2535.0,2474.0
삼겹살,2024-04-30,2535.0,2474.0
삼겹살,2024-05-01,2425.0,2476.0
삼겹살,2024-05-02,2412.0,2574.0
삼겹살,2024-05-03,2319.0,2582.0
삼겹살,2024-05-04,2314.0,2582.0
삼겹살,2024-05-05,2314.0,2582.0
삼겹살,2024-05-06,2314.0,2582.0
삼겹살,2024-05-07,2415.0,2582.0
삼겹살,2024-05-08,2415.0,2594.0
삼겹살,2024-05-09,2468.0,2594.0
삼겹살,2024-05-10,2479.0,2594.0
삼겹살,2024-05-11,2484.0,2594.0
삼겹살,2024-05-12,2484.0,2636.0
삼겹살,2024-05-13,2380.0,2638.0
삼겹살,2024-05-14,2437.0,2638.0
삼겹살,2024-05-15,2515.0,2640.0
삼겹살,2024-05-16,2521.0,2639.0
삼겹살,2024-05-17,2492.0,2662.0
삼겹살,2024-05-18,2512.0,2681.0
삼겹살,2024-05-19,2532.0,2692.0
삼겹살,2024-05-20,2584.0,2685.0
삼겹살,2024-05-21,2590.0,2691.0
삼겹살,2024-05-22,2590.0,2691.0
삼겹살,2024-05-23,2406.0,2706.0
삼겹살,2024-05-24,2439.0,2708.0
삼겹살,2024-05-25,2439.0,2718.0
삼겹살,2024-05-26,2439.0,2771.0
삼겹살,2024-05-27,2439.0,2826.0
삼겹살,2024-05-28,2444.0,2820.0
삼겹살,2024-05-29,2412.0,2823.0
삼겹살,2024-05-30,2528.0,2815.0
삼겹살,2024-05-31,2550.0,2825.0
삼겹살,2024-06-01,2556.0,2815.0
삼겹살,2024-06-02,2565.0,2822.0
삼겹살,2024-06-03,2569.0,2765.0
삼겹살,2024-06-04,2571.0,2765.0
삼겹살,2024-06-05,2574.0,2773.0
삼겹살,2024-06-06,2626.0,2766.0
삼겹살,2024-06-07,2645.0,2759.0
삼겹살,2024-06-08,2661.0,2756.0
삼겹살,2024-06-09,2650.0,2685.0
삼겹살,2024-06-10,2697.0,2699.0
삼겹살,2024-06-11,2652.0,2687.0
삼겹살,2024-06-12,2652.0,2707.0
삼겹살,2024-06-13,2688.0,2725.0
삼겹살,2024-06-14,2679.0,2711.0
삼겹살,2024-06-15,2675.0,2728.0
삼겹살,2024-06-16,2676.0,2796.0
삼겹살,2024-06-17,2686.0,2844.0
삼겹살,2024-06-18,2692.0,2847.0
삼겹살,2024-06-19,2692.0,2834.0
삼겹살,2024-06-20,2666.0,2829.0
삼겹살,2024-06-21,2602.0,2820.0
삼겹살,2024-06-22,2603.0,2825.0
삼겹살,2024-06-23,2608.0,2827.0
삼겹살,2024-06-24,2649.0,2824.0
삼겹살,2024-06-25,2649.0,2829.0
삼겹살,2024-06-26,2643.0,2786.0
삼겹살,2024-06-27,2593.0,2788.0
삼겹살,2024-06-28,2588.0,2788.0
삼겹살,2024-06-29,2486.0,2794.0
삼겹살,2024-06-30,2368.0,2797.0
삼겹살,2024-07-01,2739.0,2761.0
삼겹살,2024-07-02,2757.0,2761.0
삼겹살,2024-07-03,2754.0,2765.0
삼겹살,2024-07-04,2719.0,2761.0
삼겹살,2024-07-05,2702.0,2761.0
삼겹살,2024-07-06,2732.0,2755.0
삼겹살,2024-07-07,2736.0,2741.0
삼겹살,2024-07-08,2730.0,2735.0
삼겹살,2024-07-09,2724.0,2736.0
삼겹살,2024-07-10,2707.0,2735.0
삼겹살,2024-07-11,2703.0,2730.0
삼겹살,2024-07-12,2704.0,2713.0
삼겹살,2024-07-13,2714.0,2700.0
삼겹살,2024-07-14,2714.0,2695.0
삼겹살,2024-07-15,2774.0,2667.0
삼겹살,2024-07-16,2750.0,2653.0
삼겹살,2024-07-17,2758.0,2665.0
삼겹살,2024-07-18,2830.0,2651.0
삼겹살,2024-07-19,2868.0,2634.0
삼겹살,2024-07-20,2861.0,2630.0
삼겹살,2024-07-21,2879.0,2646.0
삼겹살,2024-07-22,2847.0,2640.0
삼겹살,2024-07-23,2807.0,2640.0
삼겹살,2024-07-24,2723.0,2651.0
삼겹살,2024-07-25,2663.0,2635.0
삼겹살,2024-07-26,2676.0,2647.0
삼겹살,2024-07-27,2676.0,2580.0
삼겹살,2024-07-28,2663.0,2575.0
삼겹살,2024-07-29,2666.0,2510.0
삼겹살,2024-07-30,2654.0,2512.0
삼겹살,2024-07-31,2672.0,2502.0
삼겹살,2024-08-01,2670.0,2502.0
삼겹살,2024-08-02,2610.0,2509.0
삼겹살,2024-08-03,2610.0,2520.0
삼겹살,2024-08-04,2575.0,2520.0
삼겹살,2024-08-05,2594.0,2510.0
삼겹살,2024-08-06,2594.0,2513.0
삼겹살,2024-08-07,2582.0,2501.0
삼겹살,2024-08-08,2566.0,2500.0
삼겹살,2024-08-09,2670.0,2496.0
삼겹살,2024-08-10,2668.0,2486.0
삼겹살,2024-08-11,2668.0,2568.0
삼겹살,2024-08-12,2665.0,2642.0
삼겹살,2024-08-13,2664.0,2642.0
삼겹살,2024-08-14,2669.0,2635.0
삼겹살,2024-08-15,2694.0,2634.0
삼겹살,2024-08-16,2684.0,2630.0
삼겹살,2024-08-17,2688.0,2626.0
삼겹살,2024-08-18,2675.0,2595.0
삼겹살,2024-08-19,2693.0,2604.0
삼겹살,2024-08-20,2681.0,2603.0
삼겹살,2024-08-21,2681.0,2603.0
삼겹살,2024-08-22,2579.0,2605.0
삼겹살,2024-08-23,2542.0,2610.0
삼겹살,2024-08-24,2541.0,2578.0
삼겹살,2024-08-25,2541.0,2594.0
삼겹살,2024-08-26,2551.0,2663.0
삼겹살,2024-08-27,2551.0,2663.0
삼겹살,2024-08-28,2560.0,2666.0
삼겹살,2024-08-29,2705.0,2664.0
삼겹살,2024-08-30,2710.0,2667.0
삼겹살,2024-08-31,2698.0,2670.0
삼겹살,2024-09-01,2704.0,2610.0
삼겹살,2024-09-02,2690.0,2611.0
삼겹살,2024-09-03,2693.0,2609.0
삼겹살,2024-09-04,2697.0,2601.0
삼겹살,2024-09-05,2700.0,2604.0
삼겹살,2024-09-06,2711.0,2603.0
삼겹살,2024-09-07,2709.0,2600.0
삼겹살,2024-09-08,2712.0,2597.0
삼겹살,2024-09-09,2726.0,2597.0
삼겹살,2024-09-10,2727.0,2597.0
삼겹살,2024-09-11,2727.0,2599.0
삼겹살,2024-09-12,2701.0,2601.0
삼겹살,2024-09-13,2737.0,2601.0
삼겹살,2024-09-14,2809.0,2616.0
삼겹살,2024-09-15,2811.0,2619.0
삼겹살,2024-09-16,2854.0,2717.0
삼겹살,2024-09-17,2862.0,2717.0
삼겹살,2024-09-18,2862.0,2710.0
삼겹살,2024-09-19,2860.0,2717.0
삼겹살,2024-09-20,2807.0,2686.0
삼겹살,2024-09-21,2751.0,2688.0
삼겹살,2024-09-22,2709.0,2688.0
삼겹살,2024-09-23,2790.0,2662.0
삼겹살,2024-09-24,2790.0,2663.0
삼겹살,2024-09-25,2779.0,2701.0
삼겹살,2024-09-26,2779.0,2702.0
삼겹살,2024-09-27,2674.0,2705.0
삼겹살,2024-09-28,2674.0,2706.0
삼겹살,2024-09-29,2690.0,2705.0
삼겹살,2024-09-30,2696.0,2698.0
삼겹살,2024-10-01,2696.0,2698.0
삼겹살,2024-10-02,2800.0,2697.0
삼겹살,2024-10-03,2811.0,2697.0
삼겹살,2024-10-04,2804.0,2693.0
삼겹살,2024-10-05,2777.0,2688.0
삼겹살,2024-10-06,2794.0,2727.0
삼겹살,2024-10-07,2747.0,2699.0
삼겹살,2024-10-08,2734.0,2697.0
삼겹살,2024-10-09,2732.0,2700.0
삼겹살,2024-10-10,2802.0,2695.0
삼겹살,2024-10-11,2794.0,2695.0
삼겹살,2024-10-12,2804.0,2695.0
삼겹살,2024-10-13,2804.0,2677.0
삼겹살,2024-10-14,2793.0,2690.0
삼겹살,2024-10-15,2775.0,2692.0
삼겹살,2024-10-16,2760.0,2689.0
삼겹살,2024-10-17,2762.0,2685.0
삼겹살,2024-10-18,2745.0,2684.0
삼겹살,2024-10-19,2749.0,2685.0
삼겹살,2024-10-20,2747.0,2698.0
삼겹살,2024-10-21,2740.0,2699.0
삼겹살,2024-10-22,2740.0,2699.0
삼겹살,2024-10-23,2743.0,2699.0
삼겹살,2024-10-24,2745.0,2696.0
삼겹살,2024-10-25,2605.0,2692.0
삼겹살,2024-10-26,2605.0,2693.0
삼겹살,2024-10-27,2501.0,2592.0
삼겹살,2024-10-28,2609.0,2552.0
삼겹살,2024-10-29,2666.0,2551.0
삼겹살,2024-10-30,2658.0,2591.0
삼겹살,2024-10-31,2640.0,2586.0
삼겹살,2024-11-01,2722.0,2583.0
삼겹살,2024-11-02,2736.0,2582.0
삼겹살,2024-11-03,2730.0,2579.0
삼겹살,2024-11-04,2736.0,2580.0
삼겹살,2024-11-05,2726.0,2580.0
삼겹살,2024-11-06,2713.0,2614.0
삼겹살,2024-11-07,2602.0,2617.0
삼겹살,2024-11-08,2567.0,2616.0
삼겹살,2024-11-09,2561.0,2616.0
삼겹살,2024-11-10,2560.0,2592.0
삼겹살,2024-11-11,2559.0,2595.0
삼겹살,2024-11-12,2556.0,2595.0
삼겹살,2024-11-13,2556.0,2594.0
삼겹살,2024-11-14,2497.0,2574.0
삼겹살,2024-11-15,2542.0,2527.0
삼겹살,2024-11-16,2542.0,2486.0
삼겹살,2024-11-17,2535.0,2490.0
삼겹살,2024-11-18,2520.0,2502.0
삼겹살,2024-11-19,2513.0,2500.0
삼겹살,2024-11-20,2513.0,2520.0
삼겹살,2024-11-21,2517.0,2490.0
삼겹살,2024-11-22,2564.0,2484.0
삼겹살,2024-11-23,2566.0,2473.0
삼겹살,2024-11-24,2562.0,2483.0
삼겹살,2024-11-25,2589.0,2508.0
삼겹살,2024-11-26,2604.0,2507.0
삼겹살,2024-11-27,2600.0,2506.0
삼겹살,2024-11-28,2689.0,2503.0
삼겹살,2024-11-29,2518.0,2502.0
삼겹살,2024-11-30,2508.0,2503.0
삼겹살,2024-12-01,2512.0,2471.0
삼겹살,2024-12-02,2575.0,2440.0
삼겹살,2024-12-03,2583.0,2440.0
삼겹살,2024-12-04,2572.0,2442.0
삼겹살,2024-12-05,2540.0,2436.0
삼겹살,2024-12-06,2622.0,2435.0
삼겹살,2024-12-07,2619.0,2439.0
삼겹살,2024-12-08,2643.0,2442.0
삼겹살,2024-12-09,2581.0,2460.0
삼겹살,2024-12-10,2585.0,2459.0
삼겹살,2024-12-11,2601.0,2458.0
삼겹살,2024-12-12,2480.0,2450.0
삼겹살,2024-12-13,2529.0,2453.0
삼겹살,2024-12-14,2553.0,2443.0
삼겹살,2024-12-15,2553.0,2483.0
삼겹살,2024-12-16,2445.0,2554.0
삼겹살,2024-12-17,2751.0,2563.0
삼겹살,2024-12-18,2751.0,2564.0
삼겹살,2024-12-19,2749.0,2565.0
삼겹살,2024-12-20,2690.0,2555.0
삼겹살,2024-12-21,2680.0,2555.0
삼겹살,2024-12-22,2680.0,2505.0
삼겹살,2024-12-23,2656.0,2442.0
삼겹살,2024-12-24,2635.0,2443.0
삼겹살,2024-12-25,2647.0,2441.0
삼겹살,2024-12-26,2707.0,2444.0
삼겹살,2024-12-27,2664.0,2445.0
삼겹살,2024-12-28,2664.0,2446.0
삼겹살,2024-12-29,2652.0,2442.0
삼겹살,2024-12-30,2659.0,2442.0
삼겹살,2024-12-31,2655.0,2442.0
삼겹살,2025-01-01,2655.0,2442.0
삼겹살,2025-01-02,2679.0,2495.0
삼겹살,2025-01-03,2660.0,2495.0
삼겹살,2025-01-04,2732.0,2494.0
삼겹살,2025-01-05,2732.0,2481.0
삼겹살,2025-01-06,2574.0,2474.0
삼겹살,2025-01-07,2553.0,2429.0
삼겹살,2025-01-08,2699.0,2426.0
삼겹살,2025-01-09,2680.0,2423.0
삼겹살,2025-01-10,2619.0,2424.0
삼겹살,2025-01-11,2620.0,2430.0
삼겹살,2025-01-12,2620.0,2433.0
삼겹살,2025-01-13,2619.0,2417.0
삼겹살,2025-01-14,2630.0,2449.0
삼겹살,2025-01-15,2630.0,2442.0
삼겹살,2025-01-16,2696.0,2441.0
삼겹살,2025-01-17,2558.0,2439.0
삼겹살,2025-01-18,2563.0,2451.0
삼겹살,2025-01-19,2568.0,2406.0
삼겹살,2025-01-20,2494.0,2390.0
삼겹살,2025-01-21,2494.0,2309.0
삼겹살,2025-01-22,2502.0,2309.0
삼겹살,2025-01-23,2644.0,2309.0
삼겹살,2025-01-24,2568.0,2304.0
삼겹살,2025-01-25,2564.0,2345.0
삼겹살,2025-01-26,2560.0,2344.0
삼겹살,2025-01-27,2560.0,2389.0
삼겹살,2025-01-28,2560.0,2390.0
삼겹살,2025-01-29,2560.0,2388.0
삼겹살,2025-01-30,2560.0,2388.0
삼겹살,2025-01-31,2560.0,2295.0
삼겹살,2025-02-01,2521.0,2249.0
삼겹살,2025-02-02,2527.0,2249.0
삼겹살,2025-02-03,2555.0,2230.0
삼겹살,2025-02-04,2580.0,2246.0
삼겹살,2025-02-05,2579.0,2242.0
삼겹살,2025-02-06,2642.0,2241.0
삼겹살,2025-02-07,2532.0,2240.0
삼겹살,2025-02-08,2525.0,2242.0
삼겹살,2025-02-09,2525.0,2237.0
삼겹살,2025-02-10,2526.0,2234.0
삼겹살,2025-02-11,2526.0,2249.0
삼겹살,2025-02-12,2539.0,2245.0
삼겹살,2025-02-13,2617.0,2234.0
삼겹살,2025-02-14,2557.0,2227.0
삼겹살,2025-02-15,2548.0,2224.0
삼겹살,2025-02-16,2530.0,2329.0
삼겹살,2025-02-17,2560.0,2320.0
삼겹살,2025-02-18,2547.0,2307.0
삼겹살,2025-02-19,2541.0,2305.0
삼겹살,2025-02-20,2561.0,2328.0
삼겹살,2025-02-21,2605.0,2317.0
삼겹살,2025-02-22,2582.0,2332.0
삼겹살,2025-02-23,2582.0,2360.0
삼겹살,2025-02-24,2562.0,2365.0
삼겹살,2025-02-25,2573.0,2362.0
삼겹살,2025-02-26,2592.0,2367.0
삼겹살,2025-02-27,2560.0,2366.0
삼겹살,2025-02-28,2202.0,2324.0
삼겹살,2025-03-01,2203.0,2296.0
삼겹살,2025-03-02,2226.0,2197.0
삼겹살,2025-03-03,2239.0,2025.0
삼겹살,2025-03-04,2460.0,2085.0
삼겹살,2025-03-05,2460.0,2087.0
삼겹살,2025-03-06,2429.0,2085.0
삼겹살,2025-03-07,2404.0,2093.0
삼겹살,2025-03-08,2577.0,2158.0
삼겹살,2025-03-09,2582.0,2157.0
삼겹살,2025-03-10,2582.0,2235.0
삼겹살,2025-03-11,2582.0,2290.0
삼겹살,2025-03-12,2573.0,2290.0
삼겹살,2025-03-13,2567.0,2292.0
삼겹살,2025-03-14,2542.0,2238.0
삼겹살,2025-03-15,2549.0,2243.0
삼겹살,2025-03-16,2571.0,2223.0
삼겹살,2025-03-17,2562.0,2243.0
삼겹살,2025-03-18,2565.0,2248.0
삼겹살,2025-03-19,2565.0,2213.0
삼겹살,2025-03-20,2562.0,2183.0
삼겹살,2025-03-21,2509.0,2144.0
삼겹살,2025-03-22,2509.0,2184.0
삼겹살,2025-03-23,2535.0,2166.0
삼겹살,2025-03-24,2653.0,2166.0
삼겹살,2025-03-25,2647.0,2203.0
삼겹살,2025-03-26,2651.0,2203.0
삼겹살,2025-03-27,2651.0,2216.0
삼겹살,2025-03-28,2627.0,2214.0
삼겹살,2025-03-29,2641.0,2230.0
삼겹살,2025-03-30,2683.0,2243.0
삼겹살,2025-03-31,2663.0,2243.0
삼겹살,2025-04-01,2607.0,2212.0
삼겹살,2025-04-02,2582.0,2198.0
삼겹살,2025-04-03,2591.0,2206.0
삼겹살,2025-04-04,2570.0,2277.0
삼겹살,2025-04-05,2566.0,2296.0
삼겹살,2025-04-06,2562.0,2277.0
삼겹살,2025-04-07,2552.0,2277.0
삼겹살,2025-04-08,2538.0,2304.0
삼겹살,2025-04-09,2556.0,2298.0
삼겹살,2025-04-10,2525.0,2311.0
삼겹살,2025-04-11,2514.0,2265.0
삼겹살,2025-04-12,2525.0,2269.0
삼겹살,2025-04-13,2516.0,2278.0
삼겹살,2025-04-14,2526.0,2279.0
삼겹살,2025-04-15,2518.0,2291.0
삼겹살,2025-04-16,2515.0,2291.0
삼겹살,2025-04-17,2578.0,2303.0
삼겹살,2025-04-18,2516.0,2366.0
삼겹살,2025-04-19,2482.0,2350.0
삼겹살,2025-04-20,2477.0,2356.0
삼겹살,2025-04-21,2430.0,2362.0
삼겹살,2025-04-22,2435.0,2270.0
삼겹살,2025-04-23,2432.0,2369.0
삼겹살,2025-04-24,2518.0,2448.0
삼겹살,2025-04-25,2443.0,2450.0
삼겹살,2025-04-26,2442.0,2482.0
삼겹살,2025-04-27,2442.0,2508.0
삼겹살,2025-04-28,2513.0,2483.0
삼겹살,2025-04-29,2530.0,2505.0
삼겹살,2025-04-30,2538.0,2505.0
삼겹살,2025-05-01,2594.0,2451.0
삼겹살,2025-05-02,2646.0,2493.0
삼겹살,2025-05-03,2673.0,2451.0
삼겹살,2025-05-04,2677.0,2448.0
삼겹살,2025-05-05,2658.0,2448.0
삼겹살,2025-05-06,2658.0,2448.0
삼겹살,2025-05-07,2671.0,2499.0
삼겹살,2025-05-08,2669.0,2505.0
삼겹살,2025-05-09,2626.0,2531.0
삼겹살,2025-05-10,2613.0,2537.0
삼겹살,2025-05-11,2613.0,2539.0
삼겹살,2025-05-12,2622.0,2585.0
삼겹살,2025-05-13,2580.0,2552.0
삼겹살,2025-05-14,2589.0,2571.0
삼겹살,2025-05-15,2584.0,2598.0
삼겹살,2025-05-16,2552.0,2600.0
삼겹살,2025-05-17,2594.0,2605.0
삼겹살,2025-05-18,2617.0,2624.0
삼겹살,2025-05-19,2611.0,2638.0
삼겹살,2025-05-20,2620.0,2651.0
삼겹살,2025-05-21,2612.0,2657.0
삼겹살,2025-05-22,2609.0,2657.0
삼겹살,2025-05-23,2552.0,2606.0
삼겹살,2025-05-24,2557.0,2618.0
삼겹살,2025-05-25,2557.0,2625.0
삼겹살,2025-05-26,2555.0,2660.0
삼겹살,2025-05-27,2560.0,2697.0
삼겹살,2025-05-28,2523.0,2695.0
삼겹살,2025-05-29,2505.0,2686.0
삼겹살,2025-05-30,2664.0,2719.0
삼겹살,2025-05-31,2667.0,2733.0
삼겹살,2025-06-01,2560.0,2728.0
삼겹살,2025-06-02,2553.0,2736.0
삼겹살,2025-06-03,2661.0,2699.0
삼겹살,2025-06-04,2672.0,2700.0
삼겹살,2025-06-05,2567.0,2707.0
삼겹살,2025-06-06,2568.0,2719.0
삼겹살,2025-06-07,2600.0,2721.0
삼겹살,2025-06-08,2600.0,2724.0
삼겹살,2025-06-09,2615.0,2673.0
삼겹살,2025-06-10,2625.0,2698.0
삼겹살,2025-06-11,2639.0,2675.0
삼겹살,2025-06-12,2756.0,2688.0
삼겹살,2025-06-13,2761.0,2712.0
삼겹살,2025-06-14,2761.0,2700.0
삼겹살,2025-06-15,2767.0,2710.0
삼겹살,2025-06-16,2767.0,2756.0
삼겹살,2025-06-17,2764.0,2791.0
삼겹살,2025-06-18,2764.0,2795.0
삼겹살,2025-06-19,2759.0,2787.0
삼겹살,2025-06-20,2781.0,2775.0
삼겹살,2025-06-21,2783.0,2747.0
삼겹살,2025-06-22,2788.0,2751.0
삼겹살,2025-06-23,2792.0,2754.0
삼겹살,2025-06-24,2794.0,2765.0
삼겹살,2025-06-25,2749.0,2769.0
삼겹살,2025-06-26,2632.0,2738.0
삼겹살,2025-06-27,2674.0,2723.0
삼겹살,2025-06-28,2675.0,2721.0
삼겹살,2025-06-29,2664.0,2691.0
삼겹살,2025-06-30,2763.0,2654.0
삼겹살,2025-07-01,2724.0,2754.0
삼겹살,2025-07-02,2771.0,2760.0
삼겹살,2025-07-03,2571.0,2761.0
삼겹살,2025-07-04,2627.0,2747.0
삼겹살,2025-07-05,2630.0,2741.0
삼겹살,2025-07-06,2630.0,2747.0
삼겹살,2025-07-07,2788.0,2739.0
삼겹살,2025-07-08,2788.0,2733.0
삼겹살,2025-07-09,2798.0,2732.0
삼겹살,2025-07-10,2717.0,2726.0
삼겹살,2025-07-11,2753.0,2721.0
삼겹살,2025-07-12,2765.0,2710.0
삼겹살,2025-07-13,2765.0,2705.0
삼겹살,2025-07-14,2764.0,2701.0
삼겹살,2025-07-15,2758.0,2702.0
삼겹살,2025-07-16,2757.0,2685.0
삼겹살,2025-07-17,2675.0,2696.0
삼겹살,2025-07-18,2668.0,2710.0
삼겹살,2025-07-19,2653.0,2712.0
삼겹살,2025-07-20,2647.0,2707.0
삼겹살,2025-07-21,2614.0,2724.0
삼겹살,2025-07-22,2617.0,2709.0
삼겹살,2025-07-23,2617.0,2695.0
삼겹살,2025-07-24,2618.0,2675.0
삼겹살,2025-07-25,2730.0,2644.0
삼겹살,2025-07-26,2744.0,2656.0
삼겹살,2025-07-27,2754.0,2612.0
삼겹살,2025-07-28,2743.0,2604.0
삼겹살,2025-07-29,2732.0,2562.0
삼겹살,2025-07-30,2753.0,2559.0
삼겹살,2025-07-31,2793.0,2559.0
삼겹살,2025-08-01,2717.0,2558.0
삼겹살,2025-08-02,2606.0,2543.0
삼겹살,2025-08-03,2598.0,2550.0
삼겹살,2025-08-04,2726.0,2538.0
삼겹살,2025-08-05,2721.0,2538.0
삼겹살,2025-08-06,2728.0,2540.0
삼겹살,2025-08-07,2688.0,2528.0
삼겹살,2025-08-08,2687.0,2522.0
삼겹살,2025-08-09,2667.0,2554.0
삼겹살,2025-08-10,2656.0,2547.0
삼겹살,2025-08-11,2690.0,2601.0
삼겹살,2025-08-12,2695.0,2649.0
삼겹살,2025-08-13,2695.0,2649.0
삼겹살,2025-08-14,2668.0,2646.0
삼겹살,2025-08-15,2661.0,2654.0
삼겹살,2025-08-16,2769.0,2648.0
삼겹살,2025-08-17,2802.0,2647.0
삼겹살,2025-08-18,2792.0,2622.0
삼겹살,2025-08-19,2829.0,2633.0
삼겹살,2025-08-20,2829.0,2629.0
삼겹살,2025-08-21,2709.0,2629.0
삼겹살,2025-08-22,2748.0,2596.0
삼겹살,2025-08-23,2735.0,2587.0
삼겹살,2025-08-24,2747.0,2566.0
삼겹살,2025-08-25,2753.0,2576.0
삼겹살,2025-08-26,2753.0,2625.0
삼겹살,2025-08-27,2753.0,2625.0
삼겹살,2025-08-28,2871.0,2630.0
삼겹살,2025-08-29,2898.0,2677.0
삼겹살,2025-08-30,2884.0,2681.0
삼겹살,2025-08-31,2895.0,2679.0
삼겹살,2025-09-01,2882.0,2641.0
삼겹살,2025-09-02,2816.0,2637.0
삼겹살,2025-09-03,2881.0,2637.0
삼겹살,2025-09-04,2753.0,2633.0
삼겹살,2025-09-05,2760.0,2636.0
삼겹살,2025-09-06,2785.0,2639.0
삼겹살,2025-09-07,2764.0,2636.0
삼겹살,2025-09-08,2879.0,2635.0
삼겹살,2025-09-09,2876.0,2640.0
삼겹살,2025-09-10,2876.0,2640.0
삼겹살,2025-09-11,2646.0,2641.0
삼겹살,2025-09-12,2715.0,2634.0
삼겹살,2025-09-13,2728.0,2646.0
삼겹살,2025-09-14,2707.0,2680.0
삼겹살,2025-09-15,2782.0,2683.0
삼겹살,2025-09-16,2846.0,2762.0
삼겹살,2025-09-17,2799.0,2765.0
삼겹살,2025-09-18,2655.0,2760.0
삼겹살,2025-09-19,2663.0,2765.0
삼겹살,2025-09-20,2663.0,2726.0
삼겹살,2025-09-21,2665.0,2709.0
삼겹살,2025-09-22,2663.0,2695.0
삼겹살,2025-09-23,2642.0,2705.0
삼겹살,2025-09-24,2636.0,2705.0
삼겹살,2025-09-25,2700.0,2727.0
삼겹살,2025-09-26,2694.0,2727.0
삼겹살,2025-09-27,2697.0,2695.0
삼겹살,2025-09-28,2680.0,2695.0
삼겹살,2025-09-29,2701.0,2700.0
삼겹살,2025-09-30,2556.0,2697.0
삼겹살,2025-10-01,2632.0,2697.0
삼겹살,2025-10-02,2685.0,2731.0
삼겹살,2025-10-03,2719.0,2735.0
삼겹살,2025-10-04,2777.0,2730.0
삼겹살,2025-10-05,2717.0,2718.0
삼겹살,2025-10-06,2717.0,2749.0
삼겹살,2025-10-07,2841.0,2715.0
삼겹살,2025-10-08,2831.0,2709.0
삼겹살,2025-10-09,2829.0,2711.0
삼겹살,2025-10-10,2774.0,2731.0
삼겹살,2025-10-11,2759.0,2728.0
삼겹살,2025-10-12,2728.0,2731.0
삼겹살,2025-10-13,2683.0,2719.0
삼겹살,2025-10-14,2742.0,2724.0
삼겹살,2025-10-15,2823.0,2720.0
삼겹살,2025-10-16,2851.0,2712.0
삼겹살,2025-10-17,2820.0,2710.0
삼겹살,2025-10-18,2820.0,2704.0
삼겹살,2025-10-19,2816.0,2706.0
삼겹살,2025-10-20,2725.0,2714.0
삼겹살,2025-10-21,2728.0,2713.0
삼겹살,2025-10-22,2734.0,2713.0
삼겹살,2025-10-23,2797.0,2713.0
삼겹살,2025-10-24,2799.0,2712.0
삼겹살,2025-10-25,2807.0,2663.0
삼겹살,2025-10-26,2807.0,2663.0
삼겹살,2025-10-27,2796.0,2561.0
삼겹살,2025-10-28,2796.0,2571.0
삼겹살,2025-10-29,2792.0,2589.0
삼겹살,2025-10-30,2541.0,2613.0
삼겹살,2025-10-31,2503.0,2604.0
삼겹살,2025-11-01,2580.0,2629.0
삼겹살,2025-11-02,2580.0,2633.0
삼겹살,2025-11-03,2555.0,2629.0
삼겹살,2025-11-04,2572.0,2632.0
삼겹살,2025-11-05,2557.0,2629.0
삼겹살,2025-11-06,2619.0,2647.0
삼겹살,2025-11-07,2613.0,2612.0
삼겹살,2025-11-08,2611.0,2599.0
삼겹살,2025-11-09,2645.0,2598.0
삼겹살,2025-11-10,2654.0,2581.0
삼겹살,2025-11-11,2645.0,2583.0
삼겹살,2025-11-12,2616.0,2582.0
삼겹살,2025-11-13,2508.0,2581.0
삼겹살,2025-11-14,2534.0,2548.0
삼겹살,2025-11-15,2485.0,2532.0
삼겹살,2025-11-16,2489.0,2504.0
삼겹살,2025-11-17,2541.0,2505.0
삼겹살,2025-11-18,2541.0,2508.0
삼겹살,2025-11-19,2510.0,2504.0
삼겹살,2025-11-20,2516.0,2518.0
삼겹살,2025-11-21,2577.0,2499.0
삼겹살,2025-11-22,2579.0,2510.0
삼겹살,2025-11-23,2579.0,2504.0
삼겹살,2025-11-24,2597.0,2509.0
삼겹살,2025-11-25,2615.0,2535.0
삼겹살,2025-11-26,2650.0,2539.0
삼겹살,2025-11-27,2522.0,2537.0
삼겹살,2025-11-28,2477.0,2565.0
삼겹살,2025-11-29,2478.0,2507.0
삼겹살,2025-11-30,2476.0,2504.0
삼겹살,2025-12-01,2505.0,2484.0
삼겹살,2025-12-02,2583.0,2485.0
삼겹살,2025-12-03,2554.0,2487.0
삼겹살,2025-12-04,2552.0,2485.0
삼겹살,2025-12-05,2609.0,2470.0
삼겹살,2025-12-06,2606.0,2497.0
삼겹살,2025-12-07,2606.0,2499.0
삼겹살,2025-12-08,2716.0,2509.0
삼겹살,2025-12-09,2701.0,2500.0
삼겹살,2025-12-10,2682.0,2501.0
삼겹살,2025-12-11,2495.0,2505.0
삼겹살,2025-12-12,2530.0,2460.0
삼겹살,2025-12-13,2523.0,2478.0
삼겹살,2025-12-14,2523.0,2480.0
삼겹살,2025-12-15,2622.0,2506.0
삼겹살,2025-12-16,2637.0,2517.0
삼겹살,2025-12-17,2614.0,2626.0
삼겹살,2025-12-18,2515.0,2626.0
삼겹살,2025-12-19,2584.0,2626.0
삼겹살,2025-12-20,2570.0,2600.0
삼겹살,2025-12-21,2574.0,2597.0
삼겹살,2025-12-22,2615.0,2563.0
삼겹살,2025-12-23,2615.0,2513.0
삼겹살,2025-12-24,2548.0,2507.0
삼겹살,2025-12-25,2523.0,2510.0
삼겹살,2025-12-26,2534.0,2532.0
삼겹살,2025-12-27,2534.0,2518.0
삼겹살,2025-12-28,2530.0,2518.0
삼겹살,2025-12-29,2631.0,2512.0
삼겹살,2025-12-30,2619.0,2514.0
삼겹살,2025-12-31,2630.0,2513.0
삼겹살,2026-01-01,2656.0,2513.0
삼겹살,2026-01-02,2672.0,2541.0
삼겹살,2026-01-03,2675.0,2536.0
삼겹살,2026-01-04,2675.0,2554.0
삼겹살,2026-01-05,2649.0,2544.0
삼겹살,2026-01-06,2716.0,2499.0
삼겹살,2026-01-07,2699.0,2460.0
삼겹살,2026-01-08,2653.0,2494.0
삼겹살,2026-01-09,2656.0,2488.0
삼겹살,2026-01-10,2667.0,2473.0
삼겹살,2026-01-11,2667.0,2478.0
삼겹살,2026-01-12,2674.0,2480.0
삼겹살,2026-01-13,2674.0,2468.0
삼겹살,2026-01-14,2652.0,2495.0
삼겹살,2026-01-15,2522.0,2489.0
삼겹살,2026-01-16,2606.0,2505.0
삼겹살,2026-01-17,2606.0,2469.0
삼겹살,2026-01-18,2607.0,2479.0
삼겹살,2026-01-19,2599.0,2447.0
삼겹살,2026-01-20,2593.0,2416.0
삼겹살,2026-01-21,2579.0,2355.0
삼겹살,2026-01-22,2465.0,2358.0
삼겹살,2026-01-23,2569.0,2393.0
삼겹살,2026-01-24,2594.0,2370.0
삼겹살,2026-01-25,2588.0,2400.0
삼겹살,2026-01-26,2620.0,2398.0
삼겹살,2026-01-27,2632.0,2432.0
삼겹살,2026-01-28,2638.0,2433.0
삼겹살,2026-01-29,2558.0,2431.0
삼겹살,2026-01-30,2580.0,2431.0
삼겹살,2026-01-31,2580.0,2430.0
삼겹살,2026-02-01,2583.0,2349.0
삼겹살,2026-02-02,2570.0,2350.0
삼겹살,2026-02-03,2572.0,2336.0
삼겹살,2026-02-04,2551.0,2358.0
삼겹살,2026-02-05,2669.0,2355.0
삼겹살,2026-02-06,2672.0,2367.0
삼겹살,2026-02-07,2657.0,2343.0
삼겹살,2026-02-08,2650.0,2343.0
삼겹살,2026-02-09,2635.0,2338.0
삼겹살,2026-02-10,2633.0,2337.0
삼겹살,2026-02-11,2631.0,2352.0
삼겹살,2026-02-12,2630.0,2352.0
삼겹살,2026-02-13,2623.0,2357.0
삼겹살,2026-02-14,2614.0,2340.0
삼겹살,2026-02-15,2605.0,2334.0
삼겹살,2026-02-16,2603.0,2396.0
삼겹살,2026-02-17,2616.0,2400.0
삼겹살,2026-02-18,2616.0,2387.0
삼겹살,2026-02-19,2640.0,2384.0
삼겹살,2026-02-20,2672.0,2406.0
삼겹살,2026-02-21,2671.0,2413.0
삼겹살,2026-02-22,2666.0,2415.0
삼겹살,2026-02-23,2673.0,2434.0
삼겹살,2026-02-24,2666.0,2430.0
삼겹살,2026-02-25,2566.0,2432.0
삼겹살,2026-02-26,2518.0,2442.0
삼겹살,2026-02-27,2559.0,2431.0
삼겹살,2026-02-28,2388.0,2283.0
삼겹살,2026-03-01,2344.0,2265.0
삼겹살,2026-03-02,2326.0,2207.0
삼겹살,2026-03-03,2330.0,2096.0
삼겹살,2026-03-04,2621.0,2210.0
삼겹살,2026-03-05,2655.0,2211.0
삼겹살,2026-03-06,2645.0,2200.0
삼겹살,2026-03-07,2647.0,2196.0
삼겹살,2026-03-08,2639.0,2298.0
삼겹살,2026-03-09,2624.0,2299.0
삼겹살,2026-03-10,2609.0,2351.0
삼겹살,2026-03-11,2580.0,2387.0
삼겹살,2026-03-12,2574.0,2384.0
삼겹살,2026-03-13,2546.0,2383.0
삼겹살,2026-03-14,2535.0,2339.0
삼겹살,2026-03-15,2522.0,2345.0
삼겹살,2026-03-16,2478.0,2339.0
삼겹살,2026-03-17,2548.0,2349.0
삼겹살,2026-03-18,2530.0,2354.0
삼겹살,2026-03-19,2522.0,2330.0
삼겹살,2026-03-20,2542.0,2309.0
삼겹살,2026-03-21,2542.0,2266.0
삼겹살,2026-03-22,2560.0,2292.0
삼겹살,2026-03-23,2500.0,2289.0
삼겹살,2026-03-24,2565.0,2328.0
삼겹살,2026-03-25,2574.0,2351.0
삼겹살,2026-03-26,2580.0,2352.0
삼겹살,2026-03-27,2607.0,2361.0
삼겹살,2026-03-28,2608.0,2352.0
삼겹살,2026-03-29,2608.0,2367.0
삼겹살,2026-03-30,2438.0,2389.0
삼겹살,2026-03-31,2439.0,2383.0
삼겹살,2026-04-01,2422.0,2343.0
삼겹살,2026-04-02,2422.0,2326.0
삼겹살,2026-04-03,2418.0,2334.0
삼겹살,2026-04-04,2397.0,2375.0
삼겹살,2026-04-05,2418.0,2386.0
삼겹살,2026-04-06,2560.0,2372.0
삼겹살,2026-04-07,2554.0,2368.0
삼겹살,2026-04-08,2555.0,2382.0
삼겹살,2026-04-09,2560.0,2384.0
삼겹살,2026-04-10,2592.0,2382.0
삼겹살,2026-04-11,2599.0,2348.0
삼겹살,2026-04-12,2620.0,2354.0
삼겹살,2026-04-13,2624.0,2357.0
삼겹살,2026-04-14,2626.0,2361.0
삼겹살,2026-04-15,2606.0,2366.0
삼겹살,2026-04-16,2584.0,2365.0
삼겹살,2026-04-17,2582.0,2395.0
삼겹살,2026-04-18,2587.0,2416.0
삼겹살,2026-04-19,2585.0,2394.0
삼겹살,2026-04-20,2602.0,2396.0
삼겹살,2026-04-21,2608.0,2384.0
삼겹살,2026-04-22,2621.0,2325.0
삼겹살,2026-04-23,2661.0,2390.0
삼겹살,2026-04-24,2692.0,2471.0
삼겹살,2026-04-25,2680.0,2447.0
삼겹살,2026-04-26,2695.0,2469.0
삼겹살,2026-04-27,2711.0,2486.0
삼겹살,2026-04-28,2711.0,2491.0
삼겹살,2026-04-29,2722.0,2513.0
삼겹살,2026-04-30,2718.0,2516.0
삼겹살,2026-05-01,2738.0,2498.0
삼겹살,2026-05-02,2762.0,2544.0
삼겹살,2026-05-03,2765.0,2525.0
삼겹살,2026-05-04,2767.0,2524.0
삼겹살,2026-05-05,2777.0,2518.0
삼겹살,2026-05-06,2774.0,2518.0
삼겹살,2026-05-07,2778.0,2556.0
삼겹살,2026-05-08,2813.0,2559.0
삼겹살,2026-05-09,2754.0,2563.0
삼겹살,2026-05-10,2764.0,2562.0
삼겹살,2026-05-11,2732.0,2564.0
삼겹살,2026-05-12,2778.0,2594.0
삼겹살,2026-05-13,2758.0,2559.0
삼겹살,2026-05-14,2613.0,2576.0
삼겹살,2026-05-15,2637.0,2595.0
삼겹살,2026-05-16,2634.0,2588.0
삼겹살,2026-05-17,2619.0,2602.0
삼겹살,2026-05-18,2792.0,2623.0
삼겹살,2026-05-19,2789.0,2632.0
삼겹살,2026-05-20,2726.0,2644.0
삼겹살,2026-05-21,2679.0,2646.0
삼겹살,2026-05-22,2597.0,2645.0
삼겹살,2026-05-23,2748.0,2593.0
삼겹살,2026-05-24,2752.0,2603.0
삼겹살,2026-05-25,2748.0,2608.0
삼겹살,2026-05-26,2757.0,2634.0
삼겹살,2026-05-27,2713.0,2663.0
삼겹살,2026-05-28,2720.0,2652.0
삼겹살,2026-05-29,2778.0,2641.0
삼겹살,2026-05-30,2801.0,2706.0
삼겹살,2026-05-31,2801.0,2717.0
삼겹살,2026-06-01,2790.0,2686.0
삼겹살,2026-06-02,2801.0,2691.0
삼겹살,2026-06-03,2654.0,2690.0
삼겹살,2026-06-04,2782.0,2693.0
삼겹살,2026-06-05,2803.0,2672.0
삼겹살,2026-06-06,2791.0,2682.0
삼겹살,2026-06-07,2806.0,2691.0
삼겹살,2026-06-08,2819.0,2693.0
삼겹살,2026-06-09,2677.0,2659.0
삼겹살,2026-06-10,2715.0,2680.0
삼겹살,2026-06-11,2790.0,2666.0
삼겹살,2026-06-12,2783.0,2705.0
삼겹살,2026-06-13,2785.0,2725.0
삼겹살,2026-06-14,2795.0,2716.0
삼겹살,2026-06-15,2725.0,2724.0
삼겹살,2026-06-16,2788.0,2759.0
삼겹살,2026-06-17,2698.0,2784.0
삼겹살,2026-06-18,2778.0,2788.0
삼겹살,2026-06-19,2805.0,2780.0
삼겹살,2026-06-20,2809.0,2776.0
삼겹살,2026-06-21,2802.0,2756.0
삼겹살,2026-06-22,2744.0,2760.0
삼겹살,2026-06-23,2816.0,2763.0
삼겹살,2026-06-24,2833.0,2773.0
삼겹살,2026-06-25,2839.0,2764.0
삼겹살,2026-06-26,2824.0,2712.0
삼겹살,2026-06-27,2825.0,2711.0
삼겹살,2026-06-28,2825.0,2710.0
삼겹살,2026-06-29,2818.0,2685.0
삼겹살,2026-06-30,2826.0,2681.0
삼겹살,2026-07-01,2826.0,2746.0
삼겹살,2026-07-02,2649.0,2763.0
삼겹살,2026-07-03,2649.0,2714.0
삼겹살,2026-07-04,2663.0,2717.0
삼겹살,2026-07-05,2669.0,2714.0
삼겹살,2026-07-06,2838.0,2718.0
삼겹살,2026-07-07,2820.0,2751.0
삼겹살,2026-07-08,2825.0,2747.0
삼겹살,2026-07-09,2728.0,2749.0
삼겹살,2026-07-10,2789.0,2724.0
삼겹살,2026-07-11,2800.0,2729.0
삼겹살,2026-07-12,2811.0,2724.0
삼겹살,2026-07-13,2822.0,2720.0
삼겹살,2026-07-14,2828.0,2717.0
삼겹살,2026-07-15,2805.0,2716.0
삼겹살,2026-07-16,2834.0,2703.0
삼겹살,2026-07-17,2844.0,2691.0
삼겹살,2026-07-18,2825.0,2700.0
삼겹살,2026-07-19,2839.0,2697.0
삼겹살,2026-07-20,2834.0,2692.0
삼겹살,2026-07-21,2828.0,2696.0
삼겹살,2026-07-22,2668.0,2686.0
삼겹살,2026-07-23,2809.0,2676.0
삼겹살,2026-07-24,2836.0,2661.0
삼겹살,2026-07-25,2837.0,2666.0
삼겹살,2026-07-26,2854.0,2678.0
삼겹살,2026-07-27,2896.0,2647.0
삼겹살,2026-07-28,2896.0,2639.0
삼겹살,2026-07-29,2858.0,2605.0
삼겹살,2026-07-30,2597.0,2608.0
삼겹살,2026-07-31,2598.0,2617.0
삼겹살,2026-08-01,2600.0,2598.0
삼겹살,2026-08-02,2578.0,2559.0
삼겹살,2026-08-03,2588.0,2562.0
삼겹살,2026-08-04,2817.0,2585.0
삼겹살,2026-08-05,2822.0,2584.0
삼겹살,2026-08-06,2819.0,2587.0
삼겹살,2026-08-07,2827.0,2568.0
삼겹살,2026-08-08,2826.0,2563.0
삼겹살,2026-08-09,2815.0,2582.0
삼겹살,2026-08-10,2843.0,2574.0
삼겹살,2026-08-11,2841.0,2623.0
삼겹살,2026-08-12,2731.0,2661.0
삼겹살,2026-08-13,2707.0,2661.0
삼겹살,2026-08-14,2698.0,2652.0
삼겹살,2026-08-15,2563.0,2656.0
삼겹살,2026-08-16,2572.0,2678.0
삼겹살,2026-08-17,2730.0,2686.0
삼겹살,2026-08-18,2730.0,2664.0
삼겹살,2026-08-19,2706.0,2682.0
삼겹살,2026-08-20,2754.0,2679.0
삼겹살,2026-08-21,2820.0,2649.0
삼겹살,2026-08-22,2818.0,2634.0
삼겹살,2026-08-23,2809.0,2624.0
삼겹살,2026-08-24,2827.0,2611.0
삼겹살,2026-08-25,2814.0,2620.0
삼겹살,2026-08-26,2795.0,2657.0
삼겹살,2026-08-27,2766.0,2657.0
삼겹살,2026-08-28,2750.0,2691.0
삼겹살,2026-08-29,2741.0,2733.0
삼겹살,2026-08-30,2742.0,2732.0
삼겹살,2026-08-31,2873.0,2733.0
삼겹살,2026-09-01,2874.0,2701.0
삼겹살,2026-09-02,2885.0,2682.0
삼겹살,2026-09-03,2694.0,2698.0
삼겹살,2026-09-04,2709.0,2663.0
삼겹살,2026-09-05,2712.0,2667.0
삼겹살,2026-09-06,2714.0,2676.0
삼겹살,2026-09-07,2869.0,2668.0
삼겹살,2026-09-08,2876.0,2696.0
삼겹살,2026-09-09,2877.0,2699.0
삼겹살,2026-09-10,2869.0,2699.0
삼겹살,2026-09-11,2911.0,2643.0
삼겹살,2026-09-12,2911.0,2655.0
삼겹살,2026-09-13,2918.0,2667.0
삼겹살,2026-09-14,2786.0,2687.0
삼겹살,2026-09-15,2951.0,2708.0
삼겹살,2026-09-16,2934.0,2783.0
삼겹살,2026-09-17,2927.0,2774.0
삼겹살,2026-09-18,2938.0,2734.0
삼겹살,2026-09-19,2942.0,2739.0
양파,2023-01-02,2933.0,1999.0
양파,2023-01-03,2933.0,1998.0
양파,2023-01-04,2933.0,1997.0
양파,2023-01-05,2790.0,1989.0
양파,2023-01-06,2790.0,1983.0
양파,2023-01-09,2790.0,1996.0
양파,2023-01-10,2790.0,1998.0
양파,2023-01-11,2790.0,1999.0
양파,2023-01-12,2697.0,2005.0
양파,2023-01-13,2643.0,2012.0
양파,2023-01-16,2643.0,2035.0
양파,2023-01-17,2643.0,2032.0
양파,2023-01-18,2643.0,2033.0
양파,2023-01-19,2607.0,2036.0
양파,2023-01-20,2607.0,2041.0
양파,2023-01-25,2793.0,2045.0
양파,2023-01-26,2607.0,2035.0
양파,2023-01-27,2607.0,2024.0
양파,2023-01-30,2607.0,2005.0
양파,2023-01-31,2607.0,2006.0
양파,2023-02-01,2607.0,2007.0
양파,2023-02-02,2607.0,2005.0
양파,2023-02-03,2347.0,2001.0
양파,2023-02-06,2347.0,2003.0
양파,2023-02-07,2347.0,2011.0
양파,2023-02-08,2347.0,2027.0
양파,2023-02-09,2347.0,1931.0
양파,2023-02-10,2347.0,1946.0
양파,2023-02-13,2347.0,1950.0
양파,2023-02-14,2347.0,1944.0
양파,2023-02-15,2347.0,1936.0
양파,2023-02-16,2347.0,1947.0
양파,2023-02-17,2347.0,2143.0
양파,2023-02-20,2347.0,2125.0
양파,2023-02-21,2413.0,2129.0
양파,2023-02-22,2497.0,2127.0
양파,2023-02-23,2497.0,2122.0
양파,2023-02-24,2497.0,2117.0
양파,2023-02-27,2497.0,2179.0
양파,2023-02-28,2497.0,2201.0
양파,2023-03-02,2497.0,2222.0
양파,2023-03-03,2560.0,2231.0
양파,2023-03-06,2560.0,2252.0
양파,2023-03-07,2627.0,2255.0
양파,2023-03-08,2627.0,2252.0
양파,2023-03-09,3007.0,2252.0
양파,2023-03-10,3007.0,2245.0
양파,2023-03-13,3007.0,2213.0
양파,2023-03-14,2983.0,2208.0
양파,2023-03-15,2917.0,2213.0
양파,2023-03-16,3107.0,2212.0
양파,2023-03-17,2890.0,2218.0
양파,2023-03-20,2890.0,2217.0
양파,2023-03-21,2877.0,2212.0
양파,2023-03-22,2877.0,2203.0
양파,2023-03-23,2930.0,2202.0
양파,2023-03-24,2800.0,2197.0
양파,2023-03-27,2800.0,2188.0
양파,2023-03-28,2800.0,2188.0
양파,2023-03-29,2800.0,2177.0
양파,2023-03-30,2893.0,2161.0
양파,2023-03-31,2873.0,2136.0
양파,2023-04-03,2873.0,2084.0
양파,2023-04-04,2873.0,2079.0
양파,2023-04-05,2873.0,2084.0
양파,2023-04-06,2600.0,2082.0
양파,2023-04-07,2600.0,2089.0
양파,2023-04-10,2615.0,2223.0
양파,2023-04-11,2615.0,2127.0
양파,2023-04-12,2615.0,2123.0
양파,2023-04-13,2615.0,2217.0
양파,2023-04-14,2800.0,2177.0
양파,2023-04-17,2833.0,2133.0
양파,2023-04-18,2810.0,2139.0
양파,2023-04-19,2810.0,2047.0
양파,2023-04-20,2310.0,2023.0
양파,2023-04-21,2310.0,2000.0
양파,2023-04-24,2310.0,2028.0
양파,2023-04-25,2310.0,2022.0
양파,2023-04-26,2310.0,2026.0
양파,2023-04-27,2023.0,2017.0
양파,2023-04-28,2023.0,2015.0
양파,2023-05-02,2023.0,1981.0
양파,2023-05-03,2023.0,1981.0
양파,2023-05-04,2230.0,2004.0
양파,2023-05-08,2230.0,1968.0
양파,2023-05-09,2343.0,1958.0
양파,2023-05-10,2343.0,1943.0
양파,2023-05-11,2300.0,1925.0
양파,2023-05-12,2300.0,1912.0
양파,2023-05-15,2300.0,1901.0
양파,2023-05-16,2277.0,1905.0
양파,2023-05-17,2277.0,1896.0
양파,2023-05-18,2277.0,1881.0
양파,2023-05-19,2220.0,1873.0
양파,2023-05-22,2220.0,1852.0
양파,2023-05-23,2210.0,1852.0
양파,2023-05-24,2210.0,1858.0
양파,2023-05-25,2370.0,1866.0
양파,2023-05-26,2370.0,1885.0
양파,2023-05-30,2380.0,1902.0
양파,2023-05-31,2380.0,1903.0
양파,2023-06-01,2027.0,1914.0
양파,2023-06-02,2027.0,1924.0
양파,2023-06-05,2027.0,1955.0
양파,2023-06-07,2027.0,1973.0
양파,2023-06-08,2417.0,1987.0
양파,2023-06-09,2173.0,1998.0
양파,2023-06-12,2173.0,1990.0
양파,2023-06-13,2130.0,1984.0
양파,2023-06-14,2130.0,1982.0
양파,2023-06-15,2150.0,1981.0
양파,2023-06-16,2150.0,1980.0
양파,2023-06-19,2150.0,1968.0
양파,2023-06-20,2130.0,1957.0
양파,2023-06-21,2130.0,1954.0
양파,2023-06-22,2130.0,1952.0
양파,2023-06-23,2130.0,1956.0
양파,2023-06-26,2130.0,1974.0
양파,2023-06-27,2130.0,1973.0
양파,2023-06-28,2130.0,1965.0
양파,2023-06-29,2131.0,1958.0
양파,2023-06-30,2131.0,1947.0
양파,2023-07-03,2043.0,1907.0
양파,2023-07-04,2043.0,1891.0
양파,2023-07-05,2043.0,1869.0
양파,2023-07-06,2043.0,1851.0
양파,2023-07-07,2043.0,1840.0
양파,2023-07-10,2043.0,1847.0
양파,2023-07-11,2030.0,1856.0
양파,2023-07-12,2030.0,1865.0
양파,2023-07-13,2140.0,1881.0
양파,2023-07-14,2140.0,1900.0
양파,2023-07-17,2140.0,1914.0
양파,2023-07-18,2140.0,1920.0
양파,2023-07-19,2140.0,1920.0
양파,2023-07-20,2130.0,1913.0
양파,2023-07-21,2130.0,1907.0
양파,2023-07-24,2130.0,1871.0
양파,2023-07-25,2130.0,1859.0
양파,2023-07-26,2173.0,1852.0
양파,2023-07-27,2173.0,1850.0
양파,2023-07-28,2173.0,1849.0
양파,2023-07-31,2173.0,1845.0
양파,2023-08-01,2173.0,1849.0
양파,2023-08-02,2173.0,1851.0
양파,2023-08-03,2173.0,1858.0
양파,2023-08-04,2173.0,1865.0
양파,2023-08-07,2173.0,1894.0
양파,2023-08-08,2173.0,1896.0
양파,2023-08-09,2173.0,1897.0
양파,2023-08-10,2173.0,1895.0
양파,2023-08-11,2173.0,1894.0
양파,2023-08-14,2173.0,1885.0
양파,2023-08-16,2173.0,1885.0
양파,2023-08-17,2173.0,1893.0
양파,2023-08-18,2173.0,1901.0
양파,2023-08-21,2173.0,1925.0
양파,2023-08-22,2173.0,1925.0
양파,2023-08-23,2173.0,1925.0
양파,2023-08-24,2120.0,1925.0
양파,2023-08-25,2120.0,1916.0
양파,2023-08-28,2120.0,1883.0
양파,2023-08-29,2120.0,1867.0
양파,2023-08-30,2097.0,1862.0
양파,2023-08-31,2097.0,1855.0
양파,2023-09-01,2097.0,1856.0
양파,2023-09-04,2097.0,1906.0
양파,2023-09-05,2097.0,1921.0
양파,2023-09-06,2097.0,1928.0
양파,2023-09-07,2131.0,1937.0
양파,2023-09-08,2131.0,1945.0
양파,2023-09-11,2097.0,1959.0
양파,2023-09-12,2153.0,1963.0
양파,2023-09-13,2153.0,1967.0
양파,2023-09-14,2153.0,1975.0
양파,2023-09-15,2153.0,1985.0
양파,2023-09-18,2153.0,1997.0
양파,2023-09-19,2153.0,2005.0
양파,2023-09-20,2153.0,2006.0
양파,2023-09-21,2153.0,2012.0
양파,2023-09-22,2153.0,2018.0
양파,2023-09-23,2153.0,2023.0
양파,2023-09-25,2153.0,2026.0
양파,2023-09-26,2153.0,2024.0
양파,2023-09-27,2153.0,2030.0
양파,2023-10-04,2527.0,2055.0
양파,2023-10-05,2213.0,2067.0
양파,2023-10-06,2213.0,2061.0
양파,2023-10-10,2213.0,2055.0
양파,2023-10-11,2213.0,2053.0
양파,2023-10-12,2277.0,2060.0
양파,2023-10-13,2277.0,2055.0
양파,2023-10-16,2277.0,2095.0
양파,2023-10-17,2277.0,2100.0
양파,2023-10-18,2277.0,2103.0
양파,2023-10-19,2277.0,2101.0
양파,2023-10-20,2277.0,2099.0
양파,2023-10-23,2277.0,2088.0
양파,2023-10-24,2277.0,2085.0
양파,2023-10-25,2277.0,2079.0
양파,2023-10-26,2333.0,2078.0
양파,2023-10-27,2333.0,2077.0
양파,2023-10-30,2333.0,2076.0
양파,2023-10-31,2333.0,2075.0
양파,2023-11-01,2333.0,2072.0
양파,2023-11-02,2030.0,2072.0
양파,2023-11-03,2030.0,2064.0
양파,2023-11-06,2030.0,2045.0
양파,2023-11-07,2030.0,2041.0
양파,2023-11-08,2030.0,2042.0
양파,2023-11-09,2197.0,2037.0
양파,2023-11-10,2193.0,2040.0
양파,2023-11-13,2193.0,2045.0
양파,2023-11-14,2193.0,2041.0
양파,2023-11-15,2193.0,2032.0
양파,2023-11-16,2127.0,2028.0
양파,2023-11-17,2053.0,2025.0
양파,2023-11-20,2147.0,2036.0
양파,2023-11-21,2303.0,2042.0
양파,2023-11-22,2303.0,2046.0
양파,2023-11-23,2350.0,2047.0
양파,2023-11-24,2350.0,2049.0
양파,2023-11-27,2350.0,2047.0
양파,2023-11-28,2350.0,2046.0
양파,2023-11-29,2350.0,2044.0
양파,2023-11-30,2610.0,2042.0
양파,2023-12-04,2610.0,2060.0
양파,2023-12-05,2610.0,2079.0
양파,2023-12-06,2610.0,2099.0
양파,2023-12-07,2787.0,2113.0
양파,2023-12-08,2787.0,2115.0
양파,2023-12-11,2787.0,2129.0
양파,2023-12-12,2787.0,2113.0
양파,2023-12-13,2787.0,2095.0
양파,2023-12-14,2567.0,2078.0
양파,2023-12-15,2567.0,2057.0
양파,2023-12-18,2567.0,2053.0
양파,2023-12-19,2567.0,2045.0
양파,2023-12-20,2567.0,2036.0
양파,2023-12-21,2700.0,2029.0
양파,2023-12-22,2700.0,2025.0
양파,2023-12-26,2593.0,2029.0
양파,2023-12-27,2593.0,2033.0
양파,2023-12-28,2377.0,2036.0
양파,2023-12-29,2377.0,2039.0
양파,2024-01-02,2700.0,2038.0
양파,2024-01-03,2700.0,2044.0
양파,2024-01-04,2443.0,2050.0
양파,2024-01-05,2240.0,2052.0
양파,2024-01-08,2443.0,2072.0
양파,2024-01-09,2640.0,2075.0
양파,2024-01-10,2757.0,2077.0
양파,2024-01-11,1973.0,2079.0
양파,2024-01-12,1973.0,2097.0
양파,2024-01-15,1973.0,2162.0
양파,2024-01-16,1973.0,2183.0
양파,2024-01-17,2567.0,2183.0
양파,2024-01-18,2533.0,2189.0
양파,2024-01-19,2533.0,2208.0
양파,2024-01-22,2533.0,2230.0
양파,2024-01-23,2533.0,2230.0
양파,2024-01-24,2533.0,2229.0
양파,2024-01-25,2533.0,2220.0
양파,2024-01-26,2533.0,2208.0
양파,2024-01-29,2533.0,2168.0
양파,2024-01-30,2533.0,2168.0
양파,2024-01-31,2533.0,2170.0
양파,2024-02-01,2160.0,2160.0
양파,2024-02-02,2193.0,2147.0
양파,2024-02-05,2193.0,2121.0
양파,2024-02-06,2193.0,2122.0
양파,2024-02-07,2193.0,2114.0
양파,2024-02-08,2073.0,2127.0
양파,2024-02-13,2073.0,1992.0
양파,2024-02-14,2073.0,1989.0
양파,2024-02-15,2307.0,1984.0
양파,2024-02-16,2083.0,1994.0
양파,2024-02-19,2410.0,2109.0
양파,2024-02-20,2463.0,2118.0
양파,2024-02-21,2793.0,2133.0
양파,2024-02-22,2793.0,2138.0
양파,2024-02-23,2793.0,2141.0
양파,2024-02-26,2793.0,2176.0
양파,2024-02-27,2793.0,2196.0
양파,2024-02-28,2793.0,2219.0
양파,2024-02-29,2837.0,2220.0
양파,2024-03-04,2637.0,2267.0
양파,2024-03-05,2637.0,2272.0
양파,2024-03-06,2637.0,2281.0
양파,2024-03-07,2600.0,2307.0
양파,2024-03-08,2600.0,2325.0
양파,2024-03-11,2600.0,2359.0
양파,2024-03-12,2513.0,2347.0
양파,2024-03-13,2513.0,2340.0
양파,2024-03-14,2377.0,2339.0
양파,2024-03-15,2357.0,2336.0
양파,2024-03-18,2640.0,2324.0
양파,2024-03-19,2640.0,2326.0
양파,2024-03-20,2863.0,2322.0
양파,2024-03-21,2553.0,2314.0
양파,2024-03-22,2693.0,2307.0
양파,2024-03-25,2753.0,2301.0
양파,2024-03-26,2977.0,2296.0
양파,2024-03-27,2977.0,2293.0
양파,2024-03-28,2977.0,2291.0
양파,2024-03-29,2977.0,2291.0
양파,2024-04-01,2977.0,2261.0
양파,2024-04-02,2977.0,2252.0
양파,2024-04-03,2977.0,2249.0
양파,2024-04-04,2635.0,2247.0
양파,2024-04-05,2555.0,2242.0
양파,2024-04-08,2555.0,2220.0
양파,2024-04-09,2555.0,2314.0
양파,2024-04-11,2465.0,2226.0
양파,2024-04-12,2495.0,2226.0
양파,2024-04-17,2617.0,2260.0
양파,2024-04-18,2150.0,2260.0
양파,2024-04-19,2150.0,2170.0
양파,2024-04-22,2113.0,2091.0
양파,2024-04-23,2047.0,2090.0
양파,2024-04-24,2130.0,2120.0
양파,2024-04-25,2750.0,2106.0
양파,2024-04-26,2907.0,2096.0
양파,2024-04-29,2907.0,2056.0
양파,2024-04-30,2907.0,2044.0
양파,2024-05-02,2237.0,2053.0
양파,2024-05-03,2063.0,2067.0
양파,2024-05-07,2147.0,2062.0
양파,2024-05-08,2147.0,2048.0
양파,2024-05-09,2097.0,2045.0
양파,2024-05-10,2097.0,2043.0
양파,2024-05-13,2097.0,2015.0
양파,2024-05-14,2097.0,2007.0
양파,2024-05-16,1783.0,2008.0
양파,2024-05-17,1783.0,1992.0
양파,2024-05-20,1783.0,1949.0
양파,2024-05-21,1783.0,1944.0
양파,2024-05-22,1783.0,1948.0
양파,2024-05-23,1927.0,1944.0
양파,2024-05-24,1947.0,1947.0
양파,2024-05-27,1947.0,1971.0
양파,2024-05-28,1947.0,1960.0
양파,2024-05-29,1947.0,1944.0
양파,2024-05-30,2087.0,1946.0
양파,2024-05-31,2050.0,1948.0
양파,2024-06-03,2413.0,1931.0
양파,2024-06-04,2363.0,1949.0
양파,2024-06-05,2363.0,1966.0
양파,2024-06-07,1923.0,1997.0
양파,2024-06-10,1900.0,2045.0
양파,2024-06-11,2057.0,2040.0
양파,2024-06-12,2057.0,2028.0
양파,2024-06-13,1843.0,2017.0
양파,2024-06-14,1843.0,2014.0
양파,2024-06-17,1843.0,2011.0
양파,2024-06-18,1843.0,2008.0
양파,2024-06-19,1843.0,2005.0
양파,2024-06-20,1843.0,2001.0
양파,2024-06-21,1843.0,2000.0
양파,2024-06-24,1843.0,2016.0
양파,2024-06-25,1843.0,2022.0
양파,2024-06-26,1827.0,2026.0
양파,2024-06-27,1933.0,2029.0
양파,2024-06-28,1933.0,2032.0
양파,2024-07-01,1933.0,1960.0
양파,2024-07-02,1933.0,1949.0
양파,2024-07-03,1933.0,1945.0
양파,2024-07-04,1863.0,1941.0
양파,2024-07-05,1863.0,1974.0
양파,2024-07-08,1863.0,1984.0
양파,2024-07-09,1863.0,1989.0
양파,2024-07-10,1863.0,1994.0
양파,2024-07-11,1753.0,2010.0
양파,2024-07-12,1753.0,2027.0
양파,2024-07-15,1753.0,2070.0
양파,2024-07-16,1753.0,2076.0
양파,2024-07-17,1753.0,2077.0
양파,2024-07-18,1680.0,2079.0
양파,2024-07-19,1680.0,2081.0
양파,2024-07-22,1680.0,2071.0
양파,2024-07-23,1680.0,2066.0
양파,2024-07-24,1680.0,2061.0
양파,2024-07-25,1590.0,2053.0
양파,2024-07-26,1590.0,2044.0
양파,2024-07-29,1590.0,2039.0
양파,2024-07-30,1590.0,2030.0
양파,2024-07-31,1990.0,2025.0
양파,2024-08-01,1763.0,2027.0
양파,2024-08-02,1763.0,2030.0
양파,2024-08-05,1763.0,2041.0
양파,2024-08-06,1763.0,2051.0
양파,2024-08-07,1763.0,2060.0
양파,2024-08-08,1813.0,2064.0
양파,2024-08-09,1813.0,2066.0
양파,2024-08-12,1813.0,2064.0
양파,2024-08-13,1813.0,2059.0
양파,2024-08-14,1813.0,2054.0
양파,2024-08-16,1707.0,2051.0
양파,2024-08-19,1707.0,2065.0
양파,2024-08-20,1707.0,2068.0
양파,2024-08-21,1707.0,2073.0
양파,2024-08-22,1763.0,2067.0
양파,2024-08-23,1763.0,2062.0
양파,2024-08-26,1763.0,2036.0
양파,2024-08-27,1763.0,2032.0
양파,2024-08-28,1763.0,2026.0
양파,2024-08-29,1863.0,2020.0
양파,2024-08-30,1863.0,2025.0
양파,2024-09-02,1987.0,2043.0
양파,2024-09-03,1987.0,2056.0
양파,2024-09-04,1987.0,2067.0
양파,2024-09-05,2097.0,2078.0
양파,2024-09-06,2097.0,2080.0
양파,2024-09-09,2097.0,2093.0
양파,2024-09-10,2097.0,2095.0
양파,2024-09-11,2097.0,2100.0
양파,2024-09-12,1740.0,2104.0
양파,2024-09-13,1740.0,2105.0
양파,2024-09-19,1963.0,2107.0
양파,2024-09-20,1963.0,2103.0
양파,2024-09-23,1963.0,2120.0
양파,2024-09-24,1963.0,2130.0
양파,2024-09-25,1963.0,2132.0
양파,2024-09-26,1877.0,2164.0
양파,2024-09-27,1877.0,2184.0
양파,2024-09-30,1807.0,2198.0
양파,2024-10-02,1807.0,2194.0
양파,2024-10-04,1793.0,2197.0
양파,2024-10-07,1793.0,2210.0
양파,2024-10-08,1793.0,2214.0
양파,2024-10-10,1887.0,2219.0
양파,2024-10-11,1887.0,2225.0
양파,2024-10-14,1887.0,2264.0
양파,2024-10-15,1853.0,2271.0
양파,2024-10-16,1853.0,2275.0
양파,2024-10-17,1693.0,2275.0
양파,2024-10-18,1693.0,2273.0
양파,2024-10-21,1693.0,2264.0
양파,2024-10-22,1693.0,2262.0
양파,2024-10-23,1693.0,2261.0
양파,2024-10-24,1827.0,2263.0
양파,2024-10-25,1827.0,2263.0
양파,2024-10-28,1827.0,2269.0
양파,2024-10-29,1957.0,2270.0
양파,2024-10-30,1957.0,2270.0
양파,2024-10-31,1910.0,2243.0
양파,2024-11-01,1910.0,2218.0
양파,2024-11-04,1910.0,2125.0
양파,2024-11-05,1910.0,2122.0
양파,2024-11-06,1910.0,2119.0
양파,2024-11-07,1553.0,2126.0
양파,2024-11-08,1600.0,2132.0
양파,2024-11-11,1600.0,2157.0
양파,2024-11-12,1600.0,2159.0
양파,2024-11-13,1600.0,2160.0
양파,2024-11-14,1423.0,2158.0
양파,2024-11-15,1423.0,2152.0
양파,2024-11-18,1527.0,2183.0
양파,2024-11-19,1527.0,2186.0
양파,2024-11-20,1597.0,2205.0
양파,2024-11-21,1527.0,2226.0
양파,2024-11-22,1527.0,2249.0
양파,2024-11-25,1527.0,2270.0
양파,2024-11-26,1597.0,2270.0
양파,2024-11-27,1597.0,2270.0
양파,2024-11-28,1527.0,2298.0
양파,2024-11-29,1527.0,2328.0
양파,2024-12-02,1647.0,2379.0
양파,2024-12-03,1737.0,2380.0
양파,2024-12-04,1737.0,2387.0
양파,2024-12-05,2040.0,2423.0
양파,2024-12-09,2040.0,2458.0
양파,2024-12-10,2043.0,2463.0
양파,2024-12-11,2043.0,2467.0
양파,2024-12-12,1817.0,2443.0
양파,2024-12-13,1817.0,2418.0
양파,2024-12-16,1817.0,2336.0
양파,2024-12-17,1817.0,2334.0
양파,2024-12-18,1817.0,2332.0
양파,2024-12-19,1817.0,2347.0
양파,2024-12-20,1817.0,2364.0
양파,2024-12-23,1817.0,2387.0
양파,2024-12-24,1817.0,2390.0
양파,2024-12-26,1817.0,2375.0
양파,2024-12-27,1817.0,2353.0
양파,2024-12-30,1817.0,2370.0
양파,2024-12-31,1817.0,2371.0
양파,2025-01-02,1817.0,2376.0
양파,2025-01-03,1837.0,2385.0
양파,2025-01-06,1790.0,2392.0
양파,2025-01-07,1790.0,2398.0
양파,2025-01-08,1790.0,2419.0
양파,2025-01-09,1860.0,2387.0
양파,2025-01-10,1860.0,2360.0
양파,2025-01-13,1860.0,2280.0
양파,2025-01-14,1883.0,2292.0
양파,2025-01-15,1883.0,2320.0
양파,2025-01-16,2063.0,2359.0
양파,2025-01-17,2063.0,2376.0
양파,2025-01-20,2063.0,2452.0
양파,2025-01-21,2063.0,2468.0
양파,2025-01-22,2063.0,2472.0
양파,2025-01-23,2133.0,2475.0
양파,2025-01-24,2133.0,2476.0
양파,2025-01-31,2597.0,2421.0
양파,2025-02-03,2597.0,2364.0
양파,2025-02-04,2597.0,2352.0
양파,2025-02-05,2597.0,2352.0
양파,2025-02-06,2737.0,2351.0
양파,2025-02-07,2747.0,2341.0
양파,2025-02-10,2747.0,2191.0
양파,2025-02-11,2747.0,2197.0
양파,2025-02-12,2747.0,2201.0
양파,2025-02-13,2607.0,2203.0
양파,2025-02-14,2613.0,2200.0
양파,2025-02-17,2613.0,2321.0
양파,2025-02-18,2613.0,2313.0
양파,2025-02-19,2613.0,2349.0
양파,2025-02-20,2777.0,2392.0
양파,2025-02-21,2777.0,2448.0
양파,2025-02-24,2777.0,2518.0
양파,2025-02-25,2777.0,2527.0
양파,2025-02-26,2777.0,2528.0
양파,2025-02-27,2837.0,2537.0
양파,2025-02-28,2583.0,2540.0
양파,2025-03-04,2583.0,2580.0
양파,2025-03-05,2583.0,2580.0
양파,2025-03-06,2257.0,2582.0
양파,2025-03-07,2257.0,2599.0
양파,2025-03-10,2257.0,2620.0
양파,2025-03-11,2780.0,2617.0
양파,2025-03-12,2827.0,2570.0
양파,2025-03-13,3447.0,2528.0
양파,2025-03-14,3447.0,2521.0
양파,2025-03-17,3223.0,2498.0
양파,2025-03-18,3223.0,2546.0
양파,2025-03-19,3223.0,2581.0
양파,2025-03-20,3320.0,2604.0
양파,2025-03-21,3320.0,2604.0
양파,2025-03-24,3320.0,2616.0
양파,2025-03-25,3320.0,2636.0
양파,2025-03-26,3320.0,2658.0
양파,2025-03-27,3420.0,2685.0
양파,2025-03-28,3420.0,2710.0
양파,2025-03-31,3420.0,2702.0
양파,2025-04-01,3420.0,2694.0
양파,2025-04-02,3420.0,2445.0
양파,2025-04-03,3433.0,2436.0
양파,2025-04-04,3433.0,2547.0
양파,2025-04-07,3433.0,2518.0
양파,2025-04-08,3433.0,2511.0
양파,2025-04-09,3433.0,2504.0
양파,2025-04-10,2760.0,2500.0
양파,2025-04-11,2760.0,2499.0
양파,2025-04-14,2760.0,2518.0
양파,2025-04-15,2760.0,2501.0
양파,2025-04-16,2760.0,2513.0
양파,2025-04-21,3487.0,2192.0
양파,2025-04-22,3487.0,2197.0
양파,2025-04-23,3457.0,2254.0
양파,2025-04-24,3457.0,2310.0
양파,2025-04-25,3457.0,2364.0
양파,2025-04-28,3457.0,2452.0
양파,2025-04-29,3457.0,2386.0
양파,2025-04-30,3457.0,2311.0
양파,2025-05-02,1970.0,2252.0
양파,2025-05-07,1927.0,2132.0
양파,2025-05-08,2540.0,2110.0
양파,2025-05-09,2483.0,2116.0
양파,2025-05-12,2483.0,2097.0
양파,2025-05-13,2483.0,2070.0
양파,2025-05-14,2483.0,2046.0
양파,2025-05-15,2397.0,2035.0
양파,2025-05-16,2397.0,2026.0
양파,2025-05-19,2397.0,1968.0
양파,2025-05-20,2397.0,1961.0
양파,2025-05-21,2323.0,1962.0
양파,2025-05-22,1797.0,1967.0
양파,2025-05-23,1797.0,1981.0
양파,2025-05-26,1740.0,2023.0
양파,2025-05-27,1740.0,2037.0
양파,2025-05-28,1740.0,2062.0
양파,2025-05-29,1737.0,2083.0
양파,2025-05-30,1737.0,2101.0
양파,2025-06-02,1737.0,2132.0
양파,2025-06-04,1737.0,2118.0
양파,2025-06-05,1840.0,2093.0
양파,2025-06-09,1840.0,2077.0
양파,2025-06-10,1840.0,2087.0
양파,2025-06-11,1840.0,2064.0
양파,2025-06-12,1840.0,2080.0
양파,2025-06-13,1840.0,2093.0
양파,2025-06-16,1840.0,2129.0
양파,2025-06-17,1840.0,2129.0
양파,2025-06-18,1840.0,2129.0
양파,2025-06-19,1907.0,2126.0
양파,2025-06-20,1907.0,2123.0
양파,2025-06-23,1907.0,2140.0
양파,2025-06-24,1907.0,2147.0
양파,2025-06-25,1907.0,2147.0
양파,2025-06-26,1840.0,2142.0
양파,2025-06-27,1840.0,2138.0
양파,2025-06-30,1967.0,2098.0
양파,2025-07-01,1967.0,2087.0
양파,2025-07-02,1967.0,2070.0
양파,2025-07-03,1737.0,2058.0
양파,2025-07-04,1737.0,2048.0
양파,2025-07-07,1933.0,2060.0
양파,2025-07-08,1933.0,2064.0
양파,2025-07-09,1943.0,2061.0
양파,2025-07-10,1943.0,2055.0
양파,2025-07-11,1943.0,2054.0
양파,2025-07-14,1943.0,2060.0
양파,2025-07-15,1943.0,2067.0
양파,2025-07-16,1943.0,2069.0
양파,2025-07-17,1473.0,2071.0
양파,2025-07-18,1473.0,2072.0
양파,2025-07-21,1473.0,2066.0
양파,2025-07-22,1473.0,2063.0
양파,2025-07-23,1473.0,2059.0
양파,2025-07-24,1937.0,2054.0
양파,2025-07-25,1937.0,2054.0
양파,2025-07-28,1937.0,2059.0
양파,2025-07-29,1937.0,2081.0
양파,2025-07-30,1937.0,2085.0
양파,2025-07-31,2120.0,2091.0
양파,2025-08-01,2120.0,2098.0
양파,2025-08-04,2120.0,2093.0
양파,2025-08-05,2137.0,2099.0
양파,2025-08-06,2137.0,2108.0
양파,2025-08-07,2177.0,2118.0
양파,2025-08-08,2207.0,2123.0
양파,2025-08-11,2207.0,2123.0
양파,2025-08-12,2207.0,2120.0
양파,2025-08-13,2207.0,2113.0
양파,2025-08-14,2483.0,2107.0
양파,2025-08-18,2040.0,2114.0
양파,2025-08-19,2040.0,2120.0
양파,2025-08-20,2040.0,2123.0
양파,2025-08-21,2173.0,2130.0
양파,2025-08-22,2173.0,2127.0
양파,2025-08-25,2173.0,2115.0
양파,2025-08-26,2173.0,2107.0
양파,2025-08-27,2173.0,2108.0
양파,2025-08-28,2173.0,2106.0
양파,2025-08-29,2173.0,2113.0
양파,2025-09-01,2173.0,2145.0
양파,2025-09-02,2173.0,2160.0
양파,2025-09-03,2173.0,2186.0
양파,2025-09-04,2117.0,2209.0
양파,2025-09-05,2080.0,2226.0
양파,2025-09-08,2080.0,2251.0
양파,2025-09-09,2450.0,2255.0
양파,2025-09-10,2450.0,2237.0
양파,2025-09-11,1687.0,2221.0
양파,2025-09-12,1687.0,2218.0
양파,2025-09-15,2040.0,2196.0
양파,2025-09-16,2353.0,2196.0
양파,2025-09-17,2347.0,2196.0
양파,2025-09-18,2160.0,2210.0
양파,2025-09-19,2160.0,2222.0
양파,2025-09-22,2160.0,2275.0
양파,2025-09-23,1977.0,2290.0
양파,2025-09-24,1977.0,2297.0
양파,2025-09-25,1647.0,2288.0
양파,2025-09-26,1647.0,2295.0
양파,2025-09-29,1890.0,2291.0
양파,2025-09-30,1890.0,2291.0
양파,2025-10-01,1890.0,2290.0
양파,2025-10-02,1890.0,2290.0
양파,2025-10-10,1837.0,2285.0
양파,2025-10-13,1837.0,2307.0
양파,2025-10-14,2207.0,2323.0
양파,2025-10-15,2207.0,2325.0
양파,2025-10-16,2207.0,2325.0
양파,2025-10-17,2020.0,2322.0
양파,2025-10-20,2207.0,2310.0
양파,2025-10-21,2207.0,2308.0
양파,2025-10-22,2207.0,2314.0
양파,2025-10-23,1993.0,2321.0
양파,2025-10-24,1900.0,2330.0
양파,2025-10-27,1907.0,2351.0
양파,2025-10-28,2000.0,2354.0
양파,2025-10-29,2267.0,2343.0
양파,2025-10-30,1897.0,2332.0
양파,2025-10-31,1897.0,2320.0
양파,2025-11-03,1983.0,2266.0
양파,2025-11-04,1983.0,2250.0
양파,2025-11-05,1983.0,2227.0
양파,2025-11-06,1983.0,2207.0
양파,2025-11-07,1983.0,2188.0
양파,2025-11-10,1983.0,2189.0
양파,2025-11-11,1983.0,2200.0
양파,2025-11-12,1983.0,2205.0
양파,2025-11-13,1983.0,2209.0
양파,2025-11-14,1983.0,2216.0
양파,2025-11-17,1983.0,2240.0
양파,2025-11-18,1983.0,2247.0
양파,2025-11-19,1983.0,2258.0
양파,2025-11-20,1630.0,2275.0
양파,2025-11-21,1623.0,2288.0
양파,2025-11-24,1623.0,2312.0
양파,2025-11-25,1623.0,2314.0
양파,2025-11-26,1623.0,2314.0
양파,2025-11-27,1890.0,2314.0
양파,2025-11-28,1890.0,2328.0
양파,2025-12-01,1890.0,2370.0
양파,2025-12-02,1890.0,2370.0
양파,2025-12-03,1890.0,2382.0
양파,2025-12-04,2073.0,2399.0
양파,2025-12-08,2073.0,2471.0
양파,2025-12-09,2073.0,2484.0
양파,2025-12-10,2073.0,2500.0
양파,2025-12-11,2073.0,2502.0
양파,2025-12-12,2073.0,2490.0
양파,2025-12-15,2073.0,2450.0
양파,2025-12-16,2073.0,2435.0
양파,2025-12-17,2073.0,2435.0
양파,2025-12-18,1617.0,2435.0
양파,2025-12-19,1617.0,2442.0
양파,2025-12-22,1617.0,2462.0
양파,2025-12-23,1617.0,2471.0
양파,2025-12-24,1733.0,2475.0
양파,2025-12-26,2087.0,2463.0
양파,2025-12-29,2160.0,2454.0
양파,2025-12-30,2160.0,2453.0
양파,2025-12-31,2347.0,2451.0
양파,2026-01-02,2260.0,2442.0
양파,2026-01-05,2260.0,2435.0
양파,2026-01-06,2260.0,2423.0
양파,2026-01-07,2260.0,2419.0
양파,2026-01-08,2300.0,2429.0
양파,2026-01-09,2150.0,2408.0
양파,2026-01-12,2150.0,2365.0
양파,2026-01-13,2300.0,2376.0
양파,2026-01-14,2300.0,2408.0
양파,2026-01-15,2260.0,2466.0
양파,2026-01-16,2260.0,2506.0
양파,2026-01-19,2253.0,2614.0
양파,2026-01-20,2253.0,2636.0
양파,2026-01-21,2253.0,2662.0
양파,2026-01-22,2253.0,2667.0
양파,2026-01-23,2180.0,2689.0
양파,2026-01-26,2180.0,2718.0
양파,2026-01-27,2253.0,2721.0
양파,2026-01-28,2253.0,2717.0
양파,2026-01-29,2253.0,2719.0
양파,2026-01-30,2253.0,2708.0
양파,2026-02-02,2253.0,2678.0
양파,2026-02-03,2253.0,2666.0
양파,2026-02-04,2253.0,2687.0
양파,2026-02-05,2120.0,2697.0
양파,2026-02-06,2253.0,2698.0
양파,2026-02-09,2253.0,2505.0
양파,2026-02-10,2253.0,2516.0
양파,2026-02-11,2253.0,2519.0
양파,2026-02-12,1977.0,2520.0
양파,2026-02-13,1977.0,2514.0
양파,2026-02-19,2517.0,2546.0
양파,2026-02-20,2517.0,2589.0
양파,2026-02-23,2517.0,2714.0
양파,2026-02-24,2333.0,2714.0
양파,2026-02-25,2333.0,2729.0
양파,2026-02-26,2333.0,2714.0
양파,2026-02-27,2333.0,2708.0
양파,2026-03-03,2333.0,2688.0
양파,2026-03-04,2333.0,2668.0
양파,2026-03-05,2333.0,2641.0
양파,2026-03-06,2333.0,2632.0
양파,2026-03-09,2333.0,2727.0
양파,2026-03-10,2333.0,2774.0
양파,2026-03-11,2333.0,2826.0
양파,2026-03-12,2333.0,2852.0
양파,2026-03-13,2333.0,2878.0
양파,2026-03-16,2330.0,2908.0
양파,2026-03-17,2330.0,2899.0
양파,2026-03-18,2290.0,2919.0
양파,2026-03-19,2177.0,2925.0
양파,2026-03-20,2177.0,2947.0
양파,2026-03-23,2150.0,2969.0
양파,2026-03-24,2150.0,2965.0
양파,2026-03-25,2150.0,2983.0
양파,2026-03-26,1973.0,3012.0
양파,2026-03-27,1917.0,3035.0
양파,2026-03-30,1917.0,3067.0
양파,2026-03-31,1917.0,3071.0
양파,2026-04-01,1917.0,3076.0
양파,2026-04-02,1917.0,3118.0
양파,2026-04-03,1917.0,3115.0
양파,2026-04-06,1917.0,2962.0
양파,2026-04-07,1815.0,2949.0
양파,2026-04-08,1815.0,2902.0
양파,2026-04-09,2370.0,2856.0
양파,2026-04-10,1955.0,2824.0
양파,2026-04-13,1955.0,2826.0
양파,2026-04-14,1955.0,2825.0
양파,2026-04-15,1955.0,2846.0
양파,2026-04-16,1780.0,2867.0
양파,2026-04-17,1780.0,2949.0
양파,2026-04-20,2273.0,2520.0
양파,2026-04-21,2273.0,2469.0
양파,2026-04-22,2273.0,2445.0
양파,2026-04-23,2050.0,2486.0
양파,2026-04-24,2050.0,2552.0
양파,2026-04-27,2050.0,2677.0
양파,2026-04-28,2050.0,2714.0
양파,2026-04-29,2050.0,2574.0
양파,2026-04-30,2033.0,2441.0
양파,2026-05-04,2033.0,2238.0
양파,2026-05-06,2370.0,2246.0
양파,2026-05-07,2237.0,2235.0
양파,2026-05-08,2237.0,2180.0
양파,2026-05-11,2237.0,2214.0
양파,2026-05-12,2223.0,2210.0
양파,2026-05-13,2203.0,2193.0
양파,2026-05-14,2313.0,2181.0
양파,2026-05-15,2313.0,2182.0
양파,2026-05-18,2313.0,2129.0
양파,2026-05-19,2313.0,2113.0
양파,2026-05-20,2313.0,2064.0
양파,2026-05-21,1980.0,2018.0
양파,2026-05-22,1980.0,1972.0
양파,2026-05-26,1980.0,1955.0
양파,2026-05-27,1980.0,1971.0
양파,2026-05-28,2203.0,1997.0
양파,2026-05-29,2203.0,2014.0
양파,2026-06-01,1980.0,2063.0
양파,2026-06-02,1980.0,2059.0
양파,2026-06-04,2070.0,2043.0
양파,2026-06-05,2070.0,2046.0
양파,2026-06-08,2070.0,2067.0
양파,2026-06-09,1980.0,2090.0
양파,2026-06-10,1980.0,2122.0
양파,2026-06-11,2070.0,2100.0
양파,2026-06-12,2070.0,2097.0
양파,2026-06-15,2070.0,2077.0
양파,2026-06-16,2070.0,2080.0
양파,2026-06-17,2047.0,2081.0
양파,2026-06-18,2047.0,2081.0
양파,2026-06-19,1957.0,2077.0
양파,2026-06-22,1957.0,2083.0
양파,2026-06-23,1957.0,2093.0
양파,2026-06-24,1957.0,2104.0
양파,2026-06-25,1957.0,2111.0
양파,2026-06-26,1957.0,2119.0
양파,2026-06-29,2047.0,2117.0
양파,2026-06-30,2047.0,2103.0
양파,2026-07-01,2047.0,2079.0
양파,2026-07-02,2047.0,2050.0
양파,2026-07-03,2047.0,2035.0
양파,2026-07-06,2047.0,2022.0
양파,2026-07-07,2057.0,2033.0
양파,2026-07-08,2013.0,2050.0
양파,2026-07-09,1460.0,2061.0
양파,2026-07-10,1460.0,2055.0
양파,2026-07-13,1460.0,2053.0
양파,2026-07-14,1460.0,2059.0
양파,2026-07-15,1460.0,2041.0
양파,2026-07-16,1360.0,2023.0
양파,2026-07-20,1234.0,1994.0
양파,2026-07-21,1234.0,1980.0
양파,2026-07-22,1234.0,1997.0
양파,2026-07-23,1234.0,2007.0
양파,2026-07-24,1377.0,2016.0
양파,2026-07-27,1377.0,2046.0
양파,2026-07-28,1400.0,2059.0
양파,2026-07-29,1400.0,2084.0
양파,2026-07-30,1407.0,2094.0
양파,2026-07-31,1440.0,2108.0
양파,2026-08-03,1483.0,2128.0
양파,2026-08-04,1483.0,2134.0
양파,2026-08-05,1483.0,2145.0
양파,2026-08-06,1780.0,2159.0
양파,2026-08-07,1623.0,2174.0
양파,2026-08-10,1623.0,2191.0
양파,2026-08-11,1347.0,2183.0
양파,2026-08-12,1347.0,2175.0
양파,2026-08-13,2003.0,2155.0
양파,2026-08-14,1683.0,2137.0
양파,2026-08-18,2103.0,2145.0
양파,2026-08-19,2103.0,2153.0
양파,2026-08-20,2113.0,2145.0
양파,2026-08-21,2113.0,2162.0
양파,2026-08-24,1907.0,2173.0
양파,2026-08-25,1913.0,2174.0
양파,2026-08-26,1913.0,2174.0
양파,2026-08-27,1913.0,2182.0
양파,2026-08-28,1913.0,2186.0
양파,2026-08-31,1913.0,2218.0
양파,2026-09-01,1913.0,2220.0
양파,2026-09-02,1913.0,2226.0
양파,2026-09-03,1623.0,2239.0
양파,2026-09-04,1623.0,2249.0
양파,2026-09-07,1623.0,2290.0
양파,2026-09-08,1623.0,2309.0
양파,2026-09-09,1623.0,2289.0
양파,2026-09-10,1473.0,2252.0
양파,2026-09-11,1390.0,2233.0
양파,2026-09-14,1390.0,2182.0
양파,2026-09-15,1470.0,2201.0
양파,2026-09-16,1470.0,2223.0
양파,2026-09-17,1797.0,2246.0
양파,2026-09-18,1797.0,2251.0
